ISO-10303-21;
HEADER;
FILE_DESCRIPTION(('FreeCAD Model'),'2;1');
FILE_NAME('Open CASCADE Shape Model','2025-07-29T20:52:48',(''),(''),
  'Open CASCADE STEP processor 7.8','FreeCAD','Unknown');
FILE_SCHEMA(('AUTOMOTIVE_DESIGN { 1 0 10303 214 1 1 1 1 }'));
ENDSEC;
DATA;
#1 = APPLICATION_PROTOCOL_DEFINITION('international standard',
  'automotive_design',2000,#2);
#2 = APPLICATION_CONTEXT(
  'core data for automotive mechanical design processes');
#3 = SHAPE_DEFINITION_REPRESENTATION(#4,#10);
#4 = PRODUCT_DEFINITION_SHAPE('','',#5);
#5 = PRODUCT_DEFINITION('design','',#6,#9);
#6 = PRODUCT_DEFINITION_FORMATION('','',#7);
#7 = PRODUCT('top-stick-print','top-stick-print','',(#8));
#8 = PRODUCT_CONTEXT('',#2,'mechanical');
#9 = PRODUCT_DEFINITION_CONTEXT('part definition',#2,'design');
#10 = SHAPE_REPRESENTATION('',(#11,#15),#19);
#11 = AXIS2_PLACEMENT_3D('',#12,#13,#14);
#12 = CARTESIAN_POINT('',(0.,0.,0.));
#13 = DIRECTION('',(0.,0.,1.));
#14 = DIRECTION('',(1.,0.,-0.));
#15 = AXIS2_PLACEMENT_3D('',#16,#17,#18);
#16 = CARTESIAN_POINT('',(0.,0.,0.));
#17 = DIRECTION('',(1.224646799147E-16,0.,-1.));
#18 = DIRECTION('',(-1.,0.,-1.224646799147E-16));
#19 = ( GEOMETRIC_REPRESENTATION_CONTEXT(3) 
GLOBAL_UNCERTAINTY_ASSIGNED_CONTEXT((#23)) GLOBAL_UNIT_ASSIGNED_CONTEXT(
(#20,#21,#22)) REPRESENTATION_CONTEXT('Context #1',
  '3D Context with UNIT and UNCERTAINTY') );
#20 = ( LENGTH_UNIT() NAMED_UNIT(*) SI_UNIT(.MILLI.,.METRE.) );
#21 = ( NAMED_UNIT(*) PLANE_ANGLE_UNIT() SI_UNIT($,.RADIAN.) );
#22 = ( NAMED_UNIT(*) SI_UNIT($,.STERADIAN.) SOLID_ANGLE_UNIT() );
#23 = UNCERTAINTY_MEASURE_WITH_UNIT(LENGTH_MEASURE(2.E-04),#20,
  'distance_accuracy_value','confusion accuracy');
#24 = PRODUCT_RELATED_PRODUCT_CATEGORY('part',$,(#7));
#25 = SHAPE_DEFINITION_REPRESENTATION(#26,#32);
#26 = PRODUCT_DEFINITION_SHAPE('','',#27);
#27 = PRODUCT_DEFINITION('design','',#28,#31);
#28 = PRODUCT_DEFINITION_FORMATION('','',#29);
#29 = PRODUCT('top-stick','top-stick','',(#30));
#30 = PRODUCT_CONTEXT('',#2,'mechanical');
#31 = PRODUCT_DEFINITION_CONTEXT('part definition',#2,'design');
#32 = SHAPE_REPRESENTATION('',(#11,#33,#37,#41,#45,#49),#53);
#33 = AXIS2_PLACEMENT_3D('',#34,#35,#36);
#34 = CARTESIAN_POINT('',(9.35,-37.5,7.5));
#35 = DIRECTION('',(0.,0.,1.));
#36 = DIRECTION('',(1.,0.,0.));
#37 = AXIS2_PLACEMENT_3D('',#38,#39,#40);
#38 = CARTESIAN_POINT('',(31.794,-18.09,7.5));
#39 = DIRECTION('',(0.,0.,1.));
#40 = DIRECTION('',(1.,0.,0.));
#41 = AXIS2_PLACEMENT_3D('',#42,#43,#44);
#42 = CARTESIAN_POINT('',(52.849990844727,-15.09,7.5));
#43 = DIRECTION('',(0.,0.,1.));
#44 = DIRECTION('',(1.,0.,0.));
#45 = AXIS2_PLACEMENT_3D('',#46,#47,#48);
#46 = CARTESIAN_POINT('',(73.75,-24.42,7.5));
#47 = DIRECTION('',(0.,0.,1.));
#48 = DIRECTION('',(1.,0.,0.));
#49 = AXIS2_PLACEMENT_3D('',#50,#51,#52);
#50 = CARTESIAN_POINT('',(0.,0.,0.));
#51 = DIRECTION('',(0.,0.,1.));
#52 = DIRECTION('',(1.,0.,0.));
#53 = ( GEOMETRIC_REPRESENTATION_CONTEXT(3) 
GLOBAL_UNCERTAINTY_ASSIGNED_CONTEXT((#57)) GLOBAL_UNIT_ASSIGNED_CONTEXT(
(#54,#55,#56)) REPRESENTATION_CONTEXT('Context #1',
  '3D Context with UNIT and UNCERTAINTY') );
#54 = ( LENGTH_UNIT() NAMED_UNIT(*) SI_UNIT(.MILLI.,.METRE.) );
#55 = ( NAMED_UNIT(*) PLANE_ANGLE_UNIT() SI_UNIT($,.RADIAN.) );
#56 = ( NAMED_UNIT(*) SI_UNIT($,.STERADIAN.) SOLID_ANGLE_UNIT() );
#57 = UNCERTAINTY_MEASURE_WITH_UNIT(LENGTH_MEASURE(2.E-04),#54,
  'distance_accuracy_value','confusion accuracy');
#58 = CONTEXT_DEPENDENT_SHAPE_REPRESENTATION(#59,#61);
#59 = ( REPRESENTATION_RELATIONSHIP('','',#32,#10) 
REPRESENTATION_RELATIONSHIP_WITH_TRANSFORMATION(#60) 
SHAPE_REPRESENTATION_RELATIONSHIP() );
#60 = ITEM_DEFINED_TRANSFORMATION('','',#11,#15);
#61 = PRODUCT_DEFINITION_SHAPE('Placement','Placement of an item',#62);
#62 = NEXT_ASSEMBLY_USAGE_OCCURRENCE('6','top-stick-print2','',#5,#27,$
  );
#63 = PRODUCT_RELATED_PRODUCT_CATEGORY('part',$,(#29));
#64 = SHAPE_DEFINITION_REPRESENTATION(#65,#71);
#65 = PRODUCT_DEFINITION_SHAPE('','',#66);
#66 = PRODUCT_DEFINITION('design','',#67,#70);
#67 = PRODUCT_DEFINITION_FORMATION('','',#68);
#68 = PRODUCT('stick-recess','stick-recess','',(#69));
#69 = PRODUCT_CONTEXT('',#2,'mechanical');
#70 = PRODUCT_DEFINITION_CONTEXT('part definition',#2,'design');
#71 = ADVANCED_BREP_SHAPE_REPRESENTATION('',(#11,#72),#165);
#72 = MANIFOLD_SOLID_BREP('',#73);
#73 = CLOSED_SHELL('',(#74,#102,#127,#147));
#74 = ADVANCED_FACE('',(#75,#86),#97,.T.);
#75 = FACE_BOUND('',#76,.F.);
#76 = EDGE_LOOP('',(#77));
#77 = ORIENTED_EDGE('',*,*,#78,.T.);
#78 = EDGE_CURVE('',#79,#79,#81,.T.);
#79 = VERTEX_POINT('',#80);
#80 = CARTESIAN_POINT('',(3.162277660168,0.,1.5));
#81 = CIRCLE('',#82,3.162277660168);
#82 = AXIS2_PLACEMENT_3D('',#83,#84,#85);
#83 = CARTESIAN_POINT('',(0.,6.7E-16,1.5));
#84 = DIRECTION('',(0.,-4.4E-16,-1.));
#85 = DIRECTION('',(1.,0.,0.));
#86 = FACE_BOUND('',#87,.F.);
#87 = EDGE_LOOP('',(#88));
#88 = ORIENTED_EDGE('',*,*,#89,.F.);
#89 = EDGE_CURVE('',#90,#90,#92,.T.);
#90 = VERTEX_POINT('',#91);
#91 = CARTESIAN_POINT('',(7.,0.,1.5));
#92 = CIRCLE('',#93,7.);
#93 = AXIS2_PLACEMENT_3D('',#94,#95,#96);
#94 = CARTESIAN_POINT('',(0.,6.7E-16,1.5));
#95 = DIRECTION('',(0.,-4.4E-16,-1.));
#96 = DIRECTION('',(1.,0.,0.));
#97 = PLANE('',#98);
#98 = AXIS2_PLACEMENT_3D('',#99,#100,#101);
#99 = CARTESIAN_POINT('',(0.,6.7E-16,1.5));
#100 = DIRECTION('',(0.,-4.4E-16,-1.));
#101 = DIRECTION('',(1.,0.,-0.));
#102 = ADVANCED_FACE('',(#103),#122,.T.);
#103 = FACE_BOUND('',#104,.T.);
#104 = EDGE_LOOP('',(#105,#114,#120,#121));
#105 = ORIENTED_EDGE('',*,*,#106,.T.);
#106 = EDGE_CURVE('',#107,#107,#109,.T.);
#107 = VERTEX_POINT('',#108);
#108 = CARTESIAN_POINT('',(7.,0.,2.5));
#109 = CIRCLE('',#110,7.);
#110 = AXIS2_PLACEMENT_3D('',#111,#112,#113);
#111 = CARTESIAN_POINT('',(0.,1.11E-15,2.5));
#112 = DIRECTION('',(0.,-4.4E-16,-1.));
#113 = DIRECTION('',(1.,0.,0.));
#114 = ORIENTED_EDGE('',*,*,#115,.T.);
#115 = EDGE_CURVE('',#107,#90,#116,.T.);
#116 = LINE('',#117,#118);
#117 = CARTESIAN_POINT('',(7.,0.,2.5));
#118 = VECTOR('',#119,1.);
#119 = DIRECTION('',(0.,0.,-1.));
#120 = ORIENTED_EDGE('',*,*,#89,.F.);
#121 = ORIENTED_EDGE('',*,*,#115,.F.);
#122 = CYLINDRICAL_SURFACE('',#123,7.);
#123 = AXIS2_PLACEMENT_3D('',#124,#125,#126);
#124 = CARTESIAN_POINT('',(0.,1.11E-15,2.5));
#125 = DIRECTION('',(0.,-4.4E-16,-1.));
#126 = DIRECTION('',(1.,0.,0.));
#127 = ADVANCED_FACE('',(#128,#131),#142,.F.);
#128 = FACE_BOUND('',#129,.F.);
#129 = EDGE_LOOP('',(#130));
#130 = ORIENTED_EDGE('',*,*,#106,.T.);
#131 = FACE_BOUND('',#132,.F.);
#132 = EDGE_LOOP('',(#133));
#133 = ORIENTED_EDGE('',*,*,#134,.F.);
#134 = EDGE_CURVE('',#135,#135,#137,.T.);
#135 = VERTEX_POINT('',#136);
#136 = CARTESIAN_POINT('',(2.449489742783,0.,2.5));
#137 = CIRCLE('',#138,2.449489742783);
#138 = AXIS2_PLACEMENT_3D('',#139,#140,#141);
#139 = CARTESIAN_POINT('',(0.,1.11E-15,2.5));
#140 = DIRECTION('',(0.,-4.4E-16,-1.));
#141 = DIRECTION('',(1.,0.,0.));
#142 = PLANE('',#143);
#143 = AXIS2_PLACEMENT_3D('',#144,#145,#146);
#144 = CARTESIAN_POINT('',(0.,1.11E-15,2.5));
#145 = DIRECTION('',(0.,-4.4E-16,-1.));
#146 = DIRECTION('',(1.,0.,0.));
#147 = ADVANCED_FACE('',(#148),#160,.F.);
#148 = FACE_BOUND('',#149,.T.);
#149 = EDGE_LOOP('',(#150,#151,#158,#159));
#150 = ORIENTED_EDGE('',*,*,#78,.T.);
#151 = ORIENTED_EDGE('',*,*,#152,.T.);
#152 = EDGE_CURVE('',#79,#135,#153,.T.);
#153 = CIRCLE('',#154,3.5);
#154 = AXIS2_PLACEMENT_3D('',#155,#156,#157);
#155 = CARTESIAN_POINT('',(0.,0.,0.));
#156 = DIRECTION('',(0.,-1.,0.));
#157 = DIRECTION('',(1.,0.,0.));
#158 = ORIENTED_EDGE('',*,*,#134,.F.);
#159 = ORIENTED_EDGE('',*,*,#152,.F.);
#160 = SPHERICAL_SURFACE('',#161,3.5);
#161 = AXIS2_PLACEMENT_3D('',#162,#163,#164);
#162 = CARTESIAN_POINT('',(0.,0.,0.));
#163 = DIRECTION('',(0.,4.4E-16,1.));
#164 = DIRECTION('',(1.,0.,-0.));
#165 = ( GEOMETRIC_REPRESENTATION_CONTEXT(3) 
GLOBAL_UNCERTAINTY_ASSIGNED_CONTEXT((#169)) GLOBAL_UNIT_ASSIGNED_CONTEXT
((#166,#167,#168)) REPRESENTATION_CONTEXT('Context #1',
  '3D Context with UNIT and UNCERTAINTY') );
#166 = ( LENGTH_UNIT() NAMED_UNIT(*) SI_UNIT(.MILLI.,.METRE.) );
#167 = ( NAMED_UNIT(*) PLANE_ANGLE_UNIT() SI_UNIT($,.RADIAN.) );
#168 = ( NAMED_UNIT(*) SI_UNIT($,.STERADIAN.) SOLID_ANGLE_UNIT() );
#169 = UNCERTAINTY_MEASURE_WITH_UNIT(LENGTH_MEASURE(1.E-07),#166,
  'distance_accuracy_value','confusion accuracy');
#170 = CONTEXT_DEPENDENT_SHAPE_REPRESENTATION(#171,#173);
#171 = ( REPRESENTATION_RELATIONSHIP('','',#71,#32) 
REPRESENTATION_RELATIONSHIP_WITH_TRANSFORMATION(#172) 
SHAPE_REPRESENTATION_RELATIONSHIP() );
#172 = ITEM_DEFINED_TRANSFORMATION('','',#11,#33);
#173 = PRODUCT_DEFINITION_SHAPE('Placement','Placement of an item',#174
  );
#174 = NEXT_ASSEMBLY_USAGE_OCCURRENCE('1','stick-recess','',#27,#66,$);
#175 = PRODUCT_RELATED_PRODUCT_CATEGORY('part',$,(#68));
#176 = CONTEXT_DEPENDENT_SHAPE_REPRESENTATION(#177,#179);
#177 = ( REPRESENTATION_RELATIONSHIP('','',#71,#32) 
REPRESENTATION_RELATIONSHIP_WITH_TRANSFORMATION(#178) 
SHAPE_REPRESENTATION_RELATIONSHIP() );
#178 = ITEM_DEFINED_TRANSFORMATION('','',#11,#37);
#179 = PRODUCT_DEFINITION_SHAPE('Placement','Placement of an item',#180
  );
#180 = NEXT_ASSEMBLY_USAGE_OCCURRENCE('2','stick-recess001','',#27,#66,$
  );
#181 = CONTEXT_DEPENDENT_SHAPE_REPRESENTATION(#182,#184);
#182 = ( REPRESENTATION_RELATIONSHIP('','',#71,#32) 
REPRESENTATION_RELATIONSHIP_WITH_TRANSFORMATION(#183) 
SHAPE_REPRESENTATION_RELATIONSHIP() );
#183 = ITEM_DEFINED_TRANSFORMATION('','',#11,#41);
#184 = PRODUCT_DEFINITION_SHAPE('Placement','Placement of an item',#185
  );
#185 = NEXT_ASSEMBLY_USAGE_OCCURRENCE('3','stick-recess002','',#27,#66,$
  );
#186 = CONTEXT_DEPENDENT_SHAPE_REPRESENTATION(#187,#189);
#187 = ( REPRESENTATION_RELATIONSHIP('','',#71,#32) 
REPRESENTATION_RELATIONSHIP_WITH_TRANSFORMATION(#188) 
SHAPE_REPRESENTATION_RELATIONSHIP() );
#188 = ITEM_DEFINED_TRANSFORMATION('','',#11,#45);
#189 = PRODUCT_DEFINITION_SHAPE('Placement','Placement of an item',#190
  );
#190 = NEXT_ASSEMBLY_USAGE_OCCURRENCE('4','stick-recess003','',#27,#66,$
  );
#191 = SHAPE_DEFINITION_REPRESENTATION(#192,#198);
#192 = PRODUCT_DEFINITION_SHAPE('','',#193);
#193 = PRODUCT_DEFINITION('design','',#194,#197);
#194 = PRODUCT_DEFINITION_FORMATION('','',#195);
#195 = PRODUCT('top','top','',(#196));
#196 = PRODUCT_CONTEXT('',#2,'mechanical');
#197 = PRODUCT_DEFINITION_CONTEXT('part definition',#2,'design');
#198 = ADVANCED_BREP_SHAPE_REPRESENTATION('',(#11,#199),#5170);
#199 = MANIFOLD_SOLID_BREP('',#200);
#200 = CLOSED_SHELL('',(#201,#486,#512,#545,#570,#595,#620,#658,#696,
    #721,#746,#784,#822,#847,#872,#910,#948,#973,#998,#1036,#1074,#1099,
    #1124,#1162,#1200,#1225,#1250,#1280,#1305,#1330,#1355,#1380,#1406,
    #1431,#1562,#1586,#1610,#1634,#1659,#1684,#1708,#1732,#1757,#1782,
    #1806,#1830,#1855,#1880,#1904,#1928,#1953,#1978,#2002,#2026,#2072,
    #2097,#2255,#2279,#2297,#2613,#2630,#2783,#2808,#2834,#2859,#2885,
    #3084,#3109,#3134,#3175,#3201,#3226,#3251,#3269,#3293,#3343,#3368,
    #3394,#3419,#3445,#3471,#3496,#3521,#3562,#3588,#3613,#3638,#3664,
    #3705,#3730,#3755,#3773,#3795,#3812,#3837,#3854,#3985,#4002,#4019,
    #4036,#4053,#4070,#4087,#4104,#4121,#4138,#4155,#4172,#4189,#4206,
    #4223,#4322,#4339,#4356,#4373,#4390,#4407,#4424,#4441,#4453,#4478,
    #4503,#4528,#4553,#4570,#4587,#4604,#4621,#4638,#4655,#4672,#4684,
    #4701,#4718,#4735,#4747,#4765,#4782,#4799,#4816,#4828,#4845,#4862,
    #4879,#4891,#4908,#4925,#4942,#4954,#4974,#4994,#5014,#5034,#5059,
    #5084,#5109,#5134,#5143,#5152,#5161));
#201 = ADVANCED_FACE('',(#202,#213,#426,#437,#448,#459,#470),#481,.T.);
#202 = FACE_BOUND('',#203,.T.);
#203 = EDGE_LOOP('',(#204));
#204 = ORIENTED_EDGE('',*,*,#205,.F.);
#205 = EDGE_CURVE('',#206,#206,#208,.T.);
#206 = VERTEX_POINT('',#207);
#207 = CARTESIAN_POINT('',(18.899926,-1.519071,10.003));
#208 = CIRCLE('',#209,1.7);
#209 = AXIS2_PLACEMENT_3D('',#210,#211,#212);
#210 = CARTESIAN_POINT('',(17.199926,-1.519071,10.003));
#211 = DIRECTION('',(0.,-0.,1.));
#212 = DIRECTION('',(1.,1.7E-16,0.));
#213 = FACE_BOUND('',#214,.T.);
#214 = EDGE_LOOP('',(#215,#225,#233,#242,#250,#259,#267,#276,#284,#293,
    #301,#310,#318,#327,#335,#344,#352,#361,#369,#378,#386,#395,#403,
    #412,#420));
#215 = ORIENTED_EDGE('',*,*,#216,.T.);
#216 = EDGE_CURVE('',#217,#219,#221,.T.);
#217 = VERTEX_POINT('',#218);
#218 = CARTESIAN_POINT('',(21.831494903857,-33.2,10.003));
#219 = VERTEX_POINT('',#220);
#220 = CARTESIAN_POINT('',(65.91003199181,-33.2,10.003));
#221 = LINE('',#222,#223);
#222 = CARTESIAN_POINT('',(22.646443942425,-33.2,10.003));
#223 = VECTOR('',#224,1.);
#224 = DIRECTION('',(1.,0.,0.));
#225 = ORIENTED_EDGE('',*,*,#226,.T.);
#226 = EDGE_CURVE('',#219,#227,#229,.T.);
#227 = VERTEX_POINT('',#228);
#228 = CARTESIAN_POINT('',(70.540030719343,-39.3700409482,10.003));
#229 = LINE('',#230,#231);
#230 = CARTESIAN_POINT('',(66.510044716478,-33.99959051794,10.003));
#231 = VECTOR('',#232,1.);
#232 = DIRECTION('',(0.600204741026,-0.799846403286,0.));
#233 = ORIENTED_EDGE('',*,*,#234,.T.);
#234 = EDGE_CURVE('',#227,#235,#237,.T.);
#235 = VERTEX_POINT('',#236);
#236 = CARTESIAN_POINT('',(70.7,-39.45,10.003));
#237 = CIRCLE('',#238,0.2);
#238 = AXIS2_PLACEMENT_3D('',#239,#240,#241);
#239 = CARTESIAN_POINT('',(70.7,-39.25,10.003));
#240 = DIRECTION('',(0.,0.,1.));
#241 = DIRECTION('',(-0.799846403286,-0.600204741026,0.));
#242 = ORIENTED_EDGE('',*,*,#243,.T.);
#243 = EDGE_CURVE('',#235,#244,#246,.T.);
#244 = VERTEX_POINT('',#245);
#245 = CARTESIAN_POINT('',(76.9,-39.45,10.003));
#246 = LINE('',#247,#248);
#247 = CARTESIAN_POINT('',(70.7,-39.45,10.003));
#248 = VECTOR('',#249,1.);
#249 = DIRECTION('',(1.,0.,0.));
#250 = ORIENTED_EDGE('',*,*,#251,.T.);
#251 = EDGE_CURVE('',#244,#252,#254,.T.);
#252 = VERTEX_POINT('',#253);
#253 = CARTESIAN_POINT('',(77.043552686793,-39.38925740955,10.003));
#254 = CIRCLE('',#255,0.2);
#255 = AXIS2_PLACEMENT_3D('',#256,#257,#258);
#256 = CARTESIAN_POINT('',(76.9,-39.25,10.003));
#257 = DIRECTION('',(-0.,0.,1.));
#258 = DIRECTION('',(0.,-1.,0.));
#259 = ORIENTED_EDGE('',*,*,#260,.T.);
#260 = EDGE_CURVE('',#252,#261,#263,.T.);
#261 = VERTEX_POINT('',#262);
#262 = CARTESIAN_POINT('',(83.203552686793,-33.03925740955,10.003));
#263 = LINE('',#264,#265);
#264 = CARTESIAN_POINT('',(77.043552686793,-39.38925740955,10.003));
#265 = VECTOR('',#266,1.);
#266 = DIRECTION('',(0.69628704775,0.717763433963,0.));
#267 = ORIENTED_EDGE('',*,*,#268,.T.);
#268 = EDGE_CURVE('',#261,#269,#271,.T.);
#269 = VERTEX_POINT('',#270);
#270 = CARTESIAN_POINT('',(83.26,-32.9,10.003));
#271 = CIRCLE('',#272,0.2);
#272 = AXIS2_PLACEMENT_3D('',#273,#274,#275);
#273 = CARTESIAN_POINT('',(83.06,-32.9,10.003));
#274 = DIRECTION('',(-0.,0.,1.));
#275 = DIRECTION('',(0.717763433963,-0.69628704775,0.));
#276 = ORIENTED_EDGE('',*,*,#277,.T.);
#277 = EDGE_CURVE('',#269,#278,#280,.T.);
#278 = VERTEX_POINT('',#279);
#279 = CARTESIAN_POINT('',(83.26,-14.5,10.003));
#280 = LINE('',#281,#282);
#281 = CARTESIAN_POINT('',(83.26,-32.9,10.003));
#282 = VECTOR('',#283,1.);
#283 = DIRECTION('',(0.,1.,0.));
#284 = ORIENTED_EDGE('',*,*,#285,.T.);
#285 = EDGE_CURVE('',#278,#286,#288,.T.);
#286 = VERTEX_POINT('',#287);
#287 = CARTESIAN_POINT('',(83.224324121946,-14.38599305746,10.003));
#288 = CIRCLE('',#289,0.2);
#289 = AXIS2_PLACEMENT_3D('',#290,#291,#292);
#290 = CARTESIAN_POINT('',(83.06,-14.5,10.003));
#291 = DIRECTION('',(0.,0.,1.));
#292 = DIRECTION('',(1.,0.,0.));
#293 = ORIENTED_EDGE('',*,*,#294,.T.);
#294 = EDGE_CURVE('',#286,#295,#297,.T.);
#295 = VERTEX_POINT('',#296);
#296 = CARTESIAN_POINT('',(73.164324121946,0.114006942537,10.003));
#297 = LINE('',#298,#299);
#298 = CARTESIAN_POINT('',(83.224324121946,-14.38599305746,10.003));
#299 = VECTOR('',#300,1.);
#300 = DIRECTION('',(-0.570034712683,0.821620609732,0.));
#301 = ORIENTED_EDGE('',*,*,#302,.T.);
#302 = EDGE_CURVE('',#295,#303,#305,.T.);
#303 = VERTEX_POINT('',#304);
#304 = CARTESIAN_POINT('',(73.,0.2,10.003));
#305 = CIRCLE('',#306,0.2);
#306 = AXIS2_PLACEMENT_3D('',#307,#308,#309);
#307 = CARTESIAN_POINT('',(73.,0.,10.003));
#308 = DIRECTION('',(0.,-0.,1.));
#309 = DIRECTION('',(0.821620609732,0.570034712683,0.));
#310 = ORIENTED_EDGE('',*,*,#311,.T.);
#311 = EDGE_CURVE('',#303,#312,#314,.T.);
#312 = VERTEX_POINT('',#313);
#313 = CARTESIAN_POINT('',(1.7,0.2,10.003));
#314 = LINE('',#315,#316);
#315 = CARTESIAN_POINT('',(73.,0.2,10.003));
#316 = VECTOR('',#317,1.);
#317 = DIRECTION('',(-1.,0.,0.));
#318 = ORIENTED_EDGE('',*,*,#319,.T.);
#319 = EDGE_CURVE('',#312,#320,#322,.T.);
#320 = VERTEX_POINT('',#321);
#321 = CARTESIAN_POINT('',(1.549245454018,0.131427040086,10.003));
#322 = CIRCLE('',#323,0.2);
#323 = AXIS2_PLACEMENT_3D('',#324,#325,#326);
#324 = CARTESIAN_POINT('',(1.7,0.,10.003));
#325 = DIRECTION('',(0.,-0.,1.));
#326 = DIRECTION('',(0.,1.,0.));
#327 = ORIENTED_EDGE('',*,*,#328,.T.);
#328 = EDGE_CURVE('',#320,#329,#331,.T.);
#329 = VERTEX_POINT('',#330);
#330 = CARTESIAN_POINT('',(-0.150754545982,-1.818572959914,10.003));
#331 = LINE('',#332,#333);
#332 = CARTESIAN_POINT('',(1.549245454018,0.131427040086,10.003));
#333 = VECTOR('',#334,1.);
#334 = DIRECTION('',(-0.657135200432,-0.753772729908,0.));
#335 = ORIENTED_EDGE('',*,*,#336,.T.);
#336 = EDGE_CURVE('',#329,#337,#339,.T.);
#337 = VERTEX_POINT('',#338);
#338 = CARTESIAN_POINT('',(-0.2,-1.95,10.003));
#339 = CIRCLE('',#340,0.2);
#340 = AXIS2_PLACEMENT_3D('',#341,#342,#343);
#341 = CARTESIAN_POINT('',(0.,-1.95,10.003));
#342 = DIRECTION('',(0.,0.,1.));
#343 = DIRECTION('',(-0.753772729908,0.657135200432,0.));
#344 = ORIENTED_EDGE('',*,*,#345,.T.);
#345 = EDGE_CURVE('',#337,#346,#348,.T.);
#346 = VERTEX_POINT('',#347);
#347 = CARTESIAN_POINT('',(-0.2,-46.05,10.003));
#348 = LINE('',#349,#350);
#349 = CARTESIAN_POINT('',(-0.2,-1.95,10.003));
#350 = VECTOR('',#351,1.);
#351 = DIRECTION('',(0.,-1.,0.));
#352 = ORIENTED_EDGE('',*,*,#353,.T.);
#353 = EDGE_CURVE('',#346,#354,#356,.T.);
#354 = VERTEX_POINT('',#355);
#355 = CARTESIAN_POINT('',(-0.141992748637,-46.19084764582,10.003));
#356 = CIRCLE('',#357,0.2);
#357 = AXIS2_PLACEMENT_3D('',#358,#359,#360);
#358 = CARTESIAN_POINT('',(0.,-46.05,10.003));
#359 = DIRECTION('',(0.,0.,1.));
#360 = DIRECTION('',(-1.,0.,0.));
#361 = ORIENTED_EDGE('',*,*,#362,.T.);
#362 = EDGE_CURVE('',#354,#363,#365,.T.);
#363 = VERTEX_POINT('',#364);
#364 = CARTESIAN_POINT('',(6.008007251363,-52.39084764582,10.003));
#365 = LINE('',#366,#367);
#366 = CARTESIAN_POINT('',(-0.141992748637,-46.19084764582,10.003));
#367 = VECTOR('',#368,1.);
#368 = DIRECTION('',(0.704238229127,-0.709963743185,0.));
#369 = ORIENTED_EDGE('',*,*,#370,.T.);
#370 = EDGE_CURVE('',#363,#371,#373,.T.);
#371 = VERTEX_POINT('',#372);
#372 = CARTESIAN_POINT('',(6.149996062992,-52.44999999996,10.003));
#373 = CIRCLE('',#374,0.2);
#374 = AXIS2_PLACEMENT_3D('',#375,#376,#377);
#375 = CARTESIAN_POINT('',(6.15,-52.25,10.003));
#376 = DIRECTION('',(0.,0.,1.));
#377 = DIRECTION('',(-0.709963743185,-0.704238229127,0.));
#378 = ORIENTED_EDGE('',*,*,#379,.T.);
#379 = EDGE_CURVE('',#371,#380,#382,.T.);
#380 = VERTEX_POINT('',#381);
#381 = CARTESIAN_POINT('',(12.499996062992,-52.45012499996,10.003));
#382 = LINE('',#383,#384);
#383 = CARTESIAN_POINT('',(6.149996062992,-52.44999999996,10.003));
#384 = VECTOR('',#385,1.);
#385 = DIRECTION('',(0.999999999806,-1.96850393658E-05,0.));
#386 = ORIENTED_EDGE('',*,*,#387,.T.);
#387 = EDGE_CURVE('',#380,#388,#390,.T.);
#388 = VERTEX_POINT('',#389);
#389 = CARTESIAN_POINT('',(12.641651062136,-52.39131627662,10.003));
#390 = CIRCLE('',#391,0.2);
#391 = AXIS2_PLACEMENT_3D('',#392,#393,#394);
#392 = CARTESIAN_POINT('',(12.5,-52.250125,10.003));
#393 = DIRECTION('',(0.,0.,1.));
#394 = DIRECTION('',(-1.968503936502E-05,-0.999999999806,0.));
#395 = ORIENTED_EDGE('',*,*,#396,.T.);
#396 = EDGE_CURVE('',#388,#397,#399,.T.);
#397 = VERTEX_POINT('',#398);
#398 = CARTESIAN_POINT('',(18.821651062136,-46.19119127662,10.003));
#399 = LINE('',#400,#401);
#400 = CARTESIAN_POINT('',(12.641651062136,-52.39131627662,10.003));
#401 = VECTOR('',#402,1.);
#402 = DIRECTION('',(0.705956383138,0.70825531068,0.));
#403 = ORIENTED_EDGE('',*,*,#404,.T.);
#404 = EDGE_CURVE('',#397,#405,#407,.T.);
#405 = VERTEX_POINT('',#406);
#406 = CARTESIAN_POINT('',(18.88,-46.05,10.003));
#407 = CIRCLE('',#408,0.2);
#408 = AXIS2_PLACEMENT_3D('',#409,#410,#411);
#409 = CARTESIAN_POINT('',(18.68,-46.05,10.003));
#410 = DIRECTION('',(-0.,0.,1.));
#411 = DIRECTION('',(0.70825531068,-0.705956383138,0.));
#412 = ORIENTED_EDGE('',*,*,#413,.T.);
#413 = EDGE_CURVE('',#405,#414,#416,.T.);
#414 = VERTEX_POINT('',#415);
#415 = CARTESIAN_POINT('',(18.88,-36.08419697445,10.003));
#416 = LINE('',#417,#418);
#417 = CARTESIAN_POINT('',(18.88,-46.05,10.003));
#418 = VECTOR('',#419,1.);
#419 = DIRECTION('',(0.,1.,0.));
#420 = ORIENTED_EDGE('',*,*,#421,.T.);
#421 = EDGE_CURVE('',#414,#217,#422,.T.);
#422 = LINE('',#423,#424);
#423 = CARTESIAN_POINT('',(19.482188269835,-35.49573938178,10.003));
#424 = VECTOR('',#425,1.);
#425 = DIRECTION('',(0.715213668601,0.698905865082,0.));
#426 = FACE_BOUND('',#427,.T.);
#427 = EDGE_LOOP('',(#428));
#428 = ORIENTED_EDGE('',*,*,#429,.F.);
#429 = EDGE_CURVE('',#430,#430,#432,.T.);
#430 = VERTEX_POINT('',#431);
#431 = CARTESIAN_POINT('',(16.3,-37.5,10.003));
#432 = CIRCLE('',#433,6.95);
#433 = AXIS2_PLACEMENT_3D('',#434,#435,#436);
#434 = CARTESIAN_POINT('',(9.35,-37.5,10.003));
#435 = DIRECTION('',(0.,0.,1.));
#436 = DIRECTION('',(1.,0.,0.));
#437 = FACE_BOUND('',#438,.T.);
#438 = EDGE_LOOP('',(#439));
#439 = ORIENTED_EDGE('',*,*,#440,.F.);
#440 = EDGE_CURVE('',#441,#441,#443,.T.);
#441 = VERTEX_POINT('',#442);
#442 = CARTESIAN_POINT('',(80.7,-24.42,10.003));
#443 = CIRCLE('',#444,6.95);
#444 = AXIS2_PLACEMENT_3D('',#445,#446,#447);
#445 = CARTESIAN_POINT('',(73.75,-24.42,10.003));
#446 = DIRECTION('',(0.,0.,1.));
#447 = DIRECTION('',(1.,0.,0.));
#448 = FACE_BOUND('',#449,.T.);
#449 = EDGE_LOOP('',(#450));
#450 = ORIENTED_EDGE('',*,*,#451,.F.);
#451 = EDGE_CURVE('',#452,#452,#454,.T.);
#452 = VERTEX_POINT('',#453);
#453 = CARTESIAN_POINT('',(38.7437,-18.09,10.003));
#454 = CIRCLE('',#455,6.95);
#455 = AXIS2_PLACEMENT_3D('',#456,#457,#458);
#456 = CARTESIAN_POINT('',(31.7937,-18.09,10.003));
#457 = DIRECTION('',(0.,0.,1.));
#458 = DIRECTION('',(1.,0.,0.));
#459 = FACE_BOUND('',#460,.T.);
#460 = EDGE_LOOP('',(#461));
#461 = ORIENTED_EDGE('',*,*,#462,.F.);
#462 = EDGE_CURVE('',#463,#463,#465,.T.);
#463 = VERTEX_POINT('',#464);
#464 = CARTESIAN_POINT('',(59.8,-15.09,10.003));
#465 = CIRCLE('',#466,6.95);
#466 = AXIS2_PLACEMENT_3D('',#467,#468,#469);
#467 = CARTESIAN_POINT('',(52.85,-15.09,10.003));
#468 = DIRECTION('',(0.,0.,1.));
#469 = DIRECTION('',(1.,0.,0.));
#470 = FACE_BOUND('',#471,.T.);
#471 = EDGE_LOOP('',(#472));
#472 = ORIENTED_EDGE('',*,*,#473,.F.);
#473 = EDGE_CURVE('',#474,#474,#476,.T.);
#474 = VERTEX_POINT('',#475);
#475 = CARTESIAN_POINT('',(7.042341,-1.517642,10.003));
#476 = CIRCLE('',#477,1.7);
#477 = AXIS2_PLACEMENT_3D('',#478,#479,#480);
#478 = CARTESIAN_POINT('',(5.342341,-1.517642,10.003));
#479 = DIRECTION('',(-0.,0.,1.));
#480 = DIRECTION('',(1.,-1.02E-15,0.));
#481 = PLANE('',#482);
#482 = AXIS2_PLACEMENT_3D('',#483,#484,#485);
#483 = CARTESIAN_POINT('',(37.549030748326,-22.17427246828,10.003));
#484 = DIRECTION('',(0.,0.,1.));
#485 = DIRECTION('',(1.,0.,0.));
#486 = ADVANCED_FACE('',(#487),#507,.T.);
#487 = FACE_BOUND('',#488,.T.);
#488 = EDGE_LOOP('',(#489,#498,#499,#500));
#489 = ORIENTED_EDGE('',*,*,#490,.F.);
#490 = EDGE_CURVE('',#206,#491,#493,.T.);
#491 = VERTEX_POINT('',#492);
#492 = CARTESIAN_POINT('',(18.499926,-1.519071,9.603));
#493 = CIRCLE('',#494,0.4);
#494 = AXIS2_PLACEMENT_3D('',#495,#496,#497);
#495 = CARTESIAN_POINT('',(18.899926,-1.519071,9.603));
#496 = DIRECTION('',(1.7E-16,-1.,0.));
#497 = DIRECTION('',(1.,1.7E-16,0.));
#498 = ORIENTED_EDGE('',*,*,#205,.T.);
#499 = ORIENTED_EDGE('',*,*,#490,.T.);
#500 = ORIENTED_EDGE('',*,*,#501,.F.);
#501 = EDGE_CURVE('',#491,#491,#502,.T.);
#502 = CIRCLE('',#503,1.3);
#503 = AXIS2_PLACEMENT_3D('',#504,#505,#506);
#504 = CARTESIAN_POINT('',(17.199926,-1.519071,9.603));
#505 = DIRECTION('',(0.,-0.,1.));
#506 = DIRECTION('',(1.,1.7E-16,0.));
#507 = TOROIDAL_SURFACE('',#508,1.7,0.4);
#508 = AXIS2_PLACEMENT_3D('',#509,#510,#511);
#509 = CARTESIAN_POINT('',(17.199926,-1.519071,9.603));
#510 = DIRECTION('',(0.,0.,1.));
#511 = DIRECTION('',(1.,1.7E-16,-0.));
#512 = ADVANCED_FACE('',(#513),#540,.T.);
#513 = FACE_BOUND('',#514,.T.);
#514 = EDGE_LOOP('',(#515,#524,#532,#539));
#515 = ORIENTED_EDGE('',*,*,#516,.T.);
#516 = EDGE_CURVE('',#217,#517,#519,.T.);
#517 = VERTEX_POINT('',#518);
#518 = CARTESIAN_POINT('',(22.646443942425,-35.2,8.003));
#519 = ELLIPSE('',#520,2.159662458687,2.);
#520 = AXIS2_PLACEMENT_3D('',#521,#522,#523);
#521 = CARTESIAN_POINT('',(21.831494903857,-33.2,8.003));
#522 = DIRECTION('',(0.926070642176,0.377350189744,0.));
#523 = DIRECTION('',(0.377350189744,-0.926070642176,0.));
#524 = ORIENTED_EDGE('',*,*,#525,.T.);
#525 = EDGE_CURVE('',#517,#526,#528,.T.);
#526 = VERTEX_POINT('',#527);
#527 = CARTESIAN_POINT('',(64.910351909905,-35.2,8.003));
#528 = LINE('',#529,#530);
#529 = CARTESIAN_POINT('',(22.646443942425,-35.2,8.003));
#530 = VECTOR('',#531,1.);
#531 = DIRECTION('',(1.,0.,0.));
#532 = ORIENTED_EDGE('',*,*,#533,.F.);
#533 = EDGE_CURVE('',#219,#526,#534,.T.);
#534 = ELLIPSE('',#535,2.235924924088,2.);
#535 = AXIS2_PLACEMENT_3D('',#536,#537,#538);
#536 = CARTESIAN_POINT('',(65.91003199181,-33.2,8.003));
#537 = DIRECTION('',(0.894484416026,-0.447099127137,0.));
#538 = DIRECTION('',(0.447099127137,0.894484416026,0.));
#539 = ORIENTED_EDGE('',*,*,#216,.F.);
#540 = CYLINDRICAL_SURFACE('',#541,2.);
#541 = AXIS2_PLACEMENT_3D('',#542,#543,#544);
#542 = CARTESIAN_POINT('',(22.646443942425,-33.2,8.003));
#543 = DIRECTION('',(1.,0.,0.));
#544 = DIRECTION('',(0.,0.,1.));
#545 = ADVANCED_FACE('',(#546),#565,.T.);
#546 = FACE_BOUND('',#547,.T.);
#547 = EDGE_LOOP('',(#548,#557,#563,#564));
#548 = ORIENTED_EDGE('',*,*,#549,.T.);
#549 = EDGE_CURVE('',#414,#550,#552,.T.);
#550 = VERTEX_POINT('',#551);
#551 = CARTESIAN_POINT('',(20.88,-36.92616671898,8.003));
#552 = ELLIPSE('',#553,2.170003007072,2.);
#553 = AXIS2_PLACEMENT_3D('',#554,#555,#556);
#554 = CARTESIAN_POINT('',(18.88,-36.08419697445,8.003));
#555 = DIRECTION('',(0.388003952891,0.92165770899,-0.));
#556 = DIRECTION('',(-0.92165770899,0.388003952891,0.));
#557 = ORIENTED_EDGE('',*,*,#558,.T.);
#558 = EDGE_CURVE('',#550,#517,#559,.T.);
#559 = LINE('',#560,#561);
#560 = CARTESIAN_POINT('',(20.88,-36.92616671898,8.003));
#561 = VECTOR('',#562,1.);
#562 = DIRECTION('',(0.715213668601,0.698905865082,0.));
#563 = ORIENTED_EDGE('',*,*,#516,.F.);
#564 = ORIENTED_EDGE('',*,*,#421,.F.);
#565 = CYLINDRICAL_SURFACE('',#566,2.);
#566 = AXIS2_PLACEMENT_3D('',#567,#568,#569);
#567 = CARTESIAN_POINT('',(19.482188269835,-35.49573938178,8.003));
#568 = DIRECTION('',(0.715213668601,0.698905865082,0.));
#569 = DIRECTION('',(0.,0.,1.));
#570 = ADVANCED_FACE('',(#571),#590,.T.);
#571 = FACE_BOUND('',#572,.T.);
#572 = EDGE_LOOP('',(#573,#574,#582,#589));
#573 = ORIENTED_EDGE('',*,*,#533,.T.);
#574 = ORIENTED_EDGE('',*,*,#575,.T.);
#575 = EDGE_CURVE('',#526,#576,#578,.T.);
#576 = VERTEX_POINT('',#577);
#577 = CARTESIAN_POINT('',(68.94033791277,-40.57045043025,8.003));
#578 = LINE('',#579,#580);
#579 = CARTESIAN_POINT('',(64.910351909905,-35.2,8.003));
#580 = VECTOR('',#581,1.);
#581 = DIRECTION('',(0.600204741026,-0.799846403286,0.));
#582 = ORIENTED_EDGE('',*,*,#583,.F.);
#583 = EDGE_CURVE('',#227,#576,#584,.T.);
#584 = CIRCLE('',#585,2.);
#585 = AXIS2_PLACEMENT_3D('',#586,#587,#588);
#586 = CARTESIAN_POINT('',(70.540030719343,-39.3700409482,8.003));
#587 = DIRECTION('',(0.600204741026,-0.799846403286,0.));
#588 = DIRECTION('',(0.,0.,1.));
#589 = ORIENTED_EDGE('',*,*,#226,.F.);
#590 = CYLINDRICAL_SURFACE('',#591,2.);
#591 = AXIS2_PLACEMENT_3D('',#592,#593,#594);
#592 = CARTESIAN_POINT('',(66.510044716478,-33.99959051794,8.003));
#593 = DIRECTION('',(0.600204741026,-0.799846403286,0.));
#594 = DIRECTION('',(0.,0.,1.));
#595 = ADVANCED_FACE('',(#596),#615,.T.);
#596 = FACE_BOUND('',#597,.T.);
#597 = EDGE_LOOP('',(#598,#607,#613,#614));
#598 = ORIENTED_EDGE('',*,*,#599,.T.);
#599 = EDGE_CURVE('',#405,#600,#602,.T.);
#600 = VERTEX_POINT('',#601);
#601 = CARTESIAN_POINT('',(20.88,-46.05,8.003));
#602 = CIRCLE('',#603,2.);
#603 = AXIS2_PLACEMENT_3D('',#604,#605,#606);
#604 = CARTESIAN_POINT('',(18.88,-46.05,8.003));
#605 = DIRECTION('',(1.5E-15,1.,0.));
#606 = DIRECTION('',(1.,-1.5E-15,0.));
#607 = ORIENTED_EDGE('',*,*,#608,.T.);
#608 = EDGE_CURVE('',#600,#550,#609,.T.);
#609 = LINE('',#610,#611);
#610 = CARTESIAN_POINT('',(20.88,-46.05,8.003));
#611 = VECTOR('',#612,1.);
#612 = DIRECTION('',(0.,1.,0.));
#613 = ORIENTED_EDGE('',*,*,#549,.F.);
#614 = ORIENTED_EDGE('',*,*,#413,.F.);
#615 = CYLINDRICAL_SURFACE('',#616,2.);
#616 = AXIS2_PLACEMENT_3D('',#617,#618,#619);
#617 = CARTESIAN_POINT('',(18.88,-46.05,8.003));
#618 = DIRECTION('',(0.,1.,0.));
#619 = DIRECTION('',(0.,0.,1.));
#620 = ADVANCED_FACE('',(#621),#641,.T.);
#621 = FACE_BOUND('',#622,.F.);
#622 = EDGE_LOOP('',(#623,#624,#625,#634));
#623 = ORIENTED_EDGE('',*,*,#583,.F.);
#624 = ORIENTED_EDGE('',*,*,#234,.T.);
#625 = ORIENTED_EDGE('',*,*,#626,.T.);
#626 = EDGE_CURVE('',#235,#627,#629,.T.);
#627 = VERTEX_POINT('',#628);
#628 = CARTESIAN_POINT('',(70.7,-41.45,8.003));
#629 = CIRCLE('',#630,2.);
#630 = AXIS2_PLACEMENT_3D('',#631,#632,#633);
#631 = CARTESIAN_POINT('',(70.7,-39.45,8.003));
#632 = DIRECTION('',(1.,1.1E-16,0.));
#633 = DIRECTION('',(1.1E-16,-1.,0.));
#634 = ORIENTED_EDGE('',*,*,#635,.F.);
#635 = EDGE_CURVE('',#576,#627,#636,.T.);
#636 = CIRCLE('',#637,2.2);
#637 = AXIS2_PLACEMENT_3D('',#638,#639,#640);
#638 = CARTESIAN_POINT('',(70.7,-39.25,8.003));
#639 = DIRECTION('',(0.,0.,1.));
#640 = DIRECTION('',(-0.799846403286,-0.600204741026,0.));
#641 = SURFACE_OF_REVOLUTION('',#642,#655);
#642 = B_SPLINE_CURVE_WITH_KNOTS('',6,(#643,#644,#645,#646,#647,#648,
    #649,#650,#651,#652,#653,#654),.UNSPECIFIED.,.F.,.F.,(7,5,7),(
    4.712388980385,5.497787143782,6.28318530718),.UNSPECIFIED.);
#643 = CARTESIAN_POINT('',(70.540030719343,-39.3700409482,10.003));
#644 = CARTESIAN_POINT('',(70.330631420629,-39.52717418196,10.003));
#645 = CARTESIAN_POINT('',(70.12123247167,-39.68430715325,9.961876809637
    ));
#646 = CARTESIAN_POINT('',(69.918289848793,-39.83659529746,9.87962935758
    ));
#647 = CARTESIAN_POINT('',(69.728270491935,-39.97918582285,
    9.758375011249));
#648 = CARTESIAN_POINT('',(69.556944752096,-40.10774865802,
    9.602333684796));
#649 = CARTESIAN_POINT('',(69.260809423904,-40.3299686083,9.23209343995)
  );
#650 = CARTESIAN_POINT('',(69.136000330177,-40.42362535223,
    9.017895139958));
#651 = CARTESIAN_POINT('',(69.039015477381,-40.49640278577,
    8.780325331457));
#652 = CARTESIAN_POINT('',(68.973230148674,-40.54576809643,
    8.526598338322));
#653 = CARTESIAN_POINT('',(68.94033791277,-40.57045043025,8.264799387799
    ));
#654 = CARTESIAN_POINT('',(68.94033791277,-40.57045043025,8.003));
#655 = AXIS1_PLACEMENT('',#656,#657);
#656 = CARTESIAN_POINT('',(70.7,-39.25,8.003));
#657 = DIRECTION('',(-0.,-0.,-1.));
#658 = ADVANCED_FACE('',(#659),#679,.T.);
#659 = FACE_BOUND('',#660,.F.);
#660 = EDGE_LOOP('',(#661,#670,#671,#672));
#661 = ORIENTED_EDGE('',*,*,#662,.F.);
#662 = EDGE_CURVE('',#397,#663,#665,.T.);
#663 = VERTEX_POINT('',#664);
#664 = CARTESIAN_POINT('',(20.238161683496,-47.6031040429,8.003));
#665 = CIRCLE('',#666,2.);
#666 = AXIS2_PLACEMENT_3D('',#667,#668,#669);
#667 = CARTESIAN_POINT('',(18.821651062136,-46.19119127662,8.003));
#668 = DIRECTION('',(0.705956383138,0.70825531068,-0.));
#669 = DIRECTION('',(0.,0.,1.));
#670 = ORIENTED_EDGE('',*,*,#404,.T.);
#671 = ORIENTED_EDGE('',*,*,#599,.T.);
#672 = ORIENTED_EDGE('',*,*,#673,.F.);
#673 = EDGE_CURVE('',#663,#600,#674,.T.);
#674 = CIRCLE('',#675,2.2);
#675 = AXIS2_PLACEMENT_3D('',#676,#677,#678);
#676 = CARTESIAN_POINT('',(18.68,-46.05,8.003));
#677 = DIRECTION('',(-0.,0.,1.));
#678 = DIRECTION('',(0.70825531068,-0.705956383138,0.));
#679 = SURFACE_OF_REVOLUTION('',#680,#693);
#680 = B_SPLINE_CURVE_WITH_KNOTS('',6,(#681,#682,#683,#684,#685,#686,
    #687,#688,#689,#690,#691,#692),.UNSPECIFIED.,.F.,.F.,(7,5,7),(
    4.712388980385,5.497787143782,6.28318530718),.UNSPECIFIED.);
#681 = CARTESIAN_POINT('',(18.821651062136,-46.19119127662,10.003));
#682 = CARTESIAN_POINT('',(19.007071868878,-46.37601022554,10.003));
#683 = CARTESIAN_POINT('',(19.192492365916,-46.56082886576,
    9.961876809637));
#684 = CARTESIAN_POINT('',(19.372195856267,-46.73994905614,9.87962935758
    ));
#685 = CARTESIAN_POINT('',(19.540455934795,-46.90766297889,
    9.758375011249));
#686 = CARTESIAN_POINT('',(19.692163018303,-47.05887763603,
    9.602333684796));
#687 = CARTESIAN_POINT('',(19.954387637943,-47.32025110017,9.23209343995
    ));
#688 = CARTESIAN_POINT('',(20.064904736088,-47.43040947062,
    9.017895139958));
#689 = CARTESIAN_POINT('',(20.150783770821,-47.51600975039,
    8.780325331457));
#690 = CARTESIAN_POINT('',(20.20903596553,-47.57407286417,8.526598338322
    ));
#691 = CARTESIAN_POINT('',(20.238161683496,-47.6031040429,8.264799387799
    ));
#692 = CARTESIAN_POINT('',(20.238161683496,-47.6031040429,8.003));
#693 = AXIS1_PLACEMENT('',#694,#695);
#694 = CARTESIAN_POINT('',(18.68,-46.05,8.003));
#695 = DIRECTION('',(-0.,-0.,-1.));
#696 = ADVANCED_FACE('',(#697),#716,.T.);
#697 = FACE_BOUND('',#698,.T.);
#698 = EDGE_LOOP('',(#699,#700,#708,#715));
#699 = ORIENTED_EDGE('',*,*,#626,.T.);
#700 = ORIENTED_EDGE('',*,*,#701,.T.);
#701 = EDGE_CURVE('',#627,#702,#704,.T.);
#702 = VERTEX_POINT('',#703);
#703 = CARTESIAN_POINT('',(76.9,-41.45,8.003));
#704 = LINE('',#705,#706);
#705 = CARTESIAN_POINT('',(70.7,-41.45,8.003));
#706 = VECTOR('',#707,1.);
#707 = DIRECTION('',(1.,0.,0.));
#708 = ORIENTED_EDGE('',*,*,#709,.F.);
#709 = EDGE_CURVE('',#244,#702,#710,.T.);
#710 = CIRCLE('',#711,2.);
#711 = AXIS2_PLACEMENT_3D('',#712,#713,#714);
#712 = CARTESIAN_POINT('',(76.9,-39.45,8.003));
#713 = DIRECTION('',(1.,0.,-0.));
#714 = DIRECTION('',(0.,0.,1.));
#715 = ORIENTED_EDGE('',*,*,#243,.F.);
#716 = CYLINDRICAL_SURFACE('',#717,2.);
#717 = AXIS2_PLACEMENT_3D('',#718,#719,#720);
#718 = CARTESIAN_POINT('',(70.7,-39.45,8.003));
#719 = DIRECTION('',(1.,0.,0.));
#720 = DIRECTION('',(0.,0.,1.));
#721 = ADVANCED_FACE('',(#722),#741,.T.);
#722 = FACE_BOUND('',#723,.T.);
#723 = EDGE_LOOP('',(#724,#733,#739,#740));
#724 = ORIENTED_EDGE('',*,*,#725,.T.);
#725 = EDGE_CURVE('',#388,#726,#728,.T.);
#726 = VERTEX_POINT('',#727);
#727 = CARTESIAN_POINT('',(14.058161683496,-53.8032290429,8.003));
#728 = CIRCLE('',#729,2.);
#729 = AXIS2_PLACEMENT_3D('',#730,#731,#732);
#730 = CARTESIAN_POINT('',(12.641651062136,-52.39131627662,8.003));
#731 = DIRECTION('',(0.705956383138,0.70825531068,0.));
#732 = DIRECTION('',(0.70825531068,-0.705956383138,0.));
#733 = ORIENTED_EDGE('',*,*,#734,.T.);
#734 = EDGE_CURVE('',#726,#663,#735,.T.);
#735 = LINE('',#736,#737);
#736 = CARTESIAN_POINT('',(14.058161683496,-53.8032290429,8.003));
#737 = VECTOR('',#738,1.);
#738 = DIRECTION('',(0.705956383138,0.70825531068,0.));
#739 = ORIENTED_EDGE('',*,*,#662,.F.);
#740 = ORIENTED_EDGE('',*,*,#396,.F.);
#741 = CYLINDRICAL_SURFACE('',#742,2.);
#742 = AXIS2_PLACEMENT_3D('',#743,#744,#745);
#743 = CARTESIAN_POINT('',(12.641651062136,-52.39131627662,8.003));
#744 = DIRECTION('',(0.705956383138,0.70825531068,0.));
#745 = DIRECTION('',(0.,0.,1.));
#746 = ADVANCED_FACE('',(#747),#767,.T.);
#747 = FACE_BOUND('',#748,.F.);
#748 = EDGE_LOOP('',(#749,#750,#751,#760));
#749 = ORIENTED_EDGE('',*,*,#709,.F.);
#750 = ORIENTED_EDGE('',*,*,#251,.T.);
#751 = ORIENTED_EDGE('',*,*,#752,.T.);
#752 = EDGE_CURVE('',#252,#753,#755,.T.);
#753 = VERTEX_POINT('',#754);
#754 = CARTESIAN_POINT('',(78.47907955472,-40.78183150505,8.003));
#755 = CIRCLE('',#756,2.);
#756 = AXIS2_PLACEMENT_3D('',#757,#758,#759);
#757 = CARTESIAN_POINT('',(77.043552686793,-39.38925740955,8.003));
#758 = DIRECTION('',(0.69628704775,0.717763433963,0.));
#759 = DIRECTION('',(0.717763433963,-0.69628704775,0.));
#760 = ORIENTED_EDGE('',*,*,#761,.F.);
#761 = EDGE_CURVE('',#702,#753,#762,.T.);
#762 = CIRCLE('',#763,2.2);
#763 = AXIS2_PLACEMENT_3D('',#764,#765,#766);
#764 = CARTESIAN_POINT('',(76.9,-39.25,8.003));
#765 = DIRECTION('',(-0.,0.,1.));
#766 = DIRECTION('',(0.,-1.,0.));
#767 = SURFACE_OF_REVOLUTION('',#768,#781);
#768 = B_SPLINE_CURVE_WITH_KNOTS('',6,(#769,#770,#771,#772,#773,#774,
    #775,#776,#777,#778,#779,#780),.UNSPECIFIED.,.F.,.F.,(7,5,7),(
    4.712388980385,5.497787143782,6.28318530718),.UNSPECIFIED.);
#769 = CARTESIAN_POINT('',(76.9,-39.45,10.003));
#770 = CARTESIAN_POINT('',(76.9,-39.71179938779,10.003));
#771 = CARTESIAN_POINT('',(76.9,-39.97359833832,9.961876809637));
#772 = CARTESIAN_POINT('',(76.9,-40.22732533145,9.87962935758));
#773 = CARTESIAN_POINT('',(76.9,-40.46489513995,9.758375011249));
#774 = CARTESIAN_POINT('',(76.9,-40.67909343995,9.602333684796));
#775 = CARTESIAN_POINT('',(76.9,-41.04933368479,9.23209343995));
#776 = CARTESIAN_POINT('',(76.9,-41.20537501124,9.017895139958));
#777 = CARTESIAN_POINT('',(76.9,-41.32662935758,8.780325331457));
#778 = CARTESIAN_POINT('',(76.9,-41.40887680963,8.526598338322));
#779 = CARTESIAN_POINT('',(76.9,-41.45,8.264799387799));
#780 = CARTESIAN_POINT('',(76.9,-41.45,8.003));
#781 = AXIS1_PLACEMENT('',#782,#783);
#782 = CARTESIAN_POINT('',(76.9,-39.25,8.003));
#783 = DIRECTION('',(-0.,-0.,-1.));
#784 = ADVANCED_FACE('',(#785),#805,.T.);
#785 = FACE_BOUND('',#786,.F.);
#786 = EDGE_LOOP('',(#787,#796,#797,#798));
#787 = ORIENTED_EDGE('',*,*,#788,.F.);
#788 = EDGE_CURVE('',#380,#789,#791,.T.);
#789 = VERTEX_POINT('',#790);
#790 = CARTESIAN_POINT('',(12.499956692913,-54.45012499957,8.003));
#791 = CIRCLE('',#792,2.);
#792 = AXIS2_PLACEMENT_3D('',#793,#794,#795);
#793 = CARTESIAN_POINT('',(12.499996062992,-52.45012499996,8.003));
#794 = DIRECTION('',(0.999999999806,-1.96850393658E-05,0.));
#795 = DIRECTION('',(0.,0.,1.));
#796 = ORIENTED_EDGE('',*,*,#387,.T.);
#797 = ORIENTED_EDGE('',*,*,#725,.T.);
#798 = ORIENTED_EDGE('',*,*,#799,.F.);
#799 = EDGE_CURVE('',#789,#726,#800,.T.);
#800 = CIRCLE('',#801,2.2);
#801 = AXIS2_PLACEMENT_3D('',#802,#803,#804);
#802 = CARTESIAN_POINT('',(12.5,-52.250125,8.003));
#803 = DIRECTION('',(0.,0.,1.));
#804 = DIRECTION('',(-1.968503936502E-05,-0.999999999806,0.));
#805 = SURFACE_OF_REVOLUTION('',#806,#819);
#806 = B_SPLINE_CURVE_WITH_KNOTS('',6,(#807,#808,#809,#810,#811,#812,
    #813,#814,#815,#816,#817,#818),.UNSPECIFIED.,.F.,.F.,(7,5,7),(
    4.712388980385,5.497787143782,6.28318530718),.UNSPECIFIED.);
#807 = CARTESIAN_POINT('',(12.499996062992,-52.45012499996,10.003));
#808 = CARTESIAN_POINT('',(12.499990909461,-52.71192438771,10.003));
#809 = CARTESIAN_POINT('',(12.499985755938,-52.97372333818,
    9.961876809637));
#810 = CARTESIAN_POINT('',(12.499980761312,-53.22745033126,9.87962935758
    ));
#811 = CARTESIAN_POINT('',(12.499976084741,-53.46502013972,
    9.758375011249));
#812 = CARTESIAN_POINT('',(12.499971868239,-53.67921843967,
    9.602333684796));
#813 = CARTESIAN_POINT('',(12.499964580046,-54.04945868444,9.23209343995
    ));
#814 = CARTESIAN_POINT('',(12.499961508366,-54.20550001087,
    9.017895139958));
#815 = CARTESIAN_POINT('',(12.499959121469,-54.32675435717,
    8.780325331457));
#816 = CARTESIAN_POINT('',(12.499957502425,-54.40900180921,
    8.526598338322));
#817 = CARTESIAN_POINT('',(12.499956692913,-54.45012499957,
    8.264799387799));
#818 = CARTESIAN_POINT('',(12.499956692913,-54.45012499957,8.003));
#819 = AXIS1_PLACEMENT('',#820,#821);
#820 = CARTESIAN_POINT('',(12.5,-52.250125,8.003));
#821 = DIRECTION('',(-0.,-0.,-1.));
#822 = ADVANCED_FACE('',(#823),#842,.T.);
#823 = FACE_BOUND('',#824,.T.);
#824 = EDGE_LOOP('',(#825,#826,#834,#841));
#825 = ORIENTED_EDGE('',*,*,#752,.T.);
#826 = ORIENTED_EDGE('',*,*,#827,.T.);
#827 = EDGE_CURVE('',#753,#828,#830,.T.);
#828 = VERTEX_POINT('',#829);
#829 = CARTESIAN_POINT('',(84.63907955472,-34.43183150505,8.003));
#830 = LINE('',#831,#832);
#831 = CARTESIAN_POINT('',(78.47907955472,-40.78183150505,8.003));
#832 = VECTOR('',#833,1.);
#833 = DIRECTION('',(0.69628704775,0.717763433963,0.));
#834 = ORIENTED_EDGE('',*,*,#835,.F.);
#835 = EDGE_CURVE('',#261,#828,#836,.T.);
#836 = CIRCLE('',#837,2.);
#837 = AXIS2_PLACEMENT_3D('',#838,#839,#840);
#838 = CARTESIAN_POINT('',(83.203552686793,-33.03925740955,8.003));
#839 = DIRECTION('',(0.69628704775,0.717763433963,-0.));
#840 = DIRECTION('',(0.,0.,1.));
#841 = ORIENTED_EDGE('',*,*,#260,.F.);
#842 = CYLINDRICAL_SURFACE('',#843,2.);
#843 = AXIS2_PLACEMENT_3D('',#844,#845,#846);
#844 = CARTESIAN_POINT('',(77.043552686793,-39.38925740955,8.003));
#845 = DIRECTION('',(0.69628704775,0.717763433963,0.));
#846 = DIRECTION('',(0.,0.,1.));
#847 = ADVANCED_FACE('',(#848),#867,.T.);
#848 = FACE_BOUND('',#849,.T.);
#849 = EDGE_LOOP('',(#850,#859,#865,#866));
#850 = ORIENTED_EDGE('',*,*,#851,.T.);
#851 = EDGE_CURVE('',#371,#852,#854,.T.);
#852 = VERTEX_POINT('',#853);
#853 = CARTESIAN_POINT('',(6.149956692913,-54.44999999957,8.003));
#854 = CIRCLE('',#855,2.);
#855 = AXIS2_PLACEMENT_3D('',#856,#857,#858);
#856 = CARTESIAN_POINT('',(6.149996062992,-52.44999999996,8.003));
#857 = DIRECTION('',(0.999999999806,-1.9685039366E-05,0.));
#858 = DIRECTION('',(-1.9685039366E-05,-0.999999999806,0.));
#859 = ORIENTED_EDGE('',*,*,#860,.T.);
#860 = EDGE_CURVE('',#852,#789,#861,.T.);
#861 = LINE('',#862,#863);
#862 = CARTESIAN_POINT('',(6.149956692913,-54.44999999957,8.003));
#863 = VECTOR('',#864,1.);
#864 = DIRECTION('',(0.999999999806,-1.96850393658E-05,0.));
#865 = ORIENTED_EDGE('',*,*,#788,.F.);
#866 = ORIENTED_EDGE('',*,*,#379,.F.);
#867 = CYLINDRICAL_SURFACE('',#868,2.);
#868 = AXIS2_PLACEMENT_3D('',#869,#870,#871);
#869 = CARTESIAN_POINT('',(6.149996062992,-52.44999999996,8.003));
#870 = DIRECTION('',(0.999999999806,-1.96850393658E-05,0.));
#871 = DIRECTION('',(0.,0.,1.));
#872 = ADVANCED_FACE('',(#873),#893,.T.);
#873 = FACE_BOUND('',#874,.F.);
#874 = EDGE_LOOP('',(#875,#876,#877,#886));
#875 = ORIENTED_EDGE('',*,*,#835,.F.);
#876 = ORIENTED_EDGE('',*,*,#268,.T.);
#877 = ORIENTED_EDGE('',*,*,#878,.T.);
#878 = EDGE_CURVE('',#269,#879,#881,.T.);
#879 = VERTEX_POINT('',#880);
#880 = CARTESIAN_POINT('',(85.26,-32.9,8.003));
#881 = CIRCLE('',#882,2.);
#882 = AXIS2_PLACEMENT_3D('',#883,#884,#885);
#883 = CARTESIAN_POINT('',(83.26,-32.9,8.003));
#884 = DIRECTION('',(6.7E-16,1.,0.));
#885 = DIRECTION('',(1.,-6.7E-16,0.));
#886 = ORIENTED_EDGE('',*,*,#887,.F.);
#887 = EDGE_CURVE('',#828,#879,#888,.T.);
#888 = CIRCLE('',#889,2.2);
#889 = AXIS2_PLACEMENT_3D('',#890,#891,#892);
#890 = CARTESIAN_POINT('',(83.06,-32.9,8.003));
#891 = DIRECTION('',(-0.,0.,1.));
#892 = DIRECTION('',(0.717763433963,-0.69628704775,0.));
#893 = SURFACE_OF_REVOLUTION('',#894,#907);
#894 = B_SPLINE_CURVE_WITH_KNOTS('',6,(#895,#896,#897,#898,#899,#900,
    #901,#902,#903,#904,#905,#906),.UNSPECIFIED.,.F.,.F.,(7,5,7),(
    4.712388980385,5.497787143782,6.28318530718),.UNSPECIFIED.);
#895 = CARTESIAN_POINT('',(83.203552686793,-33.03925740955,10.003));
#896 = CARTESIAN_POINT('',(83.391462714389,-33.22154493238,10.003));
#897 = CARTESIAN_POINT('',(83.579372428124,-33.40383215074,
    9.961876809637));
#898 = CARTESIAN_POINT('',(83.761488386006,-33.58049896973,9.87962935758
    ));
#899 = CARTESIAN_POINT('',(83.932007307562,-33.74591575032,
    9.758375011249));
#900 = CARTESIAN_POINT('',(84.085751014913,-33.89505925226,
    9.602333684796));
#901 = CARTESIAN_POINT('',(84.351495924446,-34.1528527393,9.23209343995)
  );
#902 = CARTESIAN_POINT('',(84.46349668276,-34.26150229382,9.017895139958
    ));
#903 = CARTESIAN_POINT('',(84.550528618766,-34.34593012466,
    8.780325331457));
#904 = CARTESIAN_POINT('',(84.609562832389,-34.40319796023,
    8.526598338322));
#905 = CARTESIAN_POINT('',(84.63907955472,-34.43183150505,8.264799387799
    ));
#906 = CARTESIAN_POINT('',(84.63907955472,-34.43183150505,8.003));
#907 = AXIS1_PLACEMENT('',#908,#909);
#908 = CARTESIAN_POINT('',(83.06,-32.9,8.003));
#909 = DIRECTION('',(-0.,-0.,-1.));
#910 = ADVANCED_FACE('',(#911),#931,.T.);
#911 = FACE_BOUND('',#912,.F.);
#912 = EDGE_LOOP('',(#913,#922,#923,#924));
#913 = ORIENTED_EDGE('',*,*,#914,.F.);
#914 = EDGE_CURVE('',#363,#915,#917,.T.);
#915 = VERTEX_POINT('',#916);
#916 = CARTESIAN_POINT('',(4.588079764994,-53.79932410407,8.003));
#917 = CIRCLE('',#918,2.);
#918 = AXIS2_PLACEMENT_3D('',#919,#920,#921);
#919 = CARTESIAN_POINT('',(6.008007251363,-52.39084764582,8.003));
#920 = DIRECTION('',(0.704238229127,-0.709963743185,0.));
#921 = DIRECTION('',(0.,0.,1.));
#922 = ORIENTED_EDGE('',*,*,#370,.T.);
#923 = ORIENTED_EDGE('',*,*,#851,.T.);
#924 = ORIENTED_EDGE('',*,*,#925,.F.);
#925 = EDGE_CURVE('',#915,#852,#926,.T.);
#926 = CIRCLE('',#927,2.2);
#927 = AXIS2_PLACEMENT_3D('',#928,#929,#930);
#928 = CARTESIAN_POINT('',(6.15,-52.25,8.003));
#929 = DIRECTION('',(0.,0.,1.));
#930 = DIRECTION('',(-0.709963743185,-0.704238229127,0.));
#931 = SURFACE_OF_REVOLUTION('',#932,#945);
#932 = B_SPLINE_CURVE_WITH_KNOTS('',6,(#933,#934,#935,#936,#937,#938,
    #939,#940,#941,#942,#943,#944),.UNSPECIFIED.,.F.,.F.,(7,5,7),(
    4.712388980385,5.497787143782,6.28318530718),.UNSPECIFIED.);
#933 = CARTESIAN_POINT('',(6.008007251363,-52.39084764582,10.003));
#934 = CARTESIAN_POINT('',(5.822139178038,-52.57521678307,10.003));
#935 = CARTESIAN_POINT('',(5.636271415163,-52.75958561237,9.961876809637
    ));
#936 = CARTESIAN_POINT('',(5.45613444937,-52.9382698607,9.87962935758));
#937 = CARTESIAN_POINT('',(5.287468498858,-53.10557560193,9.758375011249
    ));
#938 = CARTESIAN_POINT('',(5.135395472013,-53.2564222334,9.602333684796)
  );
#939 = CARTESIAN_POINT('',(4.872538321904,-53.51715956778,9.23209343995)
  );
#940 = CARTESIAN_POINT('',(4.761754637684,-53.6270498352,9.017895139958)
  );
#941 = CARTESIAN_POINT('',(4.675668448086,-53.71244178133,8.780325331457
    ));
#942 = CARTESIAN_POINT('',(4.617275739156,-53.77036358132,8.526598338322
    ));
#943 = CARTESIAN_POINT('',(4.588079764994,-53.79932410407,8.264799387799
    ));
#944 = CARTESIAN_POINT('',(4.588079764994,-53.79932410407,8.003));
#945 = AXIS1_PLACEMENT('',#946,#947);
#946 = CARTESIAN_POINT('',(6.15,-52.25,8.003));
#947 = DIRECTION('',(-0.,-0.,-1.));
#948 = ADVANCED_FACE('',(#949),#968,.T.);
#949 = FACE_BOUND('',#950,.T.);
#950 = EDGE_LOOP('',(#951,#952,#960,#967));
#951 = ORIENTED_EDGE('',*,*,#878,.T.);
#952 = ORIENTED_EDGE('',*,*,#953,.T.);
#953 = EDGE_CURVE('',#879,#954,#956,.T.);
#954 = VERTEX_POINT('',#955);
#955 = CARTESIAN_POINT('',(85.26,-14.5,8.003));
#956 = LINE('',#957,#958);
#957 = CARTESIAN_POINT('',(85.26,-32.9,8.003));
#958 = VECTOR('',#959,1.);
#959 = DIRECTION('',(0.,1.,0.));
#960 = ORIENTED_EDGE('',*,*,#961,.F.);
#961 = EDGE_CURVE('',#278,#954,#962,.T.);
#962 = CIRCLE('',#963,2.);
#963 = AXIS2_PLACEMENT_3D('',#964,#965,#966);
#964 = CARTESIAN_POINT('',(83.26,-14.5,8.003));
#965 = DIRECTION('',(0.,1.,0.));
#966 = DIRECTION('',(0.,0.,1.));
#967 = ORIENTED_EDGE('',*,*,#277,.F.);
#968 = CYLINDRICAL_SURFACE('',#969,2.);
#969 = AXIS2_PLACEMENT_3D('',#970,#971,#972);
#970 = CARTESIAN_POINT('',(83.26,-32.9,8.003));
#971 = DIRECTION('',(0.,1.,0.));
#972 = DIRECTION('',(0.,0.,1.));
#973 = ADVANCED_FACE('',(#974),#993,.T.);
#974 = FACE_BOUND('',#975,.T.);
#975 = EDGE_LOOP('',(#976,#985,#991,#992));
#976 = ORIENTED_EDGE('',*,*,#977,.T.);
#977 = EDGE_CURVE('',#354,#978,#980,.T.);
#978 = VERTEX_POINT('',#979);
#979 = CARTESIAN_POINT('',(-1.561920235006,-47.59932410407,8.003));
#980 = CIRCLE('',#981,2.);
#981 = AXIS2_PLACEMENT_3D('',#982,#983,#984);
#982 = CARTESIAN_POINT('',(-0.141992748637,-46.19084764582,8.003));
#983 = DIRECTION('',(0.704238229127,-0.709963743185,0.));
#984 = DIRECTION('',(-0.709963743185,-0.704238229127,0.));
#985 = ORIENTED_EDGE('',*,*,#986,.T.);
#986 = EDGE_CURVE('',#978,#915,#987,.T.);
#987 = LINE('',#988,#989);
#988 = CARTESIAN_POINT('',(-1.561920235006,-47.59932410407,8.003));
#989 = VECTOR('',#990,1.);
#990 = DIRECTION('',(0.704238229127,-0.709963743185,0.));
#991 = ORIENTED_EDGE('',*,*,#914,.F.);
#992 = ORIENTED_EDGE('',*,*,#362,.F.);
#993 = CYLINDRICAL_SURFACE('',#994,2.);
#994 = AXIS2_PLACEMENT_3D('',#995,#996,#997);
#995 = CARTESIAN_POINT('',(-0.141992748637,-46.19084764582,8.003));
#996 = DIRECTION('',(0.704238229127,-0.709963743185,0.));
#997 = DIRECTION('',(0.,0.,1.));
#998 = ADVANCED_FACE('',(#999),#1019,.T.);
#999 = FACE_BOUND('',#1000,.F.);
#1000 = EDGE_LOOP('',(#1001,#1002,#1003,#1012));
#1001 = ORIENTED_EDGE('',*,*,#961,.F.);
#1002 = ORIENTED_EDGE('',*,*,#285,.T.);
#1003 = ORIENTED_EDGE('',*,*,#1004,.T.);
#1004 = EDGE_CURVE('',#286,#1005,#1007,.T.);
#1005 = VERTEX_POINT('',#1006);
#1006 = CARTESIAN_POINT('',(84.86756534141,-13.24592363209,8.003));
#1007 = CIRCLE('',#1008,2.);
#1008 = AXIS2_PLACEMENT_3D('',#1009,#1010,#1011);
#1009 = CARTESIAN_POINT('',(83.224324121946,-14.38599305746,8.003));
#1010 = DIRECTION('',(-0.570034712683,0.821620609732,0.));
#1011 = DIRECTION('',(0.821620609732,0.570034712683,0.));
#1012 = ORIENTED_EDGE('',*,*,#1013,.F.);
#1013 = EDGE_CURVE('',#954,#1005,#1014,.T.);
#1014 = CIRCLE('',#1015,2.2);
#1015 = AXIS2_PLACEMENT_3D('',#1016,#1017,#1018);
#1016 = CARTESIAN_POINT('',(83.06,-14.5,8.003));
#1017 = DIRECTION('',(0.,0.,1.));
#1018 = DIRECTION('',(1.,0.,0.));
#1019 = SURFACE_OF_REVOLUTION('',#1020,#1033);
#1020 = B_SPLINE_CURVE_WITH_KNOTS('',6,(#1021,#1022,#1023,#1024,#1025,
    #1026,#1027,#1028,#1029,#1030,#1031,#1032),.UNSPECIFIED.,.F.,.F.,(7,
    5,7),(4.712388980385,5.497787143782,6.28318530718),.UNSPECIFIED.);
#1021 = CARTESIAN_POINT('',(83.26,-14.5,10.003));
#1022 = CARTESIAN_POINT('',(83.521799387799,-14.5,10.003));
#1023 = CARTESIAN_POINT('',(83.783598338321,-14.5,9.961876809637));
#1024 = CARTESIAN_POINT('',(84.037325331457,-14.5,9.87962935758));
#1025 = CARTESIAN_POINT('',(84.274895139958,-14.5,9.758375011249));
#1026 = CARTESIAN_POINT('',(84.48909343995,-14.5,9.602333684796));
#1027 = CARTESIAN_POINT('',(84.859333684796,-14.5,9.23209343995));
#1028 = CARTESIAN_POINT('',(85.015375011248,-14.5,9.017895139958));
#1029 = CARTESIAN_POINT('',(85.13662935758,-14.5,8.780325331457));
#1030 = CARTESIAN_POINT('',(85.218876809637,-14.5,8.526598338322));
#1031 = CARTESIAN_POINT('',(85.26,-14.5,8.264799387799));
#1032 = CARTESIAN_POINT('',(85.26,-14.5,8.003));
#1033 = AXIS1_PLACEMENT('',#1034,#1035);
#1034 = CARTESIAN_POINT('',(83.06,-14.5,8.003));
#1035 = DIRECTION('',(-0.,-0.,-1.));
#1036 = ADVANCED_FACE('',(#1037),#1057,.T.);
#1037 = FACE_BOUND('',#1038,.F.);
#1038 = EDGE_LOOP('',(#1039,#1048,#1049,#1050));
#1039 = ORIENTED_EDGE('',*,*,#1040,.F.);
#1040 = EDGE_CURVE('',#346,#1041,#1043,.T.);
#1041 = VERTEX_POINT('',#1042);
#1042 = CARTESIAN_POINT('',(-2.2,-46.05,8.003));
#1043 = CIRCLE('',#1044,2.);
#1044 = AXIS2_PLACEMENT_3D('',#1045,#1046,#1047);
#1045 = CARTESIAN_POINT('',(-0.2,-46.05,8.003));
#1046 = DIRECTION('',(0.,-1.,0.));
#1047 = DIRECTION('',(0.,0.,1.));
#1048 = ORIENTED_EDGE('',*,*,#353,.T.);
#1049 = ORIENTED_EDGE('',*,*,#977,.T.);
#1050 = ORIENTED_EDGE('',*,*,#1051,.F.);
#1051 = EDGE_CURVE('',#1041,#978,#1052,.T.);
#1052 = CIRCLE('',#1053,2.2);
#1053 = AXIS2_PLACEMENT_3D('',#1054,#1055,#1056);
#1054 = CARTESIAN_POINT('',(0.,-46.05,8.003));
#1055 = DIRECTION('',(0.,0.,1.));
#1056 = DIRECTION('',(-1.,0.,0.));
#1057 = SURFACE_OF_REVOLUTION('',#1058,#1071);
#1058 = B_SPLINE_CURVE_WITH_KNOTS('',6,(#1059,#1060,#1061,#1062,#1063,
    #1064,#1065,#1066,#1067,#1068,#1069,#1070),.UNSPECIFIED.,.F.,.F.,(7,
    5,7),(4.712388980385,5.497787143782,6.28318530718),.UNSPECIFIED.);
#1059 = CARTESIAN_POINT('',(-0.2,-46.05,10.003));
#1060 = CARTESIAN_POINT('',(-0.461799387799,-46.05,10.003));
#1061 = CARTESIAN_POINT('',(-0.723598338322,-46.05,9.961876809637));
#1062 = CARTESIAN_POINT('',(-0.977325331457,-46.05,9.87962935758));
#1063 = CARTESIAN_POINT('',(-1.214895139958,-46.05,9.758375011249));
#1064 = CARTESIAN_POINT('',(-1.42909343995,-46.05,9.602333684796));
#1065 = CARTESIAN_POINT('',(-1.799333684796,-46.05,9.23209343995));
#1066 = CARTESIAN_POINT('',(-1.955375011249,-46.05,9.017895139958));
#1067 = CARTESIAN_POINT('',(-2.07662935758,-46.05,8.780325331457));
#1068 = CARTESIAN_POINT('',(-2.158876809637,-46.05,8.526598338322));
#1069 = CARTESIAN_POINT('',(-2.2,-46.05,8.264799387799));
#1070 = CARTESIAN_POINT('',(-2.2,-46.05,8.003));
#1071 = AXIS1_PLACEMENT('',#1072,#1073);
#1072 = CARTESIAN_POINT('',(0.,-46.05,8.003));
#1073 = DIRECTION('',(-0.,-0.,-1.));
#1074 = ADVANCED_FACE('',(#1075),#1094,.T.);
#1075 = FACE_BOUND('',#1076,.T.);
#1076 = EDGE_LOOP('',(#1077,#1078,#1086,#1093));
#1077 = ORIENTED_EDGE('',*,*,#1004,.T.);
#1078 = ORIENTED_EDGE('',*,*,#1079,.T.);
#1079 = EDGE_CURVE('',#1005,#1080,#1082,.T.);
#1080 = VERTEX_POINT('',#1081);
#1081 = CARTESIAN_POINT('',(74.80756534141,1.254076367903,8.003));
#1082 = LINE('',#1083,#1084);
#1083 = CARTESIAN_POINT('',(84.86756534141,-13.24592363209,8.003));
#1084 = VECTOR('',#1085,1.);
#1085 = DIRECTION('',(-0.570034712683,0.821620609732,0.));
#1086 = ORIENTED_EDGE('',*,*,#1087,.F.);
#1087 = EDGE_CURVE('',#295,#1080,#1088,.T.);
#1088 = CIRCLE('',#1089,2.);
#1089 = AXIS2_PLACEMENT_3D('',#1090,#1091,#1092);
#1090 = CARTESIAN_POINT('',(73.164324121946,0.114006942537,8.003));
#1091 = DIRECTION('',(-0.570034712683,0.821620609732,0.));
#1092 = DIRECTION('',(0.,0.,1.));
#1093 = ORIENTED_EDGE('',*,*,#294,.F.);
#1094 = CYLINDRICAL_SURFACE('',#1095,2.);
#1095 = AXIS2_PLACEMENT_3D('',#1096,#1097,#1098);
#1096 = CARTESIAN_POINT('',(83.224324121946,-14.38599305746,8.003));
#1097 = DIRECTION('',(-0.570034712683,0.821620609732,0.));
#1098 = DIRECTION('',(0.,0.,1.));
#1099 = ADVANCED_FACE('',(#1100),#1119,.T.);
#1100 = FACE_BOUND('',#1101,.T.);
#1101 = EDGE_LOOP('',(#1102,#1111,#1117,#1118));
#1102 = ORIENTED_EDGE('',*,*,#1103,.T.);
#1103 = EDGE_CURVE('',#337,#1104,#1106,.T.);
#1104 = VERTEX_POINT('',#1105);
#1105 = CARTESIAN_POINT('',(-2.2,-1.95,8.003));
#1106 = CIRCLE('',#1107,2.);
#1107 = AXIS2_PLACEMENT_3D('',#1108,#1109,#1110);
#1108 = CARTESIAN_POINT('',(-0.2,-1.95,8.003));
#1109 = DIRECTION('',(-1.72E-15,-1.,-0.));
#1110 = DIRECTION('',(-1.,1.72E-15,0.));
#1111 = ORIENTED_EDGE('',*,*,#1112,.T.);
#1112 = EDGE_CURVE('',#1104,#1041,#1113,.T.);
#1113 = LINE('',#1114,#1115);
#1114 = CARTESIAN_POINT('',(-2.2,-1.95,8.003));
#1115 = VECTOR('',#1116,1.);
#1116 = DIRECTION('',(0.,-1.,0.));
#1117 = ORIENTED_EDGE('',*,*,#1040,.F.);
#1118 = ORIENTED_EDGE('',*,*,#345,.F.);
#1119 = CYLINDRICAL_SURFACE('',#1120,2.);
#1120 = AXIS2_PLACEMENT_3D('',#1121,#1122,#1123);
#1121 = CARTESIAN_POINT('',(-0.2,-1.95,8.003));
#1122 = DIRECTION('',(0.,-1.,0.));
#1123 = DIRECTION('',(0.,0.,1.));
#1124 = ADVANCED_FACE('',(#1125),#1145,.T.);
#1125 = FACE_BOUND('',#1126,.F.);
#1126 = EDGE_LOOP('',(#1127,#1128,#1129,#1138));
#1127 = ORIENTED_EDGE('',*,*,#1087,.F.);
#1128 = ORIENTED_EDGE('',*,*,#302,.T.);
#1129 = ORIENTED_EDGE('',*,*,#1130,.T.);
#1130 = EDGE_CURVE('',#303,#1131,#1133,.T.);
#1131 = VERTEX_POINT('',#1132);
#1132 = CARTESIAN_POINT('',(73.,2.2,8.003));
#1133 = CIRCLE('',#1134,2.);
#1134 = AXIS2_PLACEMENT_3D('',#1135,#1136,#1137);
#1135 = CARTESIAN_POINT('',(73.,0.2,8.003));
#1136 = DIRECTION('',(-1.,-2.05E-15,-0.));
#1137 = DIRECTION('',(-2.05E-15,1.,0.));
#1138 = ORIENTED_EDGE('',*,*,#1139,.F.);
#1139 = EDGE_CURVE('',#1080,#1131,#1140,.T.);
#1140 = CIRCLE('',#1141,2.2);
#1141 = AXIS2_PLACEMENT_3D('',#1142,#1143,#1144);
#1142 = CARTESIAN_POINT('',(73.,0.,8.003));
#1143 = DIRECTION('',(0.,-0.,1.));
#1144 = DIRECTION('',(0.821620609732,0.570034712683,0.));
#1145 = SURFACE_OF_REVOLUTION('',#1146,#1159);
#1146 = B_SPLINE_CURVE_WITH_KNOTS('',6,(#1147,#1148,#1149,#1150,#1151,
    #1152,#1153,#1154,#1155,#1156,#1157,#1158),.UNSPECIFIED.,.F.,.F.,(7,
    5,7),(4.712388980385,5.497787143782,6.28318530718),.UNSPECIFIED.);
#1147 = CARTESIAN_POINT('',(73.164324121946,0.114006942537,10.003));
#1148 = CARTESIAN_POINT('',(73.379423894578,0.263241681341,10.003));
#1149 = CARTESIAN_POINT('',(73.594523307933,0.412476170883,
    9.961876809637));
#1150 = CARTESIAN_POINT('',(73.802990634738,0.557109364515,9.87962935758
    ));
#1151 = CARTESIAN_POINT('',(73.998182885653,0.692532402046,
    9.758375011249));
#1152 = CARTESIAN_POINT('',(74.174172623496,0.814632868439,
    9.602333684796));
#1153 = CARTESIAN_POINT('',(74.478369639214,1.025682660034,9.23209343995
    ));
#1154 = CARTESIAN_POINT('',(74.606576408997,1.114631632725,
    9.017895139958));
#1155 = CARTESIAN_POINT('',(74.706201478962,1.183750819197,
    8.780325331457));
#1156 = CARTESIAN_POINT('',(74.77377768067,1.2306347219,8.526598338322)
  );
#1157 = CARTESIAN_POINT('',(74.80756534141,1.254076367903,8.264799387799
    ));
#1158 = CARTESIAN_POINT('',(74.80756534141,1.254076367903,8.003));
#1159 = AXIS1_PLACEMENT('',#1160,#1161);
#1160 = CARTESIAN_POINT('',(73.,0.,8.003));
#1161 = DIRECTION('',(-0.,-0.,-1.));
#1162 = ADVANCED_FACE('',(#1163),#1183,.T.);
#1163 = FACE_BOUND('',#1164,.F.);
#1164 = EDGE_LOOP('',(#1165,#1174,#1175,#1176));
#1165 = ORIENTED_EDGE('',*,*,#1166,.F.);
#1166 = EDGE_CURVE('',#329,#1167,#1169,.T.);
#1167 = VERTEX_POINT('',#1168);
#1168 = CARTESIAN_POINT('',(-1.658300005797,-0.504302559049,8.003));
#1169 = CIRCLE('',#1170,2.);
#1170 = AXIS2_PLACEMENT_3D('',#1171,#1172,#1173);
#1171 = CARTESIAN_POINT('',(-0.150754545982,-1.818572959914,8.003));
#1172 = DIRECTION('',(-0.657135200432,-0.753772729908,0.));
#1173 = DIRECTION('',(0.,0.,1.));
#1174 = ORIENTED_EDGE('',*,*,#336,.T.);
#1175 = ORIENTED_EDGE('',*,*,#1103,.T.);
#1176 = ORIENTED_EDGE('',*,*,#1177,.F.);
#1177 = EDGE_CURVE('',#1167,#1104,#1178,.T.);
#1178 = CIRCLE('',#1179,2.2);
#1179 = AXIS2_PLACEMENT_3D('',#1180,#1181,#1182);
#1180 = CARTESIAN_POINT('',(0.,-1.95,8.003));
#1181 = DIRECTION('',(0.,0.,1.));
#1182 = DIRECTION('',(-0.753772729908,0.657135200432,0.));
#1183 = SURFACE_OF_REVOLUTION('',#1184,#1197);
#1184 = B_SPLINE_CURVE_WITH_KNOTS('',6,(#1185,#1186,#1187,#1188,#1189,
    #1190,#1191,#1192,#1193,#1194,#1195,#1196),.UNSPECIFIED.,.F.,.F.,(7,
    5,7),(4.712388980385,5.497787143782,6.28318530718),.UNSPECIFIED.);
#1185 = CARTESIAN_POINT('',(-0.150754545982,-1.818572959914,10.003));
#1186 = CARTESIAN_POINT('',(-0.348091785211,-1.646535366739,10.003));
#1187 = CARTESIAN_POINT('',(-0.545428694833,-1.474498060915,
    9.961876809637));
#1188 = CARTESIAN_POINT('',(-0.7366811831,-1.307765122425,9.87962935758)
  );
#1189 = CARTESIAN_POINT('',(-0.915754826198,-1.151649638699,
    9.758375011249));
#1190 = CARTESIAN_POINT('',(-1.077211663524,-1.010892395902,
    9.602333684796));
#1191 = CARTESIAN_POINT('',(-1.356288663604,-0.767594498397,
    9.23209343995));
#1192 = CARTESIAN_POINT('',(-1.473908360222,-0.665054250063,
    9.017895139958));
#1193 = CARTESIAN_POINT('',(-1.56530657987,-0.585373750883,
    8.780325331457));
#1194 = CARTESIAN_POINT('',(-1.627302466335,-0.53132605499,
    8.526598338322));
#1195 = CARTESIAN_POINT('',(-1.658300005797,-0.504302559049,
    8.264799387799));
#1196 = CARTESIAN_POINT('',(-1.658300005797,-0.504302559049,8.003));
#1197 = AXIS1_PLACEMENT('',#1198,#1199);
#1198 = CARTESIAN_POINT('',(0.,-1.95,8.003));
#1199 = DIRECTION('',(-0.,-0.,-1.));
#1200 = ADVANCED_FACE('',(#1201),#1220,.T.);
#1201 = FACE_BOUND('',#1202,.T.);
#1202 = EDGE_LOOP('',(#1203,#1204,#1212,#1219));
#1203 = ORIENTED_EDGE('',*,*,#1130,.T.);
#1204 = ORIENTED_EDGE('',*,*,#1205,.T.);
#1205 = EDGE_CURVE('',#1131,#1206,#1208,.T.);
#1206 = VERTEX_POINT('',#1207);
#1207 = CARTESIAN_POINT('',(1.7,2.2,8.003));
#1208 = LINE('',#1209,#1210);
#1209 = CARTESIAN_POINT('',(73.,2.2,8.003));
#1210 = VECTOR('',#1211,1.);
#1211 = DIRECTION('',(-1.,0.,0.));
#1212 = ORIENTED_EDGE('',*,*,#1213,.F.);
#1213 = EDGE_CURVE('',#312,#1206,#1214,.T.);
#1214 = CIRCLE('',#1215,2.);
#1215 = AXIS2_PLACEMENT_3D('',#1216,#1217,#1218);
#1216 = CARTESIAN_POINT('',(1.7,0.2,8.003));
#1217 = DIRECTION('',(-1.,0.,0.));
#1218 = DIRECTION('',(0.,0.,1.));
#1219 = ORIENTED_EDGE('',*,*,#311,.F.);
#1220 = CYLINDRICAL_SURFACE('',#1221,2.);
#1221 = AXIS2_PLACEMENT_3D('',#1222,#1223,#1224);
#1222 = CARTESIAN_POINT('',(73.,0.2,8.003));
#1223 = DIRECTION('',(-1.,0.,0.));
#1224 = DIRECTION('',(0.,0.,1.));
#1225 = ADVANCED_FACE('',(#1226),#1245,.T.);
#1226 = FACE_BOUND('',#1227,.T.);
#1227 = EDGE_LOOP('',(#1228,#1237,#1243,#1244));
#1228 = ORIENTED_EDGE('',*,*,#1229,.T.);
#1229 = EDGE_CURVE('',#320,#1230,#1232,.T.);
#1230 = VERTEX_POINT('',#1231);
#1231 = CARTESIAN_POINT('',(4.169999420287E-02,1.445697440951,8.003));
#1232 = CIRCLE('',#1233,2.);
#1233 = AXIS2_PLACEMENT_3D('',#1234,#1235,#1236);
#1234 = CARTESIAN_POINT('',(1.549245454018,0.131427040086,8.003));
#1235 = DIRECTION('',(-0.657135200432,-0.753772729908,-0.));
#1236 = DIRECTION('',(-0.753772729908,0.657135200432,0.));
#1237 = ORIENTED_EDGE('',*,*,#1238,.T.);
#1238 = EDGE_CURVE('',#1230,#1167,#1239,.T.);
#1239 = LINE('',#1240,#1241);
#1240 = CARTESIAN_POINT('',(4.169999420287E-02,1.445697440951,8.003));
#1241 = VECTOR('',#1242,1.);
#1242 = DIRECTION('',(-0.657135200432,-0.753772729908,0.));
#1243 = ORIENTED_EDGE('',*,*,#1166,.F.);
#1244 = ORIENTED_EDGE('',*,*,#328,.F.);
#1245 = CYLINDRICAL_SURFACE('',#1246,2.);
#1246 = AXIS2_PLACEMENT_3D('',#1247,#1248,#1249);
#1247 = CARTESIAN_POINT('',(1.549245454018,0.131427040086,8.003));
#1248 = DIRECTION('',(-0.657135200432,-0.753772729908,0.));
#1249 = DIRECTION('',(0.,0.,1.));
#1250 = ADVANCED_FACE('',(#1251),#1263,.T.);
#1251 = FACE_BOUND('',#1252,.F.);
#1252 = EDGE_LOOP('',(#1253,#1254,#1255,#1256));
#1253 = ORIENTED_EDGE('',*,*,#1213,.F.);
#1254 = ORIENTED_EDGE('',*,*,#319,.T.);
#1255 = ORIENTED_EDGE('',*,*,#1229,.T.);
#1256 = ORIENTED_EDGE('',*,*,#1257,.F.);
#1257 = EDGE_CURVE('',#1206,#1230,#1258,.T.);
#1258 = CIRCLE('',#1259,2.2);
#1259 = AXIS2_PLACEMENT_3D('',#1260,#1261,#1262);
#1260 = CARTESIAN_POINT('',(1.7,0.,8.003));
#1261 = DIRECTION('',(0.,-0.,1.));
#1262 = DIRECTION('',(0.,1.,0.));
#1263 = SURFACE_OF_REVOLUTION('',#1264,#1277);
#1264 = B_SPLINE_CURVE_WITH_KNOTS('',6,(#1265,#1266,#1267,#1268,#1269,
    #1270,#1271,#1272,#1273,#1274,#1275,#1276),.UNSPECIFIED.,.F.,.F.,(7,
    5,7),(4.712388980385,5.497787143782,6.28318530718),.UNSPECIFIED.);
#1265 = CARTESIAN_POINT('',(1.7,0.2,10.003));
#1266 = CARTESIAN_POINT('',(1.7,0.461799387799,10.003));
#1267 = CARTESIAN_POINT('',(1.7,0.723598338322,9.961876809637));
#1268 = CARTESIAN_POINT('',(1.7,0.977325331457,9.87962935758));
#1269 = CARTESIAN_POINT('',(1.7,1.214895139958,9.758375011249));
#1270 = CARTESIAN_POINT('',(1.7,1.42909343995,9.602333684796));
#1271 = CARTESIAN_POINT('',(1.7,1.799333684796,9.23209343995));
#1272 = CARTESIAN_POINT('',(1.7,1.955375011249,9.017895139958));
#1273 = CARTESIAN_POINT('',(1.7,2.07662935758,8.780325331457));
#1274 = CARTESIAN_POINT('',(1.7,2.158876809637,8.526598338322));
#1275 = CARTESIAN_POINT('',(1.7,2.2,8.264799387799));
#1276 = CARTESIAN_POINT('',(1.7,2.2,8.003));
#1277 = AXIS1_PLACEMENT('',#1278,#1279);
#1278 = CARTESIAN_POINT('',(1.7,0.,8.003));
#1279 = DIRECTION('',(-0.,-0.,-1.));
#1280 = ADVANCED_FACE('',(#1281),#1300,.F.);
#1281 = FACE_BOUND('',#1282,.F.);
#1282 = EDGE_LOOP('',(#1283,#1284,#1292,#1299));
#1283 = ORIENTED_EDGE('',*,*,#429,.F.);
#1284 = ORIENTED_EDGE('',*,*,#1285,.T.);
#1285 = EDGE_CURVE('',#430,#1286,#1288,.T.);
#1286 = VERTEX_POINT('',#1287);
#1287 = CARTESIAN_POINT('',(16.3,-37.5,8.003));
#1288 = LINE('',#1289,#1290);
#1289 = CARTESIAN_POINT('',(16.3,-37.5,10.003));
#1290 = VECTOR('',#1291,1.);
#1291 = DIRECTION('',(-0.,-0.,-1.));
#1292 = ORIENTED_EDGE('',*,*,#1293,.T.);
#1293 = EDGE_CURVE('',#1286,#1286,#1294,.T.);
#1294 = CIRCLE('',#1295,6.95);
#1295 = AXIS2_PLACEMENT_3D('',#1296,#1297,#1298);
#1296 = CARTESIAN_POINT('',(9.35,-37.5,8.003));
#1297 = DIRECTION('',(0.,0.,1.));
#1298 = DIRECTION('',(1.,0.,0.));
#1299 = ORIENTED_EDGE('',*,*,#1285,.F.);
#1300 = CYLINDRICAL_SURFACE('',#1301,6.95);
#1301 = AXIS2_PLACEMENT_3D('',#1302,#1303,#1304);
#1302 = CARTESIAN_POINT('',(9.35,-37.5,10.003));
#1303 = DIRECTION('',(0.,0.,1.));
#1304 = DIRECTION('',(1.,0.,0.));
#1305 = ADVANCED_FACE('',(#1306),#1325,.F.);
#1306 = FACE_BOUND('',#1307,.F.);
#1307 = EDGE_LOOP('',(#1308,#1309,#1317,#1324));
#1308 = ORIENTED_EDGE('',*,*,#440,.F.);
#1309 = ORIENTED_EDGE('',*,*,#1310,.T.);
#1310 = EDGE_CURVE('',#441,#1311,#1313,.T.);
#1311 = VERTEX_POINT('',#1312);
#1312 = CARTESIAN_POINT('',(80.7,-24.42,8.003));
#1313 = LINE('',#1314,#1315);
#1314 = CARTESIAN_POINT('',(80.7,-24.42,10.003));
#1315 = VECTOR('',#1316,1.);
#1316 = DIRECTION('',(-0.,-0.,-1.));
#1317 = ORIENTED_EDGE('',*,*,#1318,.T.);
#1318 = EDGE_CURVE('',#1311,#1311,#1319,.T.);
#1319 = CIRCLE('',#1320,6.95);
#1320 = AXIS2_PLACEMENT_3D('',#1321,#1322,#1323);
#1321 = CARTESIAN_POINT('',(73.75,-24.42,8.003));
#1322 = DIRECTION('',(0.,0.,1.));
#1323 = DIRECTION('',(1.,0.,0.));
#1324 = ORIENTED_EDGE('',*,*,#1310,.F.);
#1325 = CYLINDRICAL_SURFACE('',#1326,6.95);
#1326 = AXIS2_PLACEMENT_3D('',#1327,#1328,#1329);
#1327 = CARTESIAN_POINT('',(73.75,-24.42,10.003));
#1328 = DIRECTION('',(0.,0.,1.));
#1329 = DIRECTION('',(1.,0.,0.));
#1330 = ADVANCED_FACE('',(#1331),#1350,.F.);
#1331 = FACE_BOUND('',#1332,.F.);
#1332 = EDGE_LOOP('',(#1333,#1334,#1342,#1349));
#1333 = ORIENTED_EDGE('',*,*,#451,.F.);
#1334 = ORIENTED_EDGE('',*,*,#1335,.T.);
#1335 = EDGE_CURVE('',#452,#1336,#1338,.T.);
#1336 = VERTEX_POINT('',#1337);
#1337 = CARTESIAN_POINT('',(38.7437,-18.09,8.003));
#1338 = LINE('',#1339,#1340);
#1339 = CARTESIAN_POINT('',(38.7437,-18.09,10.003));
#1340 = VECTOR('',#1341,1.);
#1341 = DIRECTION('',(-0.,-0.,-1.));
#1342 = ORIENTED_EDGE('',*,*,#1343,.T.);
#1343 = EDGE_CURVE('',#1336,#1336,#1344,.T.);
#1344 = CIRCLE('',#1345,6.95);
#1345 = AXIS2_PLACEMENT_3D('',#1346,#1347,#1348);
#1346 = CARTESIAN_POINT('',(31.7937,-18.09,8.003));
#1347 = DIRECTION('',(0.,0.,1.));
#1348 = DIRECTION('',(1.,0.,0.));
#1349 = ORIENTED_EDGE('',*,*,#1335,.F.);
#1350 = CYLINDRICAL_SURFACE('',#1351,6.95);
#1351 = AXIS2_PLACEMENT_3D('',#1352,#1353,#1354);
#1352 = CARTESIAN_POINT('',(31.7937,-18.09,10.003));
#1353 = DIRECTION('',(0.,0.,1.));
#1354 = DIRECTION('',(1.,0.,0.));
#1355 = ADVANCED_FACE('',(#1356),#1375,.F.);
#1356 = FACE_BOUND('',#1357,.F.);
#1357 = EDGE_LOOP('',(#1358,#1359,#1367,#1374));
#1358 = ORIENTED_EDGE('',*,*,#462,.F.);
#1359 = ORIENTED_EDGE('',*,*,#1360,.T.);
#1360 = EDGE_CURVE('',#463,#1361,#1363,.T.);
#1361 = VERTEX_POINT('',#1362);
#1362 = CARTESIAN_POINT('',(59.8,-15.09,8.003));
#1363 = LINE('',#1364,#1365);
#1364 = CARTESIAN_POINT('',(59.8,-15.09,10.003));
#1365 = VECTOR('',#1366,1.);
#1366 = DIRECTION('',(-0.,-0.,-1.));
#1367 = ORIENTED_EDGE('',*,*,#1368,.T.);
#1368 = EDGE_CURVE('',#1361,#1361,#1369,.T.);
#1369 = CIRCLE('',#1370,6.95);
#1370 = AXIS2_PLACEMENT_3D('',#1371,#1372,#1373);
#1371 = CARTESIAN_POINT('',(52.85,-15.09,8.003));
#1372 = DIRECTION('',(0.,0.,1.));
#1373 = DIRECTION('',(1.,0.,0.));
#1374 = ORIENTED_EDGE('',*,*,#1360,.F.);
#1375 = CYLINDRICAL_SURFACE('',#1376,6.95);
#1376 = AXIS2_PLACEMENT_3D('',#1377,#1378,#1379);
#1377 = CARTESIAN_POINT('',(52.85,-15.09,10.003));
#1378 = DIRECTION('',(0.,0.,1.));
#1379 = DIRECTION('',(1.,0.,0.));
#1380 = ADVANCED_FACE('',(#1381),#1401,.T.);
#1381 = FACE_BOUND('',#1382,.T.);
#1382 = EDGE_LOOP('',(#1383,#1392,#1393,#1394));
#1383 = ORIENTED_EDGE('',*,*,#1384,.F.);
#1384 = EDGE_CURVE('',#474,#1385,#1387,.T.);
#1385 = VERTEX_POINT('',#1386);
#1386 = CARTESIAN_POINT('',(6.642341,-1.517642,9.603));
#1387 = CIRCLE('',#1388,0.4);
#1388 = AXIS2_PLACEMENT_3D('',#1389,#1390,#1391);
#1389 = CARTESIAN_POINT('',(7.042341,-1.517642,9.603));
#1390 = DIRECTION('',(-1.02E-15,-1.,0.));
#1391 = DIRECTION('',(1.,-1.02E-15,0.));
#1392 = ORIENTED_EDGE('',*,*,#473,.T.);
#1393 = ORIENTED_EDGE('',*,*,#1384,.T.);
#1394 = ORIENTED_EDGE('',*,*,#1395,.F.);
#1395 = EDGE_CURVE('',#1385,#1385,#1396,.T.);
#1396 = CIRCLE('',#1397,1.3);
#1397 = AXIS2_PLACEMENT_3D('',#1398,#1399,#1400);
#1398 = CARTESIAN_POINT('',(5.342341,-1.517642,9.603));
#1399 = DIRECTION('',(-0.,0.,1.));
#1400 = DIRECTION('',(1.,-1.02E-15,0.));
#1401 = TOROIDAL_SURFACE('',#1402,1.7,0.4);
#1402 = AXIS2_PLACEMENT_3D('',#1403,#1404,#1405);
#1403 = CARTESIAN_POINT('',(5.342341,-1.517642,9.603));
#1404 = DIRECTION('',(0.,0.,1.));
#1405 = DIRECTION('',(1.,-1.02E-15,0.));
#1406 = ADVANCED_FACE('',(#1407),#1426,.F.);
#1407 = FACE_BOUND('',#1408,.F.);
#1408 = EDGE_LOOP('',(#1409,#1417,#1418,#1419));
#1409 = ORIENTED_EDGE('',*,*,#1410,.F.);
#1410 = EDGE_CURVE('',#491,#1411,#1413,.T.);
#1411 = VERTEX_POINT('',#1412);
#1412 = CARTESIAN_POINT('',(18.499926,-1.519071,8.003));
#1413 = LINE('',#1414,#1415);
#1414 = CARTESIAN_POINT('',(18.499926,-1.519071,10.003));
#1415 = VECTOR('',#1416,1.);
#1416 = DIRECTION('',(-0.,-0.,-1.));
#1417 = ORIENTED_EDGE('',*,*,#501,.F.);
#1418 = ORIENTED_EDGE('',*,*,#1410,.T.);
#1419 = ORIENTED_EDGE('',*,*,#1420,.T.);
#1420 = EDGE_CURVE('',#1411,#1411,#1421,.T.);
#1421 = CIRCLE('',#1422,1.3);
#1422 = AXIS2_PLACEMENT_3D('',#1423,#1424,#1425);
#1423 = CARTESIAN_POINT('',(17.199926,-1.519071,8.003));
#1424 = DIRECTION('',(0.,0.,1.));
#1425 = DIRECTION('',(1.,0.,0.));
#1426 = CYLINDRICAL_SURFACE('',#1427,1.3);
#1427 = AXIS2_PLACEMENT_3D('',#1428,#1429,#1430);
#1428 = CARTESIAN_POINT('',(17.199926,-1.519071,10.003));
#1429 = DIRECTION('',(0.,0.,1.));
#1430 = DIRECTION('',(1.,0.,0.));
#1431 = ADVANCED_FACE('',(#1432),#1557,.F.);
#1432 = FACE_BOUND('',#1433,.F.);
#1433 = EDGE_LOOP('',(#1434,#1444,#1452,#1461,#1469,#1478,#1486,#1494,
    #1502,#1511,#1519,#1528,#1536,#1544,#1550,#1551));
#1434 = ORIENTED_EDGE('',*,*,#1435,.F.);
#1435 = EDGE_CURVE('',#1436,#1438,#1440,.T.);
#1436 = VERTEX_POINT('',#1437);
#1437 = CARTESIAN_POINT('',(64.685104,-35.2,0.));
#1438 = VERTEX_POINT('',#1439);
#1439 = CARTESIAN_POINT('',(64.910351909905,-35.2,0.));
#1440 = LINE('',#1441,#1442);
#1441 = CARTESIAN_POINT('',(22.646443942425,-35.2,0.));
#1442 = VECTOR('',#1443,1.);
#1443 = DIRECTION('',(1.,0.,0.));
#1444 = ORIENTED_EDGE('',*,*,#1445,.T.);
#1445 = EDGE_CURVE('',#1436,#1446,#1448,.T.);
#1446 = VERTEX_POINT('',#1447);
#1447 = CARTESIAN_POINT('',(64.685104,-35.2,2.391973));
#1448 = LINE('',#1449,#1450);
#1449 = CARTESIAN_POINT('',(64.685104,-35.2,1.1E-16));
#1450 = VECTOR('',#1451,1.);
#1451 = DIRECTION('',(0.,2.2E-16,1.));
#1452 = ORIENTED_EDGE('',*,*,#1453,.T.);
#1453 = EDGE_CURVE('',#1446,#1454,#1456,.T.);
#1454 = VERTEX_POINT('',#1455);
#1455 = CARTESIAN_POINT('',(63.791109,-35.2,3.285968));
#1456 = CIRCLE('',#1457,0.893995);
#1457 = AXIS2_PLACEMENT_3D('',#1458,#1459,#1460);
#1458 = CARTESIAN_POINT('',(63.791109,-35.2,2.391973));
#1459 = DIRECTION('',(0.,-1.,0.));
#1460 = DIRECTION('',(1.,0.,0.));
#1461 = ORIENTED_EDGE('',*,*,#1462,.T.);
#1462 = EDGE_CURVE('',#1454,#1463,#1465,.T.);
#1463 = VERTEX_POINT('',#1464);
#1464 = CARTESIAN_POINT('',(56.445051,-35.2,3.285968));
#1465 = LINE('',#1466,#1467);
#1466 = CARTESIAN_POINT('',(63.791109,-35.2,3.285968));
#1467 = VECTOR('',#1468,1.);
#1468 = DIRECTION('',(-1.,0.,0.));
#1469 = ORIENTED_EDGE('',*,*,#1470,.T.);
#1470 = EDGE_CURVE('',#1463,#1471,#1473,.T.);
#1471 = VERTEX_POINT('',#1472);
#1472 = CARTESIAN_POINT('',(55.551056,-35.2,2.391973));
#1473 = CIRCLE('',#1474,0.893995);
#1474 = AXIS2_PLACEMENT_3D('',#1475,#1476,#1477);
#1475 = CARTESIAN_POINT('',(56.445051,-35.2,2.391973));
#1476 = DIRECTION('',(0.,-1.,0.));
#1477 = DIRECTION('',(1.803E-14,0.,1.));
#1478 = ORIENTED_EDGE('',*,*,#1479,.T.);
#1479 = EDGE_CURVE('',#1471,#1480,#1482,.T.);
#1480 = VERTEX_POINT('',#1481);
#1481 = CARTESIAN_POINT('',(55.551056,-35.2,0.));
#1482 = LINE('',#1483,#1484);
#1483 = CARTESIAN_POINT('',(55.551056,-35.2,2.391973));
#1484 = VECTOR('',#1485,1.);
#1485 = DIRECTION('',(0.,-2.2E-16,-1.));
#1486 = ORIENTED_EDGE('',*,*,#1487,.F.);
#1487 = EDGE_CURVE('',#1488,#1480,#1490,.T.);
#1488 = VERTEX_POINT('',#1489);
#1489 = CARTESIAN_POINT('',(50.002907,-35.2,0.));
#1490 = LINE('',#1491,#1492);
#1491 = CARTESIAN_POINT('',(22.646443942425,-35.2,0.));
#1492 = VECTOR('',#1493,1.);
#1493 = DIRECTION('',(1.,0.,0.));
#1494 = ORIENTED_EDGE('',*,*,#1495,.T.);
#1495 = EDGE_CURVE('',#1488,#1496,#1498,.T.);
#1496 = VERTEX_POINT('',#1497);
#1497 = CARTESIAN_POINT('',(50.002907,-35.2,2.420986));
#1498 = LINE('',#1499,#1500);
#1499 = CARTESIAN_POINT('',(50.002907,-35.2,1.1E-16));
#1500 = VECTOR('',#1501,1.);
#1501 = DIRECTION('',(0.,2.2E-16,1.));
#1502 = ORIENTED_EDGE('',*,*,#1503,.T.);
#1503 = EDGE_CURVE('',#1496,#1504,#1506,.T.);
#1504 = VERTEX_POINT('',#1505);
#1505 = CARTESIAN_POINT('',(49.104133,-35.2,3.31976));
#1506 = CIRCLE('',#1507,0.898774);
#1507 = AXIS2_PLACEMENT_3D('',#1508,#1509,#1510);
#1508 = CARTESIAN_POINT('',(49.104133,-35.2,2.420986));
#1509 = DIRECTION('',(0.,-1.,0.));
#1510 = DIRECTION('',(1.,0.,0.));
#1511 = ORIENTED_EDGE('',*,*,#1512,.T.);
#1512 = EDGE_CURVE('',#1504,#1513,#1515,.T.);
#1513 = VERTEX_POINT('',#1514);
#1514 = CARTESIAN_POINT('',(39.255929,-35.2,3.31976));
#1515 = LINE('',#1516,#1517);
#1516 = CARTESIAN_POINT('',(49.104133,-35.2,3.31976));
#1517 = VECTOR('',#1518,1.);
#1518 = DIRECTION('',(-1.,0.,0.));
#1519 = ORIENTED_EDGE('',*,*,#1520,.T.);
#1520 = EDGE_CURVE('',#1513,#1521,#1523,.T.);
#1521 = VERTEX_POINT('',#1522);
#1522 = CARTESIAN_POINT('',(38.357155,-35.2,2.420986));
#1523 = CIRCLE('',#1524,0.898774);
#1524 = AXIS2_PLACEMENT_3D('',#1525,#1526,#1527);
#1525 = CARTESIAN_POINT('',(39.255929,-35.2,2.420986));
#1526 = DIRECTION('',(0.,-1.,0.));
#1527 = DIRECTION('',(0.,0.,1.));
#1528 = ORIENTED_EDGE('',*,*,#1529,.T.);
#1529 = EDGE_CURVE('',#1521,#1530,#1532,.T.);
#1530 = VERTEX_POINT('',#1531);
#1531 = CARTESIAN_POINT('',(38.357155,-35.2,0.));
#1532 = LINE('',#1533,#1534);
#1533 = CARTESIAN_POINT('',(38.357155,-35.2,2.420986));
#1534 = VECTOR('',#1535,1.);
#1535 = DIRECTION('',(0.,-2.2E-16,-1.));
#1536 = ORIENTED_EDGE('',*,*,#1537,.F.);
#1537 = EDGE_CURVE('',#1538,#1530,#1540,.T.);
#1538 = VERTEX_POINT('',#1539);
#1539 = CARTESIAN_POINT('',(22.646443942425,-35.2,0.));
#1540 = LINE('',#1541,#1542);
#1541 = CARTESIAN_POINT('',(22.646443942425,-35.2,0.));
#1542 = VECTOR('',#1543,1.);
#1543 = DIRECTION('',(1.,0.,0.));
#1544 = ORIENTED_EDGE('',*,*,#1545,.T.);
#1545 = EDGE_CURVE('',#1538,#517,#1546,.T.);
#1546 = LINE('',#1547,#1548);
#1547 = CARTESIAN_POINT('',(22.646443942425,-35.2,0.));
#1548 = VECTOR('',#1549,1.);
#1549 = DIRECTION('',(0.,0.,1.));
#1550 = ORIENTED_EDGE('',*,*,#525,.T.);
#1551 = ORIENTED_EDGE('',*,*,#1552,.F.);
#1552 = EDGE_CURVE('',#1438,#526,#1553,.T.);
#1553 = LINE('',#1554,#1555);
#1554 = CARTESIAN_POINT('',(64.910351909905,-35.2,0.));
#1555 = VECTOR('',#1556,1.);
#1556 = DIRECTION('',(0.,0.,1.));
#1557 = PLANE('',#1558);
#1558 = AXIS2_PLACEMENT_3D('',#1559,#1560,#1561);
#1559 = CARTESIAN_POINT('',(22.646443942425,-35.2,0.));
#1560 = DIRECTION('',(0.,1.,0.));
#1561 = DIRECTION('',(1.,0.,0.));
#1562 = ADVANCED_FACE('',(#1563),#1581,.F.);
#1563 = FACE_BOUND('',#1564,.F.);
#1564 = EDGE_LOOP('',(#1565,#1573,#1574,#1575));
#1565 = ORIENTED_EDGE('',*,*,#1566,.T.);
#1566 = EDGE_CURVE('',#1567,#550,#1569,.T.);
#1567 = VERTEX_POINT('',#1568);
#1568 = CARTESIAN_POINT('',(20.88,-36.92616671898,0.));
#1569 = LINE('',#1570,#1571);
#1570 = CARTESIAN_POINT('',(20.88,-36.92616671898,0.));
#1571 = VECTOR('',#1572,1.);
#1572 = DIRECTION('',(0.,0.,1.));
#1573 = ORIENTED_EDGE('',*,*,#558,.T.);
#1574 = ORIENTED_EDGE('',*,*,#1545,.F.);
#1575 = ORIENTED_EDGE('',*,*,#1576,.F.);
#1576 = EDGE_CURVE('',#1567,#1538,#1577,.T.);
#1577 = LINE('',#1578,#1579);
#1578 = CARTESIAN_POINT('',(20.88,-36.92616671898,0.));
#1579 = VECTOR('',#1580,1.);
#1580 = DIRECTION('',(0.715213668601,0.698905865082,0.));
#1581 = PLANE('',#1582);
#1582 = AXIS2_PLACEMENT_3D('',#1583,#1584,#1585);
#1583 = CARTESIAN_POINT('',(20.88,-36.92616671898,0.));
#1584 = DIRECTION('',(-0.698905865082,0.715213668601,0.));
#1585 = DIRECTION('',(0.715213668601,0.698905865082,0.));
#1586 = ADVANCED_FACE('',(#1587),#1605,.F.);
#1587 = FACE_BOUND('',#1588,.F.);
#1588 = EDGE_LOOP('',(#1589,#1590,#1591,#1599));
#1589 = ORIENTED_EDGE('',*,*,#1552,.T.);
#1590 = ORIENTED_EDGE('',*,*,#575,.T.);
#1591 = ORIENTED_EDGE('',*,*,#1592,.F.);
#1592 = EDGE_CURVE('',#1593,#576,#1595,.T.);
#1593 = VERTEX_POINT('',#1594);
#1594 = CARTESIAN_POINT('',(68.94033791277,-40.57045043025,0.));
#1595 = LINE('',#1596,#1597);
#1596 = CARTESIAN_POINT('',(68.94033791277,-40.57045043025,0.));
#1597 = VECTOR('',#1598,1.);
#1598 = DIRECTION('',(0.,0.,1.));
#1599 = ORIENTED_EDGE('',*,*,#1600,.F.);
#1600 = EDGE_CURVE('',#1438,#1593,#1601,.T.);
#1601 = LINE('',#1602,#1603);
#1602 = CARTESIAN_POINT('',(64.910351909905,-35.2,0.));
#1603 = VECTOR('',#1604,1.);
#1604 = DIRECTION('',(0.600204741026,-0.799846403286,0.));
#1605 = PLANE('',#1606);
#1606 = AXIS2_PLACEMENT_3D('',#1607,#1608,#1609);
#1607 = CARTESIAN_POINT('',(64.910351909905,-35.2,0.));
#1608 = DIRECTION('',(0.799846403286,0.600204741026,0.));
#1609 = DIRECTION('',(0.600204741026,-0.799846403286,0.));
#1610 = ADVANCED_FACE('',(#1611),#1629,.F.);
#1611 = FACE_BOUND('',#1612,.F.);
#1612 = EDGE_LOOP('',(#1613,#1621,#1622,#1623));
#1613 = ORIENTED_EDGE('',*,*,#1614,.T.);
#1614 = EDGE_CURVE('',#1615,#600,#1617,.T.);
#1615 = VERTEX_POINT('',#1616);
#1616 = CARTESIAN_POINT('',(20.88,-46.05,0.));
#1617 = LINE('',#1618,#1619);
#1618 = CARTESIAN_POINT('',(20.88,-46.05,0.));
#1619 = VECTOR('',#1620,1.);
#1620 = DIRECTION('',(0.,0.,1.));
#1621 = ORIENTED_EDGE('',*,*,#608,.T.);
#1622 = ORIENTED_EDGE('',*,*,#1566,.F.);
#1623 = ORIENTED_EDGE('',*,*,#1624,.F.);
#1624 = EDGE_CURVE('',#1615,#1567,#1625,.T.);
#1625 = LINE('',#1626,#1627);
#1626 = CARTESIAN_POINT('',(20.88,-46.05,0.));
#1627 = VECTOR('',#1628,1.);
#1628 = DIRECTION('',(0.,1.,0.));
#1629 = PLANE('',#1630);
#1630 = AXIS2_PLACEMENT_3D('',#1631,#1632,#1633);
#1631 = CARTESIAN_POINT('',(20.88,-46.05,0.));
#1632 = DIRECTION('',(-1.,0.,0.));
#1633 = DIRECTION('',(0.,1.,0.));
#1634 = ADVANCED_FACE('',(#1635),#1654,.T.);
#1635 = FACE_BOUND('',#1636,.F.);
#1636 = EDGE_LOOP('',(#1637,#1638,#1639,#1647));
#1637 = ORIENTED_EDGE('',*,*,#1592,.T.);
#1638 = ORIENTED_EDGE('',*,*,#635,.T.);
#1639 = ORIENTED_EDGE('',*,*,#1640,.F.);
#1640 = EDGE_CURVE('',#1641,#627,#1643,.T.);
#1641 = VERTEX_POINT('',#1642);
#1642 = CARTESIAN_POINT('',(70.7,-41.45,0.));
#1643 = LINE('',#1644,#1645);
#1644 = CARTESIAN_POINT('',(70.7,-41.45,0.));
#1645 = VECTOR('',#1646,1.);
#1646 = DIRECTION('',(0.,0.,1.));
#1647 = ORIENTED_EDGE('',*,*,#1648,.F.);
#1648 = EDGE_CURVE('',#1593,#1641,#1649,.T.);
#1649 = CIRCLE('',#1650,2.2);
#1650 = AXIS2_PLACEMENT_3D('',#1651,#1652,#1653);
#1651 = CARTESIAN_POINT('',(70.7,-39.25,0.));
#1652 = DIRECTION('',(0.,0.,1.));
#1653 = DIRECTION('',(1.,0.,0.));
#1654 = CYLINDRICAL_SURFACE('',#1655,2.2);
#1655 = AXIS2_PLACEMENT_3D('',#1656,#1657,#1658);
#1656 = CARTESIAN_POINT('',(70.7,-39.25,0.));
#1657 = DIRECTION('',(-0.,-0.,-1.));
#1658 = DIRECTION('',(1.,0.,0.));
#1659 = ADVANCED_FACE('',(#1660),#1679,.T.);
#1660 = FACE_BOUND('',#1661,.F.);
#1661 = EDGE_LOOP('',(#1662,#1670,#1671,#1672));
#1662 = ORIENTED_EDGE('',*,*,#1663,.T.);
#1663 = EDGE_CURVE('',#1664,#663,#1666,.T.);
#1664 = VERTEX_POINT('',#1665);
#1665 = CARTESIAN_POINT('',(20.238161683496,-47.6031040429,0.));
#1666 = LINE('',#1667,#1668);
#1667 = CARTESIAN_POINT('',(20.238161683496,-47.6031040429,0.));
#1668 = VECTOR('',#1669,1.);
#1669 = DIRECTION('',(0.,0.,1.));
#1670 = ORIENTED_EDGE('',*,*,#673,.T.);
#1671 = ORIENTED_EDGE('',*,*,#1614,.F.);
#1672 = ORIENTED_EDGE('',*,*,#1673,.F.);
#1673 = EDGE_CURVE('',#1664,#1615,#1674,.T.);
#1674 = CIRCLE('',#1675,2.2);
#1675 = AXIS2_PLACEMENT_3D('',#1676,#1677,#1678);
#1676 = CARTESIAN_POINT('',(18.68,-46.05,0.));
#1677 = DIRECTION('',(0.,-0.,1.));
#1678 = DIRECTION('',(1.1E-16,1.,0.));
#1679 = CYLINDRICAL_SURFACE('',#1680,2.2);
#1680 = AXIS2_PLACEMENT_3D('',#1681,#1682,#1683);
#1681 = CARTESIAN_POINT('',(18.68,-46.05,0.));
#1682 = DIRECTION('',(0.,0.,-1.));
#1683 = DIRECTION('',(1.1E-16,1.,0.));
#1684 = ADVANCED_FACE('',(#1685),#1703,.F.);
#1685 = FACE_BOUND('',#1686,.F.);
#1686 = EDGE_LOOP('',(#1687,#1688,#1689,#1697));
#1687 = ORIENTED_EDGE('',*,*,#1640,.T.);
#1688 = ORIENTED_EDGE('',*,*,#701,.T.);
#1689 = ORIENTED_EDGE('',*,*,#1690,.F.);
#1690 = EDGE_CURVE('',#1691,#702,#1693,.T.);
#1691 = VERTEX_POINT('',#1692);
#1692 = CARTESIAN_POINT('',(76.9,-41.45,0.));
#1693 = LINE('',#1694,#1695);
#1694 = CARTESIAN_POINT('',(76.9,-41.45,0.));
#1695 = VECTOR('',#1696,1.);
#1696 = DIRECTION('',(0.,0.,1.));
#1697 = ORIENTED_EDGE('',*,*,#1698,.F.);
#1698 = EDGE_CURVE('',#1641,#1691,#1699,.T.);
#1699 = LINE('',#1700,#1701);
#1700 = CARTESIAN_POINT('',(70.7,-41.45,0.));
#1701 = VECTOR('',#1702,1.);
#1702 = DIRECTION('',(1.,0.,0.));
#1703 = PLANE('',#1704);
#1704 = AXIS2_PLACEMENT_3D('',#1705,#1706,#1707);
#1705 = CARTESIAN_POINT('',(70.7,-41.45,0.));
#1706 = DIRECTION('',(0.,1.,0.));
#1707 = DIRECTION('',(1.,0.,0.));
#1708 = ADVANCED_FACE('',(#1709),#1727,.F.);
#1709 = FACE_BOUND('',#1710,.F.);
#1710 = EDGE_LOOP('',(#1711,#1719,#1720,#1721));
#1711 = ORIENTED_EDGE('',*,*,#1712,.T.);
#1712 = EDGE_CURVE('',#1713,#726,#1715,.T.);
#1713 = VERTEX_POINT('',#1714);
#1714 = CARTESIAN_POINT('',(14.058161683496,-53.8032290429,0.));
#1715 = LINE('',#1716,#1717);
#1716 = CARTESIAN_POINT('',(14.058161683496,-53.8032290429,0.));
#1717 = VECTOR('',#1718,1.);
#1718 = DIRECTION('',(0.,0.,1.));
#1719 = ORIENTED_EDGE('',*,*,#734,.T.);
#1720 = ORIENTED_EDGE('',*,*,#1663,.F.);
#1721 = ORIENTED_EDGE('',*,*,#1722,.F.);
#1722 = EDGE_CURVE('',#1713,#1664,#1723,.T.);
#1723 = LINE('',#1724,#1725);
#1724 = CARTESIAN_POINT('',(14.058161683496,-53.8032290429,0.));
#1725 = VECTOR('',#1726,1.);
#1726 = DIRECTION('',(0.705956383138,0.70825531068,0.));
#1727 = PLANE('',#1728);
#1728 = AXIS2_PLACEMENT_3D('',#1729,#1730,#1731);
#1729 = CARTESIAN_POINT('',(14.058161683496,-53.8032290429,0.));
#1730 = DIRECTION('',(-0.70825531068,0.705956383138,0.));
#1731 = DIRECTION('',(0.705956383138,0.70825531068,0.));
#1732 = ADVANCED_FACE('',(#1733),#1752,.T.);
#1733 = FACE_BOUND('',#1734,.F.);
#1734 = EDGE_LOOP('',(#1735,#1736,#1737,#1745));
#1735 = ORIENTED_EDGE('',*,*,#1690,.T.);
#1736 = ORIENTED_EDGE('',*,*,#761,.T.);
#1737 = ORIENTED_EDGE('',*,*,#1738,.F.);
#1738 = EDGE_CURVE('',#1739,#753,#1741,.T.);
#1739 = VERTEX_POINT('',#1740);
#1740 = CARTESIAN_POINT('',(78.47907955472,-40.78183150505,0.));
#1741 = LINE('',#1742,#1743);
#1742 = CARTESIAN_POINT('',(78.47907955472,-40.78183150505,0.));
#1743 = VECTOR('',#1744,1.);
#1744 = DIRECTION('',(0.,0.,1.));
#1745 = ORIENTED_EDGE('',*,*,#1746,.F.);
#1746 = EDGE_CURVE('',#1691,#1739,#1747,.T.);
#1747 = CIRCLE('',#1748,2.2);
#1748 = AXIS2_PLACEMENT_3D('',#1749,#1750,#1751);
#1749 = CARTESIAN_POINT('',(76.9,-39.25,0.));
#1750 = DIRECTION('',(0.,-0.,1.));
#1751 = DIRECTION('',(0.69628704775,0.717763433963,0.));
#1752 = CYLINDRICAL_SURFACE('',#1753,2.2);
#1753 = AXIS2_PLACEMENT_3D('',#1754,#1755,#1756);
#1754 = CARTESIAN_POINT('',(76.9,-39.25,0.));
#1755 = DIRECTION('',(0.,0.,-1.));
#1756 = DIRECTION('',(0.69628704775,0.717763433963,0.));
#1757 = ADVANCED_FACE('',(#1758),#1777,.T.);
#1758 = FACE_BOUND('',#1759,.F.);
#1759 = EDGE_LOOP('',(#1760,#1768,#1769,#1770));
#1760 = ORIENTED_EDGE('',*,*,#1761,.T.);
#1761 = EDGE_CURVE('',#1762,#789,#1764,.T.);
#1762 = VERTEX_POINT('',#1763);
#1763 = CARTESIAN_POINT('',(12.499956692913,-54.45012499957,0.));
#1764 = LINE('',#1765,#1766);
#1765 = CARTESIAN_POINT('',(12.499956692913,-54.45012499957,0.));
#1766 = VECTOR('',#1767,1.);
#1767 = DIRECTION('',(0.,0.,1.));
#1768 = ORIENTED_EDGE('',*,*,#799,.T.);
#1769 = ORIENTED_EDGE('',*,*,#1712,.F.);
#1770 = ORIENTED_EDGE('',*,*,#1771,.F.);
#1771 = EDGE_CURVE('',#1762,#1713,#1772,.T.);
#1772 = CIRCLE('',#1773,2.2);
#1773 = AXIS2_PLACEMENT_3D('',#1774,#1775,#1776);
#1774 = CARTESIAN_POINT('',(12.5,-52.250125,0.));
#1775 = DIRECTION('',(0.,-0.,1.));
#1776 = DIRECTION('',(0.705956383138,0.70825531068,0.));
#1777 = CYLINDRICAL_SURFACE('',#1778,2.2);
#1778 = AXIS2_PLACEMENT_3D('',#1779,#1780,#1781);
#1779 = CARTESIAN_POINT('',(12.5,-52.250125,0.));
#1780 = DIRECTION('',(0.,0.,-1.));
#1781 = DIRECTION('',(0.705956383138,0.70825531068,0.));
#1782 = ADVANCED_FACE('',(#1783),#1801,.F.);
#1783 = FACE_BOUND('',#1784,.F.);
#1784 = EDGE_LOOP('',(#1785,#1786,#1787,#1795));
#1785 = ORIENTED_EDGE('',*,*,#1738,.T.);
#1786 = ORIENTED_EDGE('',*,*,#827,.T.);
#1787 = ORIENTED_EDGE('',*,*,#1788,.F.);
#1788 = EDGE_CURVE('',#1789,#828,#1791,.T.);
#1789 = VERTEX_POINT('',#1790);
#1790 = CARTESIAN_POINT('',(84.63907955472,-34.43183150505,0.));
#1791 = LINE('',#1792,#1793);
#1792 = CARTESIAN_POINT('',(84.63907955472,-34.43183150505,0.));
#1793 = VECTOR('',#1794,1.);
#1794 = DIRECTION('',(0.,0.,1.));
#1795 = ORIENTED_EDGE('',*,*,#1796,.F.);
#1796 = EDGE_CURVE('',#1739,#1789,#1797,.T.);
#1797 = LINE('',#1798,#1799);
#1798 = CARTESIAN_POINT('',(78.47907955472,-40.78183150505,0.));
#1799 = VECTOR('',#1800,1.);
#1800 = DIRECTION('',(0.69628704775,0.717763433963,0.));
#1801 = PLANE('',#1802);
#1802 = AXIS2_PLACEMENT_3D('',#1803,#1804,#1805);
#1803 = CARTESIAN_POINT('',(78.47907955472,-40.78183150505,0.));
#1804 = DIRECTION('',(-0.717763433963,0.69628704775,0.));
#1805 = DIRECTION('',(0.69628704775,0.717763433963,0.));
#1806 = ADVANCED_FACE('',(#1807),#1825,.F.);
#1807 = FACE_BOUND('',#1808,.F.);
#1808 = EDGE_LOOP('',(#1809,#1817,#1818,#1819));
#1809 = ORIENTED_EDGE('',*,*,#1810,.T.);
#1810 = EDGE_CURVE('',#1811,#852,#1813,.T.);
#1811 = VERTEX_POINT('',#1812);
#1812 = CARTESIAN_POINT('',(6.149956692913,-54.44999999957,0.));
#1813 = LINE('',#1814,#1815);
#1814 = CARTESIAN_POINT('',(6.149956692913,-54.44999999957,0.));
#1815 = VECTOR('',#1816,1.);
#1816 = DIRECTION('',(0.,0.,1.));
#1817 = ORIENTED_EDGE('',*,*,#860,.T.);
#1818 = ORIENTED_EDGE('',*,*,#1761,.F.);
#1819 = ORIENTED_EDGE('',*,*,#1820,.F.);
#1820 = EDGE_CURVE('',#1811,#1762,#1821,.T.);
#1821 = LINE('',#1822,#1823);
#1822 = CARTESIAN_POINT('',(6.149956692913,-54.44999999957,0.));
#1823 = VECTOR('',#1824,1.);
#1824 = DIRECTION('',(0.999999999806,-1.96850393658E-05,0.));
#1825 = PLANE('',#1826);
#1826 = AXIS2_PLACEMENT_3D('',#1827,#1828,#1829);
#1827 = CARTESIAN_POINT('',(6.149956692913,-54.44999999957,0.));
#1828 = DIRECTION('',(1.96850393658E-05,0.999999999806,0.));
#1829 = DIRECTION('',(0.999999999806,-1.96850393658E-05,0.));
#1830 = ADVANCED_FACE('',(#1831),#1850,.T.);
#1831 = FACE_BOUND('',#1832,.F.);
#1832 = EDGE_LOOP('',(#1833,#1834,#1835,#1843));
#1833 = ORIENTED_EDGE('',*,*,#1788,.T.);
#1834 = ORIENTED_EDGE('',*,*,#887,.T.);
#1835 = ORIENTED_EDGE('',*,*,#1836,.F.);
#1836 = EDGE_CURVE('',#1837,#879,#1839,.T.);
#1837 = VERTEX_POINT('',#1838);
#1838 = CARTESIAN_POINT('',(85.26,-32.9,0.));
#1839 = LINE('',#1840,#1841);
#1840 = CARTESIAN_POINT('',(85.26,-32.9,0.));
#1841 = VECTOR('',#1842,1.);
#1842 = DIRECTION('',(0.,0.,1.));
#1843 = ORIENTED_EDGE('',*,*,#1844,.F.);
#1844 = EDGE_CURVE('',#1789,#1837,#1845,.T.);
#1845 = CIRCLE('',#1846,2.2);
#1846 = AXIS2_PLACEMENT_3D('',#1847,#1848,#1849);
#1847 = CARTESIAN_POINT('',(83.06,-32.9,0.));
#1848 = DIRECTION('',(0.,-0.,1.));
#1849 = DIRECTION('',(1.1E-16,1.,0.));
#1850 = CYLINDRICAL_SURFACE('',#1851,2.2);
#1851 = AXIS2_PLACEMENT_3D('',#1852,#1853,#1854);
#1852 = CARTESIAN_POINT('',(83.06,-32.9,0.));
#1853 = DIRECTION('',(0.,0.,-1.));
#1854 = DIRECTION('',(1.1E-16,1.,0.));
#1855 = ADVANCED_FACE('',(#1856),#1875,.T.);
#1856 = FACE_BOUND('',#1857,.F.);
#1857 = EDGE_LOOP('',(#1858,#1866,#1867,#1868));
#1858 = ORIENTED_EDGE('',*,*,#1859,.T.);
#1859 = EDGE_CURVE('',#1860,#915,#1862,.T.);
#1860 = VERTEX_POINT('',#1861);
#1861 = CARTESIAN_POINT('',(4.588079764994,-53.79932410407,0.));
#1862 = LINE('',#1863,#1864);
#1863 = CARTESIAN_POINT('',(4.588079764994,-53.79932410407,0.));
#1864 = VECTOR('',#1865,1.);
#1865 = DIRECTION('',(0.,0.,1.));
#1866 = ORIENTED_EDGE('',*,*,#925,.T.);
#1867 = ORIENTED_EDGE('',*,*,#1810,.F.);
#1868 = ORIENTED_EDGE('',*,*,#1869,.F.);
#1869 = EDGE_CURVE('',#1860,#1811,#1870,.T.);
#1870 = CIRCLE('',#1871,2.2);
#1871 = AXIS2_PLACEMENT_3D('',#1872,#1873,#1874);
#1872 = CARTESIAN_POINT('',(6.15,-52.25,0.));
#1873 = DIRECTION('',(-0.,0.,1.));
#1874 = DIRECTION('',(0.999999999806,-1.968503936583E-05,0.));
#1875 = CYLINDRICAL_SURFACE('',#1876,2.2);
#1876 = AXIS2_PLACEMENT_3D('',#1877,#1878,#1879);
#1877 = CARTESIAN_POINT('',(6.15,-52.25,0.));
#1878 = DIRECTION('',(0.,0.,-1.));
#1879 = DIRECTION('',(0.999999999806,-1.968503936583E-05,0.));
#1880 = ADVANCED_FACE('',(#1881),#1899,.F.);
#1881 = FACE_BOUND('',#1882,.F.);
#1882 = EDGE_LOOP('',(#1883,#1884,#1885,#1893));
#1883 = ORIENTED_EDGE('',*,*,#1836,.T.);
#1884 = ORIENTED_EDGE('',*,*,#953,.T.);
#1885 = ORIENTED_EDGE('',*,*,#1886,.F.);
#1886 = EDGE_CURVE('',#1887,#954,#1889,.T.);
#1887 = VERTEX_POINT('',#1888);
#1888 = CARTESIAN_POINT('',(85.26,-14.5,0.));
#1889 = LINE('',#1890,#1891);
#1890 = CARTESIAN_POINT('',(85.26,-14.5,0.));
#1891 = VECTOR('',#1892,1.);
#1892 = DIRECTION('',(0.,0.,1.));
#1893 = ORIENTED_EDGE('',*,*,#1894,.F.);
#1894 = EDGE_CURVE('',#1837,#1887,#1895,.T.);
#1895 = LINE('',#1896,#1897);
#1896 = CARTESIAN_POINT('',(85.26,-32.9,0.));
#1897 = VECTOR('',#1898,1.);
#1898 = DIRECTION('',(0.,1.,0.));
#1899 = PLANE('',#1900);
#1900 = AXIS2_PLACEMENT_3D('',#1901,#1902,#1903);
#1901 = CARTESIAN_POINT('',(85.26,-32.9,0.));
#1902 = DIRECTION('',(-1.,0.,0.));
#1903 = DIRECTION('',(0.,1.,0.));
#1904 = ADVANCED_FACE('',(#1905),#1923,.F.);
#1905 = FACE_BOUND('',#1906,.F.);
#1906 = EDGE_LOOP('',(#1907,#1915,#1916,#1917));
#1907 = ORIENTED_EDGE('',*,*,#1908,.T.);
#1908 = EDGE_CURVE('',#1909,#978,#1911,.T.);
#1909 = VERTEX_POINT('',#1910);
#1910 = CARTESIAN_POINT('',(-1.561920235006,-47.59932410407,0.));
#1911 = LINE('',#1912,#1913);
#1912 = CARTESIAN_POINT('',(-1.561920235006,-47.59932410407,0.));
#1913 = VECTOR('',#1914,1.);
#1914 = DIRECTION('',(0.,0.,1.));
#1915 = ORIENTED_EDGE('',*,*,#986,.T.);
#1916 = ORIENTED_EDGE('',*,*,#1859,.F.);
#1917 = ORIENTED_EDGE('',*,*,#1918,.F.);
#1918 = EDGE_CURVE('',#1909,#1860,#1919,.T.);
#1919 = LINE('',#1920,#1921);
#1920 = CARTESIAN_POINT('',(-1.561920235006,-47.59932410407,0.));
#1921 = VECTOR('',#1922,1.);
#1922 = DIRECTION('',(0.704238229127,-0.709963743185,0.));
#1923 = PLANE('',#1924);
#1924 = AXIS2_PLACEMENT_3D('',#1925,#1926,#1927);
#1925 = CARTESIAN_POINT('',(-1.561920235006,-47.59932410407,0.));
#1926 = DIRECTION('',(0.709963743185,0.704238229127,0.));
#1927 = DIRECTION('',(0.704238229127,-0.709963743185,0.));
#1928 = ADVANCED_FACE('',(#1929),#1948,.T.);
#1929 = FACE_BOUND('',#1930,.F.);
#1930 = EDGE_LOOP('',(#1931,#1932,#1933,#1941));
#1931 = ORIENTED_EDGE('',*,*,#1886,.T.);
#1932 = ORIENTED_EDGE('',*,*,#1013,.T.);
#1933 = ORIENTED_EDGE('',*,*,#1934,.F.);
#1934 = EDGE_CURVE('',#1935,#1005,#1937,.T.);
#1935 = VERTEX_POINT('',#1936);
#1936 = CARTESIAN_POINT('',(84.86756534141,-13.24592363209,0.));
#1937 = LINE('',#1938,#1939);
#1938 = CARTESIAN_POINT('',(84.86756534141,-13.24592363209,0.));
#1939 = VECTOR('',#1940,1.);
#1940 = DIRECTION('',(0.,0.,1.));
#1941 = ORIENTED_EDGE('',*,*,#1942,.F.);
#1942 = EDGE_CURVE('',#1887,#1935,#1943,.T.);
#1943 = CIRCLE('',#1944,2.2);
#1944 = AXIS2_PLACEMENT_3D('',#1945,#1946,#1947);
#1945 = CARTESIAN_POINT('',(83.06,-14.5,0.));
#1946 = DIRECTION('',(0.,0.,1.));
#1947 = DIRECTION('',(-0.570034712683,0.821620609732,0.));
#1948 = CYLINDRICAL_SURFACE('',#1949,2.2);
#1949 = AXIS2_PLACEMENT_3D('',#1950,#1951,#1952);
#1950 = CARTESIAN_POINT('',(83.06,-14.5,0.));
#1951 = DIRECTION('',(-0.,-0.,-1.));
#1952 = DIRECTION('',(-0.570034712683,0.821620609732,0.));
#1953 = ADVANCED_FACE('',(#1954),#1973,.T.);
#1954 = FACE_BOUND('',#1955,.F.);
#1955 = EDGE_LOOP('',(#1956,#1964,#1965,#1966));
#1956 = ORIENTED_EDGE('',*,*,#1957,.T.);
#1957 = EDGE_CURVE('',#1958,#1041,#1960,.T.);
#1958 = VERTEX_POINT('',#1959);
#1959 = CARTESIAN_POINT('',(-2.2,-46.05,0.));
#1960 = LINE('',#1961,#1962);
#1961 = CARTESIAN_POINT('',(-2.2,-46.05,0.));
#1962 = VECTOR('',#1963,1.);
#1963 = DIRECTION('',(0.,0.,1.));
#1964 = ORIENTED_EDGE('',*,*,#1051,.T.);
#1965 = ORIENTED_EDGE('',*,*,#1908,.F.);
#1966 = ORIENTED_EDGE('',*,*,#1967,.F.);
#1967 = EDGE_CURVE('',#1958,#1909,#1968,.T.);
#1968 = CIRCLE('',#1969,2.2);
#1969 = AXIS2_PLACEMENT_3D('',#1970,#1971,#1972);
#1970 = CARTESIAN_POINT('',(0.,-46.05,0.));
#1971 = DIRECTION('',(-0.,0.,1.));
#1972 = DIRECTION('',(0.704238229127,-0.709963743185,0.));
#1973 = CYLINDRICAL_SURFACE('',#1974,2.2);
#1974 = AXIS2_PLACEMENT_3D('',#1975,#1976,#1977);
#1975 = CARTESIAN_POINT('',(0.,-46.05,0.));
#1976 = DIRECTION('',(0.,0.,-1.));
#1977 = DIRECTION('',(0.704238229127,-0.709963743185,0.));
#1978 = ADVANCED_FACE('',(#1979),#1997,.F.);
#1979 = FACE_BOUND('',#1980,.F.);
#1980 = EDGE_LOOP('',(#1981,#1982,#1983,#1991));
#1981 = ORIENTED_EDGE('',*,*,#1934,.T.);
#1982 = ORIENTED_EDGE('',*,*,#1079,.T.);
#1983 = ORIENTED_EDGE('',*,*,#1984,.F.);
#1984 = EDGE_CURVE('',#1985,#1080,#1987,.T.);
#1985 = VERTEX_POINT('',#1986);
#1986 = CARTESIAN_POINT('',(74.80756534141,1.254076367903,0.));
#1987 = LINE('',#1988,#1989);
#1988 = CARTESIAN_POINT('',(74.80756534141,1.254076367903,0.));
#1989 = VECTOR('',#1990,1.);
#1990 = DIRECTION('',(0.,0.,1.));
#1991 = ORIENTED_EDGE('',*,*,#1992,.F.);
#1992 = EDGE_CURVE('',#1935,#1985,#1993,.T.);
#1993 = LINE('',#1994,#1995);
#1994 = CARTESIAN_POINT('',(84.86756534141,-13.24592363209,0.));
#1995 = VECTOR('',#1996,1.);
#1996 = DIRECTION('',(-0.570034712683,0.821620609732,0.));
#1997 = PLANE('',#1998);
#1998 = AXIS2_PLACEMENT_3D('',#1999,#2000,#2001);
#1999 = CARTESIAN_POINT('',(84.86756534141,-13.24592363209,0.));
#2000 = DIRECTION('',(-0.821620609732,-0.570034712683,0.));
#2001 = DIRECTION('',(-0.570034712683,0.821620609732,0.));
#2002 = ADVANCED_FACE('',(#2003),#2021,.F.);
#2003 = FACE_BOUND('',#2004,.F.);
#2004 = EDGE_LOOP('',(#2005,#2013,#2014,#2015));
#2005 = ORIENTED_EDGE('',*,*,#2006,.T.);
#2006 = EDGE_CURVE('',#2007,#1104,#2009,.T.);
#2007 = VERTEX_POINT('',#2008);
#2008 = CARTESIAN_POINT('',(-2.2,-1.95,0.));
#2009 = LINE('',#2010,#2011);
#2010 = CARTESIAN_POINT('',(-2.2,-1.95,0.));
#2011 = VECTOR('',#2012,1.);
#2012 = DIRECTION('',(0.,0.,1.));
#2013 = ORIENTED_EDGE('',*,*,#1112,.T.);
#2014 = ORIENTED_EDGE('',*,*,#1957,.F.);
#2015 = ORIENTED_EDGE('',*,*,#2016,.F.);
#2016 = EDGE_CURVE('',#2007,#1958,#2017,.T.);
#2017 = LINE('',#2018,#2019);
#2018 = CARTESIAN_POINT('',(-2.2,-1.95,0.));
#2019 = VECTOR('',#2020,1.);
#2020 = DIRECTION('',(0.,-1.,0.));
#2021 = PLANE('',#2022);
#2022 = AXIS2_PLACEMENT_3D('',#2023,#2024,#2025);
#2023 = CARTESIAN_POINT('',(-2.2,-1.95,0.));
#2024 = DIRECTION('',(1.,0.,0.));
#2025 = DIRECTION('',(0.,-1.,0.));
#2026 = ADVANCED_FACE('',(#2027),#2067,.T.);
#2027 = FACE_BOUND('',#2028,.F.);
#2028 = EDGE_LOOP('',(#2029,#2038,#2039,#2040,#2048,#2061));
#2029 = ORIENTED_EDGE('',*,*,#2030,.F.);
#2030 = EDGE_CURVE('',#1985,#2031,#2033,.T.);
#2031 = VERTEX_POINT('',#2032);
#2032 = CARTESIAN_POINT('',(73.647058823529,2.102692292965,0.));
#2033 = CIRCLE('',#2034,2.2);
#2034 = AXIS2_PLACEMENT_3D('',#2035,#2036,#2037);
#2035 = CARTESIAN_POINT('',(73.,0.,0.));
#2036 = DIRECTION('',(0.,0.,1.));
#2037 = DIRECTION('',(-1.,-1.2E-16,0.));
#2038 = ORIENTED_EDGE('',*,*,#1984,.T.);
#2039 = ORIENTED_EDGE('',*,*,#1139,.T.);
#2040 = ORIENTED_EDGE('',*,*,#2041,.F.);
#2041 = EDGE_CURVE('',#2042,#1131,#2044,.T.);
#2042 = VERTEX_POINT('',#2043);
#2043 = CARTESIAN_POINT('',(73.,2.2,4.156111229846));
#2044 = LINE('',#2045,#2046);
#2045 = CARTESIAN_POINT('',(73.,2.2,0.));
#2046 = VECTOR('',#2047,1.);
#2047 = DIRECTION('',(0.,0.,1.));
#2048 = ORIENTED_EDGE('',*,*,#2049,.T.);
#2049 = EDGE_CURVE('',#2042,#2050,#2052,.T.);
#2050 = VERTEX_POINT('',#2051);
#2051 = CARTESIAN_POINT('',(73.647058823529,2.102692292965,
    3.268232296657));
#2052 = ( BOUNDED_CURVE() B_SPLINE_CURVE(7,(#2053,#2054,#2055,#2056,
    #2057,#2058,#2059,#2060),.UNSPECIFIED.,.F.,.F.) 
B_SPLINE_CURVE_WITH_KNOTS((8,8),(13.367973349907,13.920164728271),
.PIECEWISE_BEZIER_KNOTS.) CURVE() GEOMETRIC_REPRESENTATION_ITEM() 
RATIONAL_B_SPLINE_CURVE((1.,1.,1.,1.,1.,1.,1.,1.)) REPRESENTATION_ITEM(
  '') );
#2053 = CARTESIAN_POINT('',(73.,2.2,4.156111229846));
#2054 = CARTESIAN_POINT('',(73.138571404164,2.2,4.091188931989));
#2055 = CARTESIAN_POINT('',(73.273090791896,2.189673699544,
    4.008530656818));
#2056 = CARTESIAN_POINT('',(73.400460924454,2.171120044431,
    3.905022480632));
#2057 = CARTESIAN_POINT('',(73.518587229164,2.142873953902,
    3.775769466688));
#2058 = CARTESIAN_POINT('',(73.604328552752,2.11569326133,3.615509862306
    ));
#2059 = CARTESIAN_POINT('',(73.647058823529,2.102692292965,
    3.441934013723));
#2060 = CARTESIAN_POINT('',(73.647058823529,2.102692292965,
    3.268232296657));
#2061 = ORIENTED_EDGE('',*,*,#2062,.T.);
#2062 = EDGE_CURVE('',#2050,#2031,#2063,.T.);
#2063 = LINE('',#2064,#2065);
#2064 = CARTESIAN_POINT('',(73.647058823529,2.102692292965,
    3.268232296657));
#2065 = VECTOR('',#2066,1.);
#2066 = DIRECTION('',(-0.,-0.,-1.));
#2067 = CYLINDRICAL_SURFACE('',#2068,2.2);
#2068 = AXIS2_PLACEMENT_3D('',#2069,#2070,#2071);
#2069 = CARTESIAN_POINT('',(73.,0.,0.));
#2070 = DIRECTION('',(-0.,-0.,-1.));
#2071 = DIRECTION('',(-1.,-1.2E-16,0.));
#2072 = ADVANCED_FACE('',(#2073),#2092,.T.);
#2073 = FACE_BOUND('',#2074,.F.);
#2074 = EDGE_LOOP('',(#2075,#2083,#2084,#2085));
#2075 = ORIENTED_EDGE('',*,*,#2076,.T.);
#2076 = EDGE_CURVE('',#2077,#1167,#2079,.T.);
#2077 = VERTEX_POINT('',#2078);
#2078 = CARTESIAN_POINT('',(-1.658300005797,-0.504302559049,0.));
#2079 = LINE('',#2080,#2081);
#2080 = CARTESIAN_POINT('',(-1.658300005797,-0.504302559049,0.));
#2081 = VECTOR('',#2082,1.);
#2082 = DIRECTION('',(0.,0.,1.));
#2083 = ORIENTED_EDGE('',*,*,#1177,.T.);
#2084 = ORIENTED_EDGE('',*,*,#2006,.F.);
#2085 = ORIENTED_EDGE('',*,*,#2086,.F.);
#2086 = EDGE_CURVE('',#2077,#2007,#2087,.T.);
#2087 = CIRCLE('',#2088,2.2);
#2088 = AXIS2_PLACEMENT_3D('',#2089,#2090,#2091);
#2089 = CARTESIAN_POINT('',(0.,-1.95,0.));
#2090 = DIRECTION('',(-0.,0.,1.));
#2091 = DIRECTION('',(1.1E-16,-1.,0.));
#2092 = CYLINDRICAL_SURFACE('',#2093,2.2);
#2093 = AXIS2_PLACEMENT_3D('',#2094,#2095,#2096);
#2094 = CARTESIAN_POINT('',(0.,-1.95,0.));
#2095 = DIRECTION('',(0.,0.,-1.));
#2096 = DIRECTION('',(1.1E-16,-1.,0.));
#2097 = ADVANCED_FACE('',(#2098),#2250,.F.);
#2098 = FACE_BOUND('',#2099,.F.);
#2099 = EDGE_LOOP('',(#2100,#2110,#2118,#2127,#2135,#2144,#2152,#2160,
    #2168,#2177,#2185,#2194,#2202,#2210,#2218,#2227,#2235,#2242,#2243,
    #2244));
#2100 = ORIENTED_EDGE('',*,*,#2101,.F.);
#2101 = EDGE_CURVE('',#2102,#2104,#2106,.T.);
#2102 = VERTEX_POINT('',#2103);
#2103 = CARTESIAN_POINT('',(5.323962678119,2.2,0.));
#2104 = VERTEX_POINT('',#2105);
#2105 = CARTESIAN_POINT('',(1.7,2.2,0.));
#2106 = LINE('',#2107,#2108);
#2107 = CARTESIAN_POINT('',(73.,2.2,0.));
#2108 = VECTOR('',#2109,1.);
#2109 = DIRECTION('',(-1.,0.,0.));
#2110 = ORIENTED_EDGE('',*,*,#2111,.T.);
#2111 = EDGE_CURVE('',#2102,#2112,#2114,.T.);
#2112 = VERTEX_POINT('',#2113);
#2113 = CARTESIAN_POINT('',(5.323962678119,2.2,4.952106242387));
#2114 = LINE('',#2115,#2116);
#2115 = CARTESIAN_POINT('',(5.323962678119,2.2,-1.51E-15));
#2116 = VECTOR('',#2117,1.);
#2117 = DIRECTION('',(0.,2.2E-16,1.));
#2118 = ORIENTED_EDGE('',*,*,#2119,.T.);
#2119 = EDGE_CURVE('',#2112,#2120,#2122,.T.);
#2120 = VERTEX_POINT('',#2121);
#2121 = CARTESIAN_POINT('',(6.571856435732,2.2,6.2));
#2122 = CIRCLE('',#2123,1.247893757613);
#2123 = AXIS2_PLACEMENT_3D('',#2124,#2125,#2126);
#2124 = CARTESIAN_POINT('',(6.571856435732,2.2,4.952106242387));
#2125 = DIRECTION('',(0.,1.,-0.));
#2126 = DIRECTION('',(-1.,0.,0.));
#2127 = ORIENTED_EDGE('',*,*,#2128,.T.);
#2128 = EDGE_CURVE('',#2120,#2129,#2131,.T.);
#2129 = VERTEX_POINT('',#2130);
#2130 = CARTESIAN_POINT('',(15.602160268594,2.2,6.2));
#2131 = LINE('',#2132,#2133);
#2132 = CARTESIAN_POINT('',(6.571856435732,2.2,6.2));
#2133 = VECTOR('',#2134,1.);
#2134 = DIRECTION('',(1.,0.,0.));
#2135 = ORIENTED_EDGE('',*,*,#2136,.T.);
#2136 = EDGE_CURVE('',#2129,#2137,#2139,.T.);
#2137 = VERTEX_POINT('',#2138);
#2138 = CARTESIAN_POINT('',(17.348454493461,2.2,4.453705775129));
#2139 = CIRCLE('',#2140,1.746294224866);
#2140 = AXIS2_PLACEMENT_3D('',#2141,#2142,#2143);
#2141 = CARTESIAN_POINT('',(15.602160268594,2.2,4.453705775134));
#2142 = DIRECTION('',(0.,1.,-0.));
#2143 = DIRECTION('',(-1.43E-15,0.,1.));
#2144 = ORIENTED_EDGE('',*,*,#2145,.T.);
#2145 = EDGE_CURVE('',#2137,#2146,#2148,.T.);
#2146 = VERTEX_POINT('',#2147);
#2147 = CARTESIAN_POINT('',(17.348454493461,2.2,0.));
#2148 = LINE('',#2149,#2150);
#2149 = CARTESIAN_POINT('',(17.348454493461,2.2,4.45370577513));
#2150 = VECTOR('',#2151,1.);
#2151 = DIRECTION('',(0.,-2.2E-16,-1.));
#2152 = ORIENTED_EDGE('',*,*,#2153,.F.);
#2153 = EDGE_CURVE('',#2154,#2146,#2156,.T.);
#2154 = VERTEX_POINT('',#2155);
#2155 = CARTESIAN_POINT('',(21.559414,2.2,0.));
#2156 = LINE('',#2157,#2158);
#2157 = CARTESIAN_POINT('',(73.,2.2,0.));
#2158 = VECTOR('',#2159,1.);
#2159 = DIRECTION('',(-1.,0.,0.));
#2160 = ORIENTED_EDGE('',*,*,#2161,.T.);
#2161 = EDGE_CURVE('',#2154,#2162,#2164,.T.);
#2162 = VERTEX_POINT('',#2163);
#2163 = CARTESIAN_POINT('',(21.559414,2.2,2.222));
#2164 = LINE('',#2165,#2166);
#2165 = CARTESIAN_POINT('',(21.559414,2.2,-1.1E-16));
#2166 = VECTOR('',#2167,1.);
#2167 = DIRECTION('',(0.,2.2E-16,1.));
#2168 = ORIENTED_EDGE('',*,*,#2169,.T.);
#2169 = EDGE_CURVE('',#2162,#2170,#2172,.T.);
#2170 = VERTEX_POINT('',#2171);
#2171 = CARTESIAN_POINT('',(22.425412,2.2,3.087998));
#2172 = CIRCLE('',#2173,0.865998);
#2173 = AXIS2_PLACEMENT_3D('',#2174,#2175,#2176);
#2174 = CARTESIAN_POINT('',(22.425412,2.2,2.222));
#2175 = DIRECTION('',(0.,1.,-0.));
#2176 = DIRECTION('',(-1.,0.,0.));
#2177 = ORIENTED_EDGE('',*,*,#2178,.T.);
#2178 = EDGE_CURVE('',#2170,#2179,#2181,.T.);
#2179 = VERTEX_POINT('',#2180);
#2180 = CARTESIAN_POINT('',(28.384467,2.2,3.087998));
#2181 = LINE('',#2182,#2183);
#2182 = CARTESIAN_POINT('',(22.425412,2.2,3.087998));
#2183 = VECTOR('',#2184,1.);
#2184 = DIRECTION('',(1.,0.,0.));
#2185 = ORIENTED_EDGE('',*,*,#2186,.T.);
#2186 = EDGE_CURVE('',#2179,#2187,#2189,.T.);
#2187 = VERTEX_POINT('',#2188);
#2188 = CARTESIAN_POINT('',(29.250465,2.2,2.222));
#2189 = CIRCLE('',#2190,0.865998);
#2190 = AXIS2_PLACEMENT_3D('',#2191,#2192,#2193);
#2191 = CARTESIAN_POINT('',(28.384467,2.2,2.222));
#2192 = DIRECTION('',(0.,1.,-0.));
#2193 = DIRECTION('',(-9.71E-15,0.,1.));
#2194 = ORIENTED_EDGE('',*,*,#2195,.T.);
#2195 = EDGE_CURVE('',#2187,#2196,#2198,.T.);
#2196 = VERTEX_POINT('',#2197);
#2197 = CARTESIAN_POINT('',(29.250465,2.2,0.));
#2198 = LINE('',#2199,#2200);
#2199 = CARTESIAN_POINT('',(29.250465,2.2,2.222));
#2200 = VECTOR('',#2201,1.);
#2201 = DIRECTION('',(0.,-2.2E-16,-1.));
#2202 = ORIENTED_EDGE('',*,*,#2203,.F.);
#2203 = EDGE_CURVE('',#2204,#2196,#2206,.T.);
#2204 = VERTEX_POINT('',#2205);
#2205 = CARTESIAN_POINT('',(62.46262,2.2,0.));
#2206 = LINE('',#2207,#2208);
#2207 = CARTESIAN_POINT('',(73.,2.2,0.));
#2208 = VECTOR('',#2209,1.);
#2209 = DIRECTION('',(-1.,0.,0.));
#2210 = ORIENTED_EDGE('',*,*,#2211,.T.);
#2211 = EDGE_CURVE('',#2204,#2212,#2214,.T.);
#2212 = VERTEX_POINT('',#2213);
#2213 = CARTESIAN_POINT('',(62.46262,2.2,3.268232296657));
#2214 = LINE('',#2215,#2216);
#2215 = CARTESIAN_POINT('',(62.46262,2.2,-6.33E-15));
#2216 = VECTOR('',#2217,1.);
#2217 = DIRECTION('',(0.,2.2E-16,1.));
#2218 = ORIENTED_EDGE('',*,*,#2219,.T.);
#2219 = EDGE_CURVE('',#2212,#2220,#2222,.T.);
#2220 = VERTEX_POINT('',#2221);
#2221 = CARTESIAN_POINT('',(63.500949,2.2,4.306561296657));
#2222 = CIRCLE('',#2223,1.038329);
#2223 = AXIS2_PLACEMENT_3D('',#2224,#2225,#2226);
#2224 = CARTESIAN_POINT('',(63.500949,2.2,3.268232296657));
#2225 = DIRECTION('',(0.,1.,-0.));
#2226 = DIRECTION('',(-1.,0.,0.));
#2227 = ORIENTED_EDGE('',*,*,#2228,.T.);
#2228 = EDGE_CURVE('',#2220,#2229,#2231,.T.);
#2229 = VERTEX_POINT('',#2230);
#2230 = CARTESIAN_POINT('',(72.461671,2.2,4.306561296657));
#2231 = LINE('',#2232,#2233);
#2232 = CARTESIAN_POINT('',(63.500949,2.2,4.306561296657));
#2233 = VECTOR('',#2234,1.);
#2234 = DIRECTION('',(1.,0.,0.));
#2235 = ORIENTED_EDGE('',*,*,#2236,.T.);
#2236 = EDGE_CURVE('',#2229,#2042,#2237,.T.);
#2237 = CIRCLE('',#2238,1.038329);
#2238 = AXIS2_PLACEMENT_3D('',#2239,#2240,#2241);
#2239 = CARTESIAN_POINT('',(72.461671,2.2,3.268232296657));
#2240 = DIRECTION('',(0.,1.,0.));
#2241 = DIRECTION('',(0.,0.,1.));
#2242 = ORIENTED_EDGE('',*,*,#2041,.T.);
#2243 = ORIENTED_EDGE('',*,*,#1205,.T.);
#2244 = ORIENTED_EDGE('',*,*,#2245,.F.);
#2245 = EDGE_CURVE('',#2104,#1206,#2246,.T.);
#2246 = LINE('',#2247,#2248);
#2247 = CARTESIAN_POINT('',(1.7,2.2,0.));
#2248 = VECTOR('',#2249,1.);
#2249 = DIRECTION('',(0.,0.,1.));
#2250 = PLANE('',#2251);
#2251 = AXIS2_PLACEMENT_3D('',#2252,#2253,#2254);
#2252 = CARTESIAN_POINT('',(73.,2.2,0.));
#2253 = DIRECTION('',(0.,-1.,0.));
#2254 = DIRECTION('',(-1.,0.,0.));
#2255 = ADVANCED_FACE('',(#2256),#2274,.F.);
#2256 = FACE_BOUND('',#2257,.F.);
#2257 = EDGE_LOOP('',(#2258,#2266,#2267,#2268));
#2258 = ORIENTED_EDGE('',*,*,#2259,.T.);
#2259 = EDGE_CURVE('',#2260,#1230,#2262,.T.);
#2260 = VERTEX_POINT('',#2261);
#2261 = CARTESIAN_POINT('',(4.169999420287E-02,1.445697440951,0.));
#2262 = LINE('',#2263,#2264);
#2263 = CARTESIAN_POINT('',(4.169999420287E-02,1.445697440951,0.));
#2264 = VECTOR('',#2265,1.);
#2265 = DIRECTION('',(0.,0.,1.));
#2266 = ORIENTED_EDGE('',*,*,#1238,.T.);
#2267 = ORIENTED_EDGE('',*,*,#2076,.F.);
#2268 = ORIENTED_EDGE('',*,*,#2269,.F.);
#2269 = EDGE_CURVE('',#2260,#2077,#2270,.T.);
#2270 = LINE('',#2271,#2272);
#2271 = CARTESIAN_POINT('',(4.169999420287E-02,1.445697440951,0.));
#2272 = VECTOR('',#2273,1.);
#2273 = DIRECTION('',(-0.657135200432,-0.753772729908,0.));
#2274 = PLANE('',#2275);
#2275 = AXIS2_PLACEMENT_3D('',#2276,#2277,#2278);
#2276 = CARTESIAN_POINT('',(4.169999420287E-02,1.445697440951,0.));
#2277 = DIRECTION('',(0.753772729908,-0.657135200432,0.));
#2278 = DIRECTION('',(-0.657135200432,-0.753772729908,0.));
#2279 = ADVANCED_FACE('',(#2280),#2292,.T.);
#2280 = FACE_BOUND('',#2281,.F.);
#2281 = EDGE_LOOP('',(#2282,#2283,#2284,#2285));
#2282 = ORIENTED_EDGE('',*,*,#2245,.T.);
#2283 = ORIENTED_EDGE('',*,*,#1257,.T.);
#2284 = ORIENTED_EDGE('',*,*,#2259,.F.);
#2285 = ORIENTED_EDGE('',*,*,#2286,.F.);
#2286 = EDGE_CURVE('',#2104,#2260,#2287,.T.);
#2287 = CIRCLE('',#2288,2.2);
#2288 = AXIS2_PLACEMENT_3D('',#2289,#2290,#2291);
#2289 = CARTESIAN_POINT('',(1.7,0.,0.));
#2290 = DIRECTION('',(0.,0.,1.));
#2291 = DIRECTION('',(-0.657135200432,-0.753772729908,0.));
#2292 = CYLINDRICAL_SURFACE('',#2293,2.2);
#2293 = AXIS2_PLACEMENT_3D('',#2294,#2295,#2296);
#2294 = CARTESIAN_POINT('',(1.7,0.,0.));
#2295 = DIRECTION('',(-0.,-0.,-1.));
#2296 = DIRECTION('',(-0.657135200432,-0.753772729908,0.));
#2297 = ADVANCED_FACE('',(#2298,#2538,#2541,#2552,#2563,#2566,#2569,
    #2580,#2583,#2586,#2597),#2608,.F.);
#2298 = FACE_BOUND('',#2299,.F.);
#2299 = EDGE_LOOP('',(#2300,#2310,#2319,#2327,#2336,#2344,#2353,#2361,
    #2370,#2378,#2387,#2395,#2404,#2412,#2421,#2429,#2438,#2446,#2455,
    #2463,#2472,#2480,#2489,#2497,#2506,#2514,#2523,#2531));
#2300 = ORIENTED_EDGE('',*,*,#2301,.T.);
#2301 = EDGE_CURVE('',#2302,#2304,#2306,.T.);
#2302 = VERTEX_POINT('',#2303);
#2303 = CARTESIAN_POINT('',(83.224324121946,-14.38599305746,8.003));
#2304 = VERTEX_POINT('',#2305);
#2305 = CARTESIAN_POINT('',(73.164324121946,0.114006942537,8.003));
#2306 = LINE('',#2307,#2308);
#2307 = CARTESIAN_POINT('',(77.627298107783,-6.318709041026,8.003));
#2308 = VECTOR('',#2309,1.);
#2309 = DIRECTION('',(-0.570034712683,0.821620609732,0.));
#2310 = ORIENTED_EDGE('',*,*,#2311,.F.);
#2311 = EDGE_CURVE('',#2312,#2304,#2314,.T.);
#2312 = VERTEX_POINT('',#2313);
#2313 = CARTESIAN_POINT('',(73.,0.2,8.003));
#2314 = CIRCLE('',#2315,0.2);
#2315 = AXIS2_PLACEMENT_3D('',#2316,#2317,#2318);
#2316 = CARTESIAN_POINT('',(73.,0.,8.003));
#2317 = DIRECTION('',(-0.,0.,-1.));
#2318 = DIRECTION('',(-1.,-1.2E-16,0.));
#2319 = ORIENTED_EDGE('',*,*,#2320,.T.);
#2320 = EDGE_CURVE('',#2312,#2321,#2323,.T.);
#2321 = VERTEX_POINT('',#2322);
#2322 = CARTESIAN_POINT('',(1.7,0.2,8.003));
#2323 = LINE('',#2324,#2325);
#2324 = CARTESIAN_POINT('',(55.274515374163,0.2,8.003));
#2325 = VECTOR('',#2326,1.);
#2326 = DIRECTION('',(-1.,0.,0.));
#2327 = ORIENTED_EDGE('',*,*,#2328,.F.);
#2328 = EDGE_CURVE('',#2329,#2321,#2331,.T.);
#2329 = VERTEX_POINT('',#2330);
#2330 = CARTESIAN_POINT('',(1.549245454018,0.131427040086,8.003));
#2331 = CIRCLE('',#2332,0.2);
#2332 = AXIS2_PLACEMENT_3D('',#2333,#2334,#2335);
#2333 = CARTESIAN_POINT('',(1.7,0.,8.003));
#2334 = DIRECTION('',(-0.,0.,-1.));
#2335 = DIRECTION('',(-0.657135200432,-0.753772729908,0.));
#2336 = ORIENTED_EDGE('',*,*,#2337,.T.);
#2337 = EDGE_CURVE('',#2329,#2338,#2340,.T.);
#2338 = VERTEX_POINT('',#2339);
#2339 = CARTESIAN_POINT('',(-0.150754545982,-1.818572959914,8.003));
#2340 = LINE('',#2341,#2342);
#2341 = CARTESIAN_POINT('',(3.797731492889,2.710572790556,8.003));
#2342 = VECTOR('',#2343,1.);
#2343 = DIRECTION('',(-0.657135200432,-0.753772729908,0.));
#2344 = ORIENTED_EDGE('',*,*,#2345,.F.);
#2345 = EDGE_CURVE('',#2346,#2338,#2348,.T.);
#2346 = VERTEX_POINT('',#2347);
#2347 = CARTESIAN_POINT('',(-0.2,-1.95,8.003));
#2348 = CIRCLE('',#2349,0.2);
#2349 = AXIS2_PLACEMENT_3D('',#2350,#2351,#2352);
#2350 = CARTESIAN_POINT('',(0.,-1.95,8.003));
#2351 = DIRECTION('',(0.,0.,-1.));
#2352 = DIRECTION('',(1.1E-16,-1.,0.));
#2353 = ORIENTED_EDGE('',*,*,#2354,.T.);
#2354 = EDGE_CURVE('',#2346,#2355,#2357,.T.);
#2355 = VERTEX_POINT('',#2356);
#2356 = CARTESIAN_POINT('',(-0.2,-46.05,8.003));
#2357 = LINE('',#2358,#2359);
#2358 = CARTESIAN_POINT('',(-0.2,-12.06213623414,8.003));
#2359 = VECTOR('',#2360,1.);
#2360 = DIRECTION('',(0.,-1.,0.));
#2361 = ORIENTED_EDGE('',*,*,#2362,.F.);
#2362 = EDGE_CURVE('',#2363,#2355,#2365,.T.);
#2363 = VERTEX_POINT('',#2364);
#2364 = CARTESIAN_POINT('',(-0.141992748637,-46.19084764582,8.003));
#2365 = CIRCLE('',#2366,0.2);
#2366 = AXIS2_PLACEMENT_3D('',#2367,#2368,#2369);
#2367 = CARTESIAN_POINT('',(0.,-46.05,8.003));
#2368 = DIRECTION('',(0.,0.,-1.));
#2369 = DIRECTION('',(0.704238229127,-0.709963743185,0.));
#2370 = ORIENTED_EDGE('',*,*,#2371,.T.);
#2371 = EDGE_CURVE('',#2363,#2372,#2374,.T.);
#2372 = VERTEX_POINT('',#2373);
#2373 = CARTESIAN_POINT('',(6.008007251363,-52.39084764582,8.003));
#2374 = LINE('',#2375,#2376);
#2375 = CARTESIAN_POINT('',(3.200519788288,-49.56053508142,8.003));
#2376 = VECTOR('',#2377,1.);
#2377 = DIRECTION('',(0.704238229127,-0.709963743185,0.));
#2378 = ORIENTED_EDGE('',*,*,#2379,.F.);
#2379 = EDGE_CURVE('',#2380,#2372,#2382,.T.);
#2380 = VERTEX_POINT('',#2381);
#2381 = CARTESIAN_POINT('',(6.149996062992,-52.44999999996,8.003));
#2382 = CIRCLE('',#2383,0.2);
#2383 = AXIS2_PLACEMENT_3D('',#2384,#2385,#2386);
#2384 = CARTESIAN_POINT('',(6.15,-52.25,8.003));
#2385 = DIRECTION('',(0.,0.,-1.));
#2386 = DIRECTION('',(0.999999999806,-1.968503936583E-05,0.));
#2387 = ORIENTED_EDGE('',*,*,#2388,.T.);
#2388 = EDGE_CURVE('',#2380,#2389,#2391,.T.);
#2389 = VERTEX_POINT('',#2390);
#2390 = CARTESIAN_POINT('',(12.499996062992,-52.45012499996,8.003));
#2391 = LINE('',#2392,#2393);
#2392 = CARTESIAN_POINT('',(21.849215410132,-52.45030903971,8.003));
#2393 = VECTOR('',#2394,1.);
#2394 = DIRECTION('',(0.999999999806,-1.96850393658E-05,0.));
#2395 = ORIENTED_EDGE('',*,*,#2396,.F.);
#2396 = EDGE_CURVE('',#2397,#2389,#2399,.T.);
#2397 = VERTEX_POINT('',#2398);
#2398 = CARTESIAN_POINT('',(12.641651062136,-52.39131627662,8.003));
#2399 = CIRCLE('',#2400,0.2);
#2400 = AXIS2_PLACEMENT_3D('',#2401,#2402,#2403);
#2401 = CARTESIAN_POINT('',(12.5,-52.250125,8.003));
#2402 = DIRECTION('',(0.,0.,-1.));
#2403 = DIRECTION('',(0.705956383138,0.70825531068,0.));
#2404 = ORIENTED_EDGE('',*,*,#2405,.T.);
#2405 = EDGE_CURVE('',#2397,#2406,#2408,.T.);
#2406 = VERTEX_POINT('',#2407);
#2407 = CARTESIAN_POINT('',(18.821651062136,-46.19119127662,8.003));
#2408 = LINE('',#2409,#2410);
#2409 = CARTESIAN_POINT('',(26.402472478255,-38.5856831241,8.003));
#2410 = VECTOR('',#2411,1.);
#2411 = DIRECTION('',(0.705956383138,0.70825531068,0.));
#2412 = ORIENTED_EDGE('',*,*,#2413,.F.);
#2413 = EDGE_CURVE('',#2414,#2406,#2416,.T.);
#2414 = VERTEX_POINT('',#2415);
#2415 = CARTESIAN_POINT('',(18.88,-46.05,8.003));
#2416 = CIRCLE('',#2417,0.2);
#2417 = AXIS2_PLACEMENT_3D('',#2418,#2419,#2420);
#2418 = CARTESIAN_POINT('',(18.68,-46.05,8.003));
#2419 = DIRECTION('',(0.,0.,-1.));
#2420 = DIRECTION('',(1.1E-16,1.,0.));
#2421 = ORIENTED_EDGE('',*,*,#2422,.T.);
#2422 = EDGE_CURVE('',#2414,#2423,#2425,.T.);
#2423 = VERTEX_POINT('',#2424);
#2424 = CARTESIAN_POINT('',(18.88,-36.92616671898,8.003));
#2425 = LINE('',#2426,#2427);
#2426 = CARTESIAN_POINT('',(18.88,-34.11213623414,8.003));
#2427 = VECTOR('',#2428,1.);
#2428 = DIRECTION('',(0.,1.,0.));
#2429 = ORIENTED_EDGE('',*,*,#2430,.F.);
#2430 = EDGE_CURVE('',#2431,#2423,#2433,.T.);
#2431 = VERTEX_POINT('',#2432);
#2432 = CARTESIAN_POINT('',(19.482188269835,-35.49573938178,8.003));
#2433 = CIRCLE('',#2434,2.);
#2434 = AXIS2_PLACEMENT_3D('',#2435,#2436,#2437);
#2435 = CARTESIAN_POINT('',(20.88,-36.92616671898,8.003));
#2436 = DIRECTION('',(0.,0.,1.));
#2437 = DIRECTION('',(-1.1E-16,-1.,0.));
#2438 = ORIENTED_EDGE('',*,*,#2439,.T.);
#2439 = EDGE_CURVE('',#2431,#2440,#2442,.T.);
#2440 = VERTEX_POINT('',#2441);
#2441 = CARTESIAN_POINT('',(21.24863221226,-33.76957266279,8.003));
#2442 = LINE('',#2443,#2444);
#2443 = CARTESIAN_POINT('',(27.432540617712,-27.7266654262,8.003));
#2444 = VECTOR('',#2445,1.);
#2445 = DIRECTION('',(0.715213668601,0.698905865082,0.));
#2446 = ORIENTED_EDGE('',*,*,#2447,.F.);
#2447 = EDGE_CURVE('',#2448,#2440,#2450,.T.);
#2448 = VERTEX_POINT('',#2449);
#2449 = CARTESIAN_POINT('',(22.646443942425,-33.2,8.003));
#2450 = CIRCLE('',#2451,2.);
#2451 = AXIS2_PLACEMENT_3D('',#2452,#2453,#2454);
#2452 = CARTESIAN_POINT('',(22.646443942425,-35.2,8.003));
#2453 = DIRECTION('',(0.,0.,1.));
#2454 = DIRECTION('',(-0.715213668601,-0.698905865082,0.));
#2455 = ORIENTED_EDGE('',*,*,#2456,.T.);
#2456 = EDGE_CURVE('',#2448,#2457,#2459,.T.);
#2457 = VERTEX_POINT('',#2458);
#2458 = CARTESIAN_POINT('',(64.910351909905,-33.2,8.003));
#2459 = LINE('',#2460,#2461);
#2460 = CARTESIAN_POINT('',(30.097737345376,-33.2,8.003));
#2461 = VECTOR('',#2462,1.);
#2462 = DIRECTION('',(1.,0.,0.));
#2463 = ORIENTED_EDGE('',*,*,#2464,.F.);
#2464 = EDGE_CURVE('',#2465,#2457,#2467,.T.);
#2465 = VERTEX_POINT('',#2466);
#2466 = CARTESIAN_POINT('',(66.510044716478,-33.99959051794,8.003));
#2467 = CIRCLE('',#2468,2.);
#2468 = AXIS2_PLACEMENT_3D('',#2469,#2470,#2471);
#2469 = CARTESIAN_POINT('',(64.910351909905,-35.2,8.003));
#2470 = DIRECTION('',(0.,0.,1.));
#2471 = DIRECTION('',(-1.,1.1E-16,0.));
#2472 = ORIENTED_EDGE('',*,*,#2473,.T.);
#2473 = EDGE_CURVE('',#2465,#2474,#2476,.T.);
#2474 = VERTEX_POINT('',#2475);
#2475 = CARTESIAN_POINT('',(70.540030719343,-39.3700409482,8.003));
#2476 = LINE('',#2477,#2478);
#2477 = CARTESIAN_POINT('',(58.455004192493,-23.26526146146,8.003));
#2478 = VECTOR('',#2479,1.);
#2479 = DIRECTION('',(0.600204741026,-0.799846403286,0.));
#2480 = ORIENTED_EDGE('',*,*,#2481,.F.);
#2481 = EDGE_CURVE('',#2482,#2474,#2484,.T.);
#2482 = VERTEX_POINT('',#2483);
#2483 = CARTESIAN_POINT('',(70.7,-39.45,8.003));
#2484 = CIRCLE('',#2485,0.2);
#2485 = AXIS2_PLACEMENT_3D('',#2486,#2487,#2488);
#2486 = CARTESIAN_POINT('',(70.7,-39.25,8.003));
#2487 = DIRECTION('',(0.,0.,-1.));
#2488 = DIRECTION('',(1.,0.,0.));
#2489 = ORIENTED_EDGE('',*,*,#2490,.T.);
#2490 = EDGE_CURVE('',#2482,#2491,#2493,.T.);
#2491 = VERTEX_POINT('',#2492);
#2492 = CARTESIAN_POINT('',(76.9,-39.45,8.003));
#2493 = LINE('',#2494,#2495);
#2494 = CARTESIAN_POINT('',(54.124515374163,-39.45,8.003));
#2495 = VECTOR('',#2496,1.);
#2496 = DIRECTION('',(1.,0.,0.));
#2497 = ORIENTED_EDGE('',*,*,#2498,.F.);
#2498 = EDGE_CURVE('',#2499,#2491,#2501,.T.);
#2499 = VERTEX_POINT('',#2500);
#2500 = CARTESIAN_POINT('',(77.043552686793,-39.38925740955,8.003));
#2501 = CIRCLE('',#2502,0.2);
#2502 = AXIS2_PLACEMENT_3D('',#2503,#2504,#2505);
#2503 = CARTESIAN_POINT('',(76.9,-39.25,8.003));
#2504 = DIRECTION('',(0.,0.,-1.));
#2505 = DIRECTION('',(0.69628704775,0.717763433963,0.));
#2506 = ORIENTED_EDGE('',*,*,#2507,.T.);
#2507 = EDGE_CURVE('',#2499,#2508,#2510,.T.);
#2508 = VERTEX_POINT('',#2509);
#2509 = CARTESIAN_POINT('',(83.203552686793,-33.03925740955,8.003));
#2510 = LINE('',#2511,#2512);
#2511 = CARTESIAN_POINT('',(71.771532663911,-44.82388843963,8.003));
#2512 = VECTOR('',#2513,1.);
#2513 = DIRECTION('',(0.69628704775,0.717763433963,0.));
#2514 = ORIENTED_EDGE('',*,*,#2515,.F.);
#2515 = EDGE_CURVE('',#2516,#2508,#2518,.T.);
#2516 = VERTEX_POINT('',#2517);
#2517 = CARTESIAN_POINT('',(83.26,-32.9,8.003));
#2518 = CIRCLE('',#2519,0.2);
#2519 = AXIS2_PLACEMENT_3D('',#2520,#2521,#2522);
#2520 = CARTESIAN_POINT('',(83.06,-32.9,8.003));
#2521 = DIRECTION('',(0.,0.,-1.));
#2522 = DIRECTION('',(1.1E-16,1.,0.));
#2523 = ORIENTED_EDGE('',*,*,#2524,.T.);
#2524 = EDGE_CURVE('',#2516,#2525,#2527,.T.);
#2525 = VERTEX_POINT('',#2526);
#2526 = CARTESIAN_POINT('',(83.26,-14.5,8.003));
#2527 = LINE('',#2528,#2529);
#2528 = CARTESIAN_POINT('',(83.26,-27.53713623414,8.003));
#2529 = VECTOR('',#2530,1.);
#2530 = DIRECTION('',(0.,1.,0.));
#2531 = ORIENTED_EDGE('',*,*,#2532,.F.);
#2532 = EDGE_CURVE('',#2302,#2525,#2533,.T.);
#2533 = CIRCLE('',#2534,0.2);
#2534 = AXIS2_PLACEMENT_3D('',#2535,#2536,#2537);
#2535 = CARTESIAN_POINT('',(83.06,-14.5,8.003));
#2536 = DIRECTION('',(0.,0.,-1.));
#2537 = DIRECTION('',(-0.570034712683,0.821620609732,0.));
#2538 = FACE_BOUND('',#2539,.F.);
#2539 = EDGE_LOOP('',(#2540));
#2540 = ORIENTED_EDGE('',*,*,#1293,.F.);
#2541 = FACE_BOUND('',#2542,.F.);
#2542 = EDGE_LOOP('',(#2543));
#2543 = ORIENTED_EDGE('',*,*,#2544,.T.);
#2544 = EDGE_CURVE('',#2545,#2545,#2547,.T.);
#2545 = VERTEX_POINT('',#2546);
#2546 = CARTESIAN_POINT('',(6.033274,-26.4,8.003));
#2547 = CIRCLE('',#2548,3.);
#2548 = AXIS2_PLACEMENT_3D('',#2549,#2550,#2551);
#2549 = CARTESIAN_POINT('',(3.033274,-26.4,8.003));
#2550 = DIRECTION('',(0.,0.,-1.));
#2551 = DIRECTION('',(1.,0.,0.));
#2552 = FACE_BOUND('',#2553,.F.);
#2553 = EDGE_LOOP('',(#2554));
#2554 = ORIENTED_EDGE('',*,*,#2555,.T.);
#2555 = EDGE_CURVE('',#2556,#2556,#2558,.T.);
#2556 = VERTEX_POINT('',#2557);
#2557 = CARTESIAN_POINT('',(26.45,-29.9,8.003));
#2558 = CIRCLE('',#2559,3.);
#2559 = AXIS2_PLACEMENT_3D('',#2560,#2561,#2562);
#2560 = CARTESIAN_POINT('',(23.45,-29.9,8.003));
#2561 = DIRECTION('',(0.,0.,-1.));
#2562 = DIRECTION('',(1.,0.,0.));
#2563 = FACE_BOUND('',#2564,.F.);
#2564 = EDGE_LOOP('',(#2565));
#2565 = ORIENTED_EDGE('',*,*,#1318,.F.);
#2566 = FACE_BOUND('',#2567,.F.);
#2567 = EDGE_LOOP('',(#2568));
#2568 = ORIENTED_EDGE('',*,*,#1343,.F.);
#2569 = FACE_BOUND('',#2570,.F.);
#2570 = EDGE_LOOP('',(#2571));
#2571 = ORIENTED_EDGE('',*,*,#2572,.F.);
#2572 = EDGE_CURVE('',#2573,#2573,#2575,.T.);
#2573 = VERTEX_POINT('',#2574);
#2574 = CARTESIAN_POINT('',(6.642341,-1.517642,8.003));
#2575 = CIRCLE('',#2576,1.3);
#2576 = AXIS2_PLACEMENT_3D('',#2577,#2578,#2579);
#2577 = CARTESIAN_POINT('',(5.342341,-1.517642,8.003));
#2578 = DIRECTION('',(0.,0.,1.));
#2579 = DIRECTION('',(1.,0.,0.));
#2580 = FACE_BOUND('',#2581,.F.);
#2581 = EDGE_LOOP('',(#2582));
#2582 = ORIENTED_EDGE('',*,*,#1420,.F.);
#2583 = FACE_BOUND('',#2584,.F.);
#2584 = EDGE_LOOP('',(#2585));
#2585 = ORIENTED_EDGE('',*,*,#1368,.F.);
#2586 = FACE_BOUND('',#2587,.F.);
#2587 = EDGE_LOOP('',(#2588));
#2588 = ORIENTED_EDGE('',*,*,#2589,.T.);
#2589 = EDGE_CURVE('',#2590,#2590,#2592,.T.);
#2590 = VERTEX_POINT('',#2591);
#2591 = CARTESIAN_POINT('',(82.983274,-16.486726,8.003));
#2592 = CIRCLE('',#2593,3.);
#2593 = AXIS2_PLACEMENT_3D('',#2594,#2595,#2596);
#2594 = CARTESIAN_POINT('',(79.983274,-16.486726,8.003));
#2595 = DIRECTION('',(0.,0.,-1.));
#2596 = DIRECTION('',(1.,0.,0.));
#2597 = FACE_BOUND('',#2598,.F.);
#2598 = EDGE_LOOP('',(#2599));
#2599 = ORIENTED_EDGE('',*,*,#2600,.T.);
#2600 = EDGE_CURVE('',#2601,#2601,#2603,.T.);
#2601 = VERTEX_POINT('',#2602);
#2602 = CARTESIAN_POINT('',(62.633274,-3.05,8.003));
#2603 = CIRCLE('',#2604,3.);
#2604 = AXIS2_PLACEMENT_3D('',#2605,#2606,#2607);
#2605 = CARTESIAN_POINT('',(59.633274,-3.05,8.003));
#2606 = DIRECTION('',(0.,0.,-1.));
#2607 = DIRECTION('',(1.,0.,0.));
#2608 = PLANE('',#2609);
#2609 = AXIS2_PLACEMENT_3D('',#2610,#2611,#2612);
#2610 = CARTESIAN_POINT('',(37.549030748326,-22.17427246828,8.003));
#2611 = DIRECTION('',(0.,0.,1.));
#2612 = DIRECTION('',(1.,0.,0.));
#2613 = ADVANCED_FACE('',(#2614),#2625,.F.);
#2614 = FACE_BOUND('',#2615,.F.);
#2615 = EDGE_LOOP('',(#2616,#2622,#2623,#2624));
#2616 = ORIENTED_EDGE('',*,*,#2617,.F.);
#2617 = EDGE_CURVE('',#1385,#2573,#2618,.T.);
#2618 = LINE('',#2619,#2620);
#2619 = CARTESIAN_POINT('',(6.642341,-1.517642,10.003));
#2620 = VECTOR('',#2621,1.);
#2621 = DIRECTION('',(-0.,-0.,-1.));
#2622 = ORIENTED_EDGE('',*,*,#1395,.F.);
#2623 = ORIENTED_EDGE('',*,*,#2617,.T.);
#2624 = ORIENTED_EDGE('',*,*,#2572,.T.);
#2625 = CYLINDRICAL_SURFACE('',#2626,1.3);
#2626 = AXIS2_PLACEMENT_3D('',#2627,#2628,#2629);
#2627 = CARTESIAN_POINT('',(5.342341,-1.517642,10.003));
#2628 = DIRECTION('',(0.,0.,1.));
#2629 = DIRECTION('',(1.,0.,0.));
#2630 = ADVANCED_FACE('',(#2631),#2778,.F.);
#2631 = FACE_BOUND('',#2632,.F.);
#2632 = EDGE_LOOP('',(#2633,#2634,#2635,#2636,#2637,#2638,#2639,#2640,
    #2641,#2642,#2643,#2644,#2653,#2661,#2670,#2678,#2687,#2695,#2704,
    #2712,#2721,#2729,#2738,#2746,#2755,#2763,#2771));
#2633 = ORIENTED_EDGE('',*,*,#1435,.T.);
#2634 = ORIENTED_EDGE('',*,*,#1600,.T.);
#2635 = ORIENTED_EDGE('',*,*,#1648,.T.);
#2636 = ORIENTED_EDGE('',*,*,#1698,.T.);
#2637 = ORIENTED_EDGE('',*,*,#1746,.T.);
#2638 = ORIENTED_EDGE('',*,*,#1796,.T.);
#2639 = ORIENTED_EDGE('',*,*,#1844,.T.);
#2640 = ORIENTED_EDGE('',*,*,#1894,.T.);
#2641 = ORIENTED_EDGE('',*,*,#1942,.T.);
#2642 = ORIENTED_EDGE('',*,*,#1992,.T.);
#2643 = ORIENTED_EDGE('',*,*,#2030,.T.);
#2644 = ORIENTED_EDGE('',*,*,#2645,.T.);
#2645 = EDGE_CURVE('',#2031,#2646,#2648,.T.);
#2646 = VERTEX_POINT('',#2647);
#2647 = CARTESIAN_POINT('',(73.,1.624807680927,-6.E-15));
#2648 = CIRCLE('',#2649,0.5);
#2649 = AXIS2_PLACEMENT_3D('',#2650,#2651,#2652);
#2650 = CARTESIAN_POINT('',(73.5,1.624807680927,0.));
#2651 = DIRECTION('',(0.,-0.,1.));
#2652 = DIRECTION('',(0.,1.,0.));
#2653 = ORIENTED_EDGE('',*,*,#2654,.T.);
#2654 = EDGE_CURVE('',#2646,#2655,#2657,.T.);
#2655 = VERTEX_POINT('',#2656);
#2656 = CARTESIAN_POINT('',(73.,0.2,0.));
#2657 = LINE('',#2658,#2659);
#2658 = CARTESIAN_POINT('',(73.,2.2,-6.22E-15));
#2659 = VECTOR('',#2660,1.);
#2660 = DIRECTION('',(0.,-1.,2.2E-16));
#2661 = ORIENTED_EDGE('',*,*,#2662,.F.);
#2662 = EDGE_CURVE('',#2663,#2655,#2665,.T.);
#2663 = VERTEX_POINT('',#2664);
#2664 = CARTESIAN_POINT('',(73.164324121946,0.114006942537,0.));
#2665 = CIRCLE('',#2666,0.2);
#2666 = AXIS2_PLACEMENT_3D('',#2667,#2668,#2669);
#2667 = CARTESIAN_POINT('',(73.,0.,0.));
#2668 = DIRECTION('',(0.,0.,1.));
#2669 = DIRECTION('',(-1.,-1.2E-16,0.));
#2670 = ORIENTED_EDGE('',*,*,#2671,.F.);
#2671 = EDGE_CURVE('',#2672,#2663,#2674,.T.);
#2672 = VERTEX_POINT('',#2673);
#2673 = CARTESIAN_POINT('',(83.224324121946,-14.38599305746,0.));
#2674 = LINE('',#2675,#2676);
#2675 = CARTESIAN_POINT('',(83.224324121946,-14.38599305746,0.));
#2676 = VECTOR('',#2677,1.);
#2677 = DIRECTION('',(-0.570034712683,0.821620609732,0.));
#2678 = ORIENTED_EDGE('',*,*,#2679,.F.);
#2679 = EDGE_CURVE('',#2680,#2672,#2682,.T.);
#2680 = VERTEX_POINT('',#2681);
#2681 = CARTESIAN_POINT('',(83.26,-14.5,0.));
#2682 = CIRCLE('',#2683,0.2);
#2683 = AXIS2_PLACEMENT_3D('',#2684,#2685,#2686);
#2684 = CARTESIAN_POINT('',(83.06,-14.5,0.));
#2685 = DIRECTION('',(0.,0.,1.));
#2686 = DIRECTION('',(-0.570034712683,0.821620609732,0.));
#2687 = ORIENTED_EDGE('',*,*,#2688,.F.);
#2688 = EDGE_CURVE('',#2689,#2680,#2691,.T.);
#2689 = VERTEX_POINT('',#2690);
#2690 = CARTESIAN_POINT('',(83.26,-32.9,0.));
#2691 = LINE('',#2692,#2693);
#2692 = CARTESIAN_POINT('',(83.26,-32.9,0.));
#2693 = VECTOR('',#2694,1.);
#2694 = DIRECTION('',(0.,1.,0.));
#2695 = ORIENTED_EDGE('',*,*,#2696,.F.);
#2696 = EDGE_CURVE('',#2697,#2689,#2699,.T.);
#2697 = VERTEX_POINT('',#2698);
#2698 = CARTESIAN_POINT('',(83.203552686793,-33.03925740955,0.));
#2699 = CIRCLE('',#2700,0.2);
#2700 = AXIS2_PLACEMENT_3D('',#2701,#2702,#2703);
#2701 = CARTESIAN_POINT('',(83.06,-32.9,0.));
#2702 = DIRECTION('',(0.,-0.,1.));
#2703 = DIRECTION('',(1.1E-16,1.,0.));
#2704 = ORIENTED_EDGE('',*,*,#2705,.F.);
#2705 = EDGE_CURVE('',#2706,#2697,#2708,.T.);
#2706 = VERTEX_POINT('',#2707);
#2707 = CARTESIAN_POINT('',(77.043552686793,-39.38925740955,0.));
#2708 = LINE('',#2709,#2710);
#2709 = CARTESIAN_POINT('',(77.043552686793,-39.38925740955,0.));
#2710 = VECTOR('',#2711,1.);
#2711 = DIRECTION('',(0.69628704775,0.717763433963,0.));
#2712 = ORIENTED_EDGE('',*,*,#2713,.F.);
#2713 = EDGE_CURVE('',#2714,#2706,#2716,.T.);
#2714 = VERTEX_POINT('',#2715);
#2715 = CARTESIAN_POINT('',(76.9,-39.45,0.));
#2716 = CIRCLE('',#2717,0.2);
#2717 = AXIS2_PLACEMENT_3D('',#2718,#2719,#2720);
#2718 = CARTESIAN_POINT('',(76.9,-39.25,0.));
#2719 = DIRECTION('',(0.,-0.,1.));
#2720 = DIRECTION('',(0.69628704775,0.717763433963,0.));
#2721 = ORIENTED_EDGE('',*,*,#2722,.F.);
#2722 = EDGE_CURVE('',#2723,#2714,#2725,.T.);
#2723 = VERTEX_POINT('',#2724);
#2724 = CARTESIAN_POINT('',(70.7,-39.45,0.));
#2725 = LINE('',#2726,#2727);
#2726 = CARTESIAN_POINT('',(70.7,-39.45,0.));
#2727 = VECTOR('',#2728,1.);
#2728 = DIRECTION('',(1.,0.,0.));
#2729 = ORIENTED_EDGE('',*,*,#2730,.F.);
#2730 = EDGE_CURVE('',#2731,#2723,#2733,.T.);
#2731 = VERTEX_POINT('',#2732);
#2732 = CARTESIAN_POINT('',(70.540030719343,-39.3700409482,0.));
#2733 = CIRCLE('',#2734,0.2);
#2734 = AXIS2_PLACEMENT_3D('',#2735,#2736,#2737);
#2735 = CARTESIAN_POINT('',(70.7,-39.25,0.));
#2736 = DIRECTION('',(0.,0.,1.));
#2737 = DIRECTION('',(1.,0.,0.));
#2738 = ORIENTED_EDGE('',*,*,#2739,.F.);
#2739 = EDGE_CURVE('',#2740,#2731,#2742,.T.);
#2740 = VERTEX_POINT('',#2741);
#2741 = CARTESIAN_POINT('',(66.510044716478,-33.99959051794,0.));
#2742 = LINE('',#2743,#2744);
#2743 = CARTESIAN_POINT('',(66.510044716478,-33.99959051794,0.));
#2744 = VECTOR('',#2745,1.);
#2745 = DIRECTION('',(0.600204741026,-0.799846403286,0.));
#2746 = ORIENTED_EDGE('',*,*,#2747,.F.);
#2747 = EDGE_CURVE('',#2748,#2740,#2750,.T.);
#2748 = VERTEX_POINT('',#2749);
#2749 = CARTESIAN_POINT('',(64.910351909905,-33.2,0.));
#2750 = CIRCLE('',#2751,2.);
#2751 = AXIS2_PLACEMENT_3D('',#2752,#2753,#2754);
#2752 = CARTESIAN_POINT('',(64.910351909905,-35.2,0.));
#2753 = DIRECTION('',(0.,0.,-1.));
#2754 = DIRECTION('',(-1.,1.1E-16,0.));
#2755 = ORIENTED_EDGE('',*,*,#2756,.F.);
#2756 = EDGE_CURVE('',#2757,#2748,#2759,.T.);
#2757 = VERTEX_POINT('',#2758);
#2758 = CARTESIAN_POINT('',(64.185104,-33.2,0.));
#2759 = LINE('',#2760,#2761);
#2760 = CARTESIAN_POINT('',(22.646443942425,-33.2,0.));
#2761 = VECTOR('',#2762,1.);
#2762 = DIRECTION('',(1.,0.,0.));
#2763 = ORIENTED_EDGE('',*,*,#2764,.F.);
#2764 = EDGE_CURVE('',#2765,#2757,#2767,.T.);
#2765 = VERTEX_POINT('',#2766);
#2766 = CARTESIAN_POINT('',(64.185104,-34.7,0.));
#2767 = LINE('',#2768,#2769);
#2768 = CARTESIAN_POINT('',(64.185104,-35.2,0.));
#2769 = VECTOR('',#2770,1.);
#2770 = DIRECTION('',(0.,1.,-2.2E-16));
#2771 = ORIENTED_EDGE('',*,*,#2772,.F.);
#2772 = EDGE_CURVE('',#1436,#2765,#2773,.T.);
#2773 = CIRCLE('',#2774,0.5);
#2774 = AXIS2_PLACEMENT_3D('',#2775,#2776,#2777);
#2775 = CARTESIAN_POINT('',(64.685104,-34.7,0.));
#2776 = DIRECTION('',(-0.,-2.2E-16,-1.));
#2777 = DIRECTION('',(0.,-1.,2.2E-16));
#2778 = PLANE('',#2779);
#2779 = AXIS2_PLACEMENT_3D('',#2780,#2781,#2782);
#2780 = CARTESIAN_POINT('',(37.549030748326,-22.17427246828,0.));
#2781 = DIRECTION('',(0.,0.,1.));
#2782 = DIRECTION('',(1.,0.,0.));
#2783 = ADVANCED_FACE('',(#2784),#2803,.T.);
#2784 = FACE_BOUND('',#2785,.F.);
#2785 = EDGE_LOOP('',(#2786,#2787,#2795,#2802));
#2786 = ORIENTED_EDGE('',*,*,#2772,.T.);
#2787 = ORIENTED_EDGE('',*,*,#2788,.T.);
#2788 = EDGE_CURVE('',#2765,#2789,#2791,.T.);
#2789 = VERTEX_POINT('',#2790);
#2790 = CARTESIAN_POINT('',(64.185104,-34.7,2.391973));
#2791 = LINE('',#2792,#2793);
#2792 = CARTESIAN_POINT('',(64.185104,-34.7,0.));
#2793 = VECTOR('',#2794,1.);
#2794 = DIRECTION('',(0.,2.2E-16,1.));
#2795 = ORIENTED_EDGE('',*,*,#2796,.F.);
#2796 = EDGE_CURVE('',#1446,#2789,#2797,.T.);
#2797 = CIRCLE('',#2798,0.5);
#2798 = AXIS2_PLACEMENT_3D('',#2799,#2800,#2801);
#2799 = CARTESIAN_POINT('',(64.685104,-34.7,2.391973));
#2800 = DIRECTION('',(-0.,-2.2E-16,-1.));
#2801 = DIRECTION('',(0.,-1.,2.2E-16));
#2802 = ORIENTED_EDGE('',*,*,#1445,.F.);
#2803 = CYLINDRICAL_SURFACE('',#2804,0.5);
#2804 = AXIS2_PLACEMENT_3D('',#2805,#2806,#2807);
#2805 = CARTESIAN_POINT('',(64.685104,-34.7,0.));
#2806 = DIRECTION('',(0.,2.2E-16,1.));
#2807 = DIRECTION('',(0.,-1.,2.2E-16));
#2808 = ADVANCED_FACE('',(#2809),#2829,.T.);
#2809 = FACE_BOUND('',#2810,.T.);
#2810 = EDGE_LOOP('',(#2811,#2812,#2813,#2822));
#2811 = ORIENTED_EDGE('',*,*,#2796,.F.);
#2812 = ORIENTED_EDGE('',*,*,#1453,.T.);
#2813 = ORIENTED_EDGE('',*,*,#2814,.T.);
#2814 = EDGE_CURVE('',#1454,#2815,#2817,.T.);
#2815 = VERTEX_POINT('',#2816);
#2816 = CARTESIAN_POINT('',(63.791109,-34.7,2.785968));
#2817 = CIRCLE('',#2818,0.5);
#2818 = AXIS2_PLACEMENT_3D('',#2819,#2820,#2821);
#2819 = CARTESIAN_POINT('',(63.791109,-34.7,3.285968));
#2820 = DIRECTION('',(1.,0.,-1.17E-15));
#2821 = DIRECTION('',(1.17E-15,0.,1.));
#2822 = ORIENTED_EDGE('',*,*,#2823,.F.);
#2823 = EDGE_CURVE('',#2789,#2815,#2824,.T.);
#2824 = CIRCLE('',#2825,0.393995);
#2825 = AXIS2_PLACEMENT_3D('',#2826,#2827,#2828);
#2826 = CARTESIAN_POINT('',(63.791109,-34.7,2.391973));
#2827 = DIRECTION('',(0.,-1.,0.));
#2828 = DIRECTION('',(1.,0.,0.));
#2829 = TOROIDAL_SURFACE('',#2830,0.893995,0.5);
#2830 = AXIS2_PLACEMENT_3D('',#2831,#2832,#2833);
#2831 = CARTESIAN_POINT('',(63.791109,-34.7,2.391973));
#2832 = DIRECTION('',(0.,-1.,0.));
#2833 = DIRECTION('',(1.,0.,0.));
#2834 = ADVANCED_FACE('',(#2835),#2854,.T.);
#2835 = FACE_BOUND('',#2836,.F.);
#2836 = EDGE_LOOP('',(#2837,#2838,#2846,#2853));
#2837 = ORIENTED_EDGE('',*,*,#2814,.T.);
#2838 = ORIENTED_EDGE('',*,*,#2839,.T.);
#2839 = EDGE_CURVE('',#2815,#2840,#2842,.T.);
#2840 = VERTEX_POINT('',#2841);
#2841 = CARTESIAN_POINT('',(56.445051,-34.7,2.785968));
#2842 = LINE('',#2843,#2844);
#2843 = CARTESIAN_POINT('',(63.791109,-34.7,2.785968));
#2844 = VECTOR('',#2845,1.);
#2845 = DIRECTION('',(-1.,0.,0.));
#2846 = ORIENTED_EDGE('',*,*,#2847,.F.);
#2847 = EDGE_CURVE('',#1463,#2840,#2848,.T.);
#2848 = CIRCLE('',#2849,0.5);
#2849 = AXIS2_PLACEMENT_3D('',#2850,#2851,#2852);
#2850 = CARTESIAN_POINT('',(56.445051,-34.7,3.285968));
#2851 = DIRECTION('',(1.,0.,0.));
#2852 = DIRECTION('',(0.,-1.,0.));
#2853 = ORIENTED_EDGE('',*,*,#1462,.F.);
#2854 = CYLINDRICAL_SURFACE('',#2855,0.5);
#2855 = AXIS2_PLACEMENT_3D('',#2856,#2857,#2858);
#2856 = CARTESIAN_POINT('',(63.791109,-34.7,3.285968));
#2857 = DIRECTION('',(-1.,0.,0.));
#2858 = DIRECTION('',(-0.,-1.,-0.));
#2859 = ADVANCED_FACE('',(#2860),#2880,.T.);
#2860 = FACE_BOUND('',#2861,.T.);
#2861 = EDGE_LOOP('',(#2862,#2863,#2864,#2873));
#2862 = ORIENTED_EDGE('',*,*,#2847,.F.);
#2863 = ORIENTED_EDGE('',*,*,#1470,.T.);
#2864 = ORIENTED_EDGE('',*,*,#2865,.T.);
#2865 = EDGE_CURVE('',#1471,#2866,#2868,.T.);
#2866 = VERTEX_POINT('',#2867);
#2867 = CARTESIAN_POINT('',(56.051056,-34.7,2.391973));
#2868 = CIRCLE('',#2869,0.5);
#2869 = AXIS2_PLACEMENT_3D('',#2870,#2871,#2872);
#2870 = CARTESIAN_POINT('',(55.551056,-34.7,2.391973));
#2871 = DIRECTION('',(1.832E-14,0.,1.));
#2872 = DIRECTION('',(-1.,0.,1.832E-14));
#2873 = ORIENTED_EDGE('',*,*,#2874,.F.);
#2874 = EDGE_CURVE('',#2840,#2866,#2875,.T.);
#2875 = CIRCLE('',#2876,0.393995);
#2876 = AXIS2_PLACEMENT_3D('',#2877,#2878,#2879);
#2877 = CARTESIAN_POINT('',(56.445051,-34.7,2.391973));
#2878 = DIRECTION('',(0.,-1.,0.));
#2879 = DIRECTION('',(1.803E-14,0.,1.));
#2880 = TOROIDAL_SURFACE('',#2881,0.893995,0.5);
#2881 = AXIS2_PLACEMENT_3D('',#2882,#2883,#2884);
#2882 = CARTESIAN_POINT('',(56.445051,-34.7,2.391973));
#2883 = DIRECTION('',(0.,-1.,0.));
#2884 = DIRECTION('',(1.803E-14,0.,1.));
#2885 = ADVANCED_FACE('',(#2886),#3079,.F.);
#2886 = FACE_BOUND('',#2887,.F.);
#2887 = EDGE_LOOP('',(#2888,#2889,#2898,#2906,#2914,#2923,#2931,#2940,
    #2948,#2957,#2965,#2974,#2982,#2991,#2999,#3008,#3016,#3025,#3033,
    #3042,#3050,#3058,#3065,#3066,#3067,#3068,#3069,#3070,#3071,#3072,
    #3073,#3074,#3075,#3076,#3077,#3078));
#2888 = ORIENTED_EDGE('',*,*,#1537,.T.);
#2889 = ORIENTED_EDGE('',*,*,#2890,.T.);
#2890 = EDGE_CURVE('',#1530,#2891,#2893,.T.);
#2891 = VERTEX_POINT('',#2892);
#2892 = CARTESIAN_POINT('',(38.857155,-34.7,0.));
#2893 = CIRCLE('',#2894,0.5);
#2894 = AXIS2_PLACEMENT_3D('',#2895,#2896,#2897);
#2895 = CARTESIAN_POINT('',(38.357155,-34.7,0.));
#2896 = DIRECTION('',(0.,2.2E-16,1.));
#2897 = DIRECTION('',(0.,1.,-2.2E-16));
#2898 = ORIENTED_EDGE('',*,*,#2899,.T.);
#2899 = EDGE_CURVE('',#2891,#2900,#2902,.T.);
#2900 = VERTEX_POINT('',#2901);
#2901 = CARTESIAN_POINT('',(38.857155,-33.2,0.));
#2902 = LINE('',#2903,#2904);
#2903 = CARTESIAN_POINT('',(38.857155,-35.2,0.));
#2904 = VECTOR('',#2905,1.);
#2905 = DIRECTION('',(0.,1.,-2.2E-16));
#2906 = ORIENTED_EDGE('',*,*,#2907,.F.);
#2907 = EDGE_CURVE('',#2908,#2900,#2910,.T.);
#2908 = VERTEX_POINT('',#2909);
#2909 = CARTESIAN_POINT('',(22.646443942425,-33.2,0.));
#2910 = LINE('',#2911,#2912);
#2911 = CARTESIAN_POINT('',(22.646443942425,-33.2,0.));
#2912 = VECTOR('',#2913,1.);
#2913 = DIRECTION('',(1.,0.,0.));
#2914 = ORIENTED_EDGE('',*,*,#2915,.F.);
#2915 = EDGE_CURVE('',#2916,#2908,#2918,.T.);
#2916 = VERTEX_POINT('',#2917);
#2917 = CARTESIAN_POINT('',(21.24863221226,-33.76957266279,0.));
#2918 = CIRCLE('',#2919,2.);
#2919 = AXIS2_PLACEMENT_3D('',#2920,#2921,#2922);
#2920 = CARTESIAN_POINT('',(22.646443942425,-35.2,0.));
#2921 = DIRECTION('',(-0.,0.,-1.));
#2922 = DIRECTION('',(-0.715213668601,-0.698905865082,0.));
#2923 = ORIENTED_EDGE('',*,*,#2924,.F.);
#2924 = EDGE_CURVE('',#2925,#2916,#2927,.T.);
#2925 = VERTEX_POINT('',#2926);
#2926 = CARTESIAN_POINT('',(19.482188269835,-35.49573938178,0.));
#2927 = LINE('',#2928,#2929);
#2928 = CARTESIAN_POINT('',(19.482188269835,-35.49573938178,0.));
#2929 = VECTOR('',#2930,1.);
#2930 = DIRECTION('',(0.715213668601,0.698905865082,0.));
#2931 = ORIENTED_EDGE('',*,*,#2932,.F.);
#2932 = EDGE_CURVE('',#2933,#2925,#2935,.T.);
#2933 = VERTEX_POINT('',#2934);
#2934 = CARTESIAN_POINT('',(18.88,-36.92616671898,0.));
#2935 = CIRCLE('',#2936,2.);
#2936 = AXIS2_PLACEMENT_3D('',#2937,#2938,#2939);
#2937 = CARTESIAN_POINT('',(20.88,-36.92616671898,0.));
#2938 = DIRECTION('',(-0.,0.,-1.));
#2939 = DIRECTION('',(-1.1E-16,-1.,0.));
#2940 = ORIENTED_EDGE('',*,*,#2941,.F.);
#2941 = EDGE_CURVE('',#2942,#2933,#2944,.T.);
#2942 = VERTEX_POINT('',#2943);
#2943 = CARTESIAN_POINT('',(18.88,-46.05,0.));
#2944 = LINE('',#2945,#2946);
#2945 = CARTESIAN_POINT('',(18.88,-46.05,0.));
#2946 = VECTOR('',#2947,1.);
#2947 = DIRECTION('',(0.,1.,0.));
#2948 = ORIENTED_EDGE('',*,*,#2949,.F.);
#2949 = EDGE_CURVE('',#2950,#2942,#2952,.T.);
#2950 = VERTEX_POINT('',#2951);
#2951 = CARTESIAN_POINT('',(18.821651062136,-46.19119127662,0.));
#2952 = CIRCLE('',#2953,0.2);
#2953 = AXIS2_PLACEMENT_3D('',#2954,#2955,#2956);
#2954 = CARTESIAN_POINT('',(18.68,-46.05,0.));
#2955 = DIRECTION('',(0.,-0.,1.));
#2956 = DIRECTION('',(1.1E-16,1.,0.));
#2957 = ORIENTED_EDGE('',*,*,#2958,.F.);
#2958 = EDGE_CURVE('',#2959,#2950,#2961,.T.);
#2959 = VERTEX_POINT('',#2960);
#2960 = CARTESIAN_POINT('',(12.641651062136,-52.39131627662,0.));
#2961 = LINE('',#2962,#2963);
#2962 = CARTESIAN_POINT('',(12.641651062136,-52.39131627662,0.));
#2963 = VECTOR('',#2964,1.);
#2964 = DIRECTION('',(0.705956383138,0.70825531068,0.));
#2965 = ORIENTED_EDGE('',*,*,#2966,.F.);
#2966 = EDGE_CURVE('',#2967,#2959,#2969,.T.);
#2967 = VERTEX_POINT('',#2968);
#2968 = CARTESIAN_POINT('',(12.499996062992,-52.45012499996,0.));
#2969 = CIRCLE('',#2970,0.2);
#2970 = AXIS2_PLACEMENT_3D('',#2971,#2972,#2973);
#2971 = CARTESIAN_POINT('',(12.5,-52.250125,0.));
#2972 = DIRECTION('',(0.,-0.,1.));
#2973 = DIRECTION('',(0.705956383138,0.70825531068,0.));
#2974 = ORIENTED_EDGE('',*,*,#2975,.F.);
#2975 = EDGE_CURVE('',#2976,#2967,#2978,.T.);
#2976 = VERTEX_POINT('',#2977);
#2977 = CARTESIAN_POINT('',(6.149996062992,-52.44999999996,0.));
#2978 = LINE('',#2979,#2980);
#2979 = CARTESIAN_POINT('',(6.149996062992,-52.44999999996,0.));
#2980 = VECTOR('',#2981,1.);
#2981 = DIRECTION('',(0.999999999806,-1.96850393658E-05,0.));
#2982 = ORIENTED_EDGE('',*,*,#2983,.F.);
#2983 = EDGE_CURVE('',#2984,#2976,#2986,.T.);
#2984 = VERTEX_POINT('',#2985);
#2985 = CARTESIAN_POINT('',(6.008007251363,-52.39084764582,0.));
#2986 = CIRCLE('',#2987,0.2);
#2987 = AXIS2_PLACEMENT_3D('',#2988,#2989,#2990);
#2988 = CARTESIAN_POINT('',(6.15,-52.25,0.));
#2989 = DIRECTION('',(-0.,0.,1.));
#2990 = DIRECTION('',(0.999999999806,-1.968503936583E-05,0.));
#2991 = ORIENTED_EDGE('',*,*,#2992,.F.);
#2992 = EDGE_CURVE('',#2993,#2984,#2995,.T.);
#2993 = VERTEX_POINT('',#2994);
#2994 = CARTESIAN_POINT('',(-0.141992748637,-46.19084764582,0.));
#2995 = LINE('',#2996,#2997);
#2996 = CARTESIAN_POINT('',(-0.141992748637,-46.19084764582,0.));
#2997 = VECTOR('',#2998,1.);
#2998 = DIRECTION('',(0.704238229127,-0.709963743185,0.));
#2999 = ORIENTED_EDGE('',*,*,#3000,.F.);
#3000 = EDGE_CURVE('',#3001,#2993,#3003,.T.);
#3001 = VERTEX_POINT('',#3002);
#3002 = CARTESIAN_POINT('',(-0.2,-46.05,0.));
#3003 = CIRCLE('',#3004,0.2);
#3004 = AXIS2_PLACEMENT_3D('',#3005,#3006,#3007);
#3005 = CARTESIAN_POINT('',(0.,-46.05,0.));
#3006 = DIRECTION('',(-0.,0.,1.));
#3007 = DIRECTION('',(0.704238229127,-0.709963743185,0.));
#3008 = ORIENTED_EDGE('',*,*,#3009,.F.);
#3009 = EDGE_CURVE('',#3010,#3001,#3012,.T.);
#3010 = VERTEX_POINT('',#3011);
#3011 = CARTESIAN_POINT('',(-0.2,-1.95,0.));
#3012 = LINE('',#3013,#3014);
#3013 = CARTESIAN_POINT('',(-0.2,-1.95,0.));
#3014 = VECTOR('',#3015,1.);
#3015 = DIRECTION('',(0.,-1.,0.));
#3016 = ORIENTED_EDGE('',*,*,#3017,.F.);
#3017 = EDGE_CURVE('',#3018,#3010,#3020,.T.);
#3018 = VERTEX_POINT('',#3019);
#3019 = CARTESIAN_POINT('',(-0.150754545982,-1.818572959914,0.));
#3020 = CIRCLE('',#3021,0.2);
#3021 = AXIS2_PLACEMENT_3D('',#3022,#3023,#3024);
#3022 = CARTESIAN_POINT('',(0.,-1.95,0.));
#3023 = DIRECTION('',(-0.,0.,1.));
#3024 = DIRECTION('',(1.1E-16,-1.,0.));
#3025 = ORIENTED_EDGE('',*,*,#3026,.F.);
#3026 = EDGE_CURVE('',#3027,#3018,#3029,.T.);
#3027 = VERTEX_POINT('',#3028);
#3028 = CARTESIAN_POINT('',(1.549245454018,0.131427040086,0.));
#3029 = LINE('',#3030,#3031);
#3030 = CARTESIAN_POINT('',(1.549245454018,0.131427040086,0.));
#3031 = VECTOR('',#3032,1.);
#3032 = DIRECTION('',(-0.657135200432,-0.753772729908,0.));
#3033 = ORIENTED_EDGE('',*,*,#3034,.F.);
#3034 = EDGE_CURVE('',#3035,#3027,#3037,.T.);
#3035 = VERTEX_POINT('',#3036);
#3036 = CARTESIAN_POINT('',(1.7,0.2,0.));
#3037 = CIRCLE('',#3038,0.2);
#3038 = AXIS2_PLACEMENT_3D('',#3039,#3040,#3041);
#3039 = CARTESIAN_POINT('',(1.7,0.,0.));
#3040 = DIRECTION('',(0.,0.,1.));
#3041 = DIRECTION('',(-0.657135200432,-0.753772729908,0.));
#3042 = ORIENTED_EDGE('',*,*,#3043,.F.);
#3043 = EDGE_CURVE('',#3044,#3035,#3046,.T.);
#3044 = VERTEX_POINT('',#3045);
#3045 = CARTESIAN_POINT('',(5.823962678119,0.2,-1.E-15));
#3046 = LINE('',#3047,#3048);
#3047 = CARTESIAN_POINT('',(73.,0.2,0.));
#3048 = VECTOR('',#3049,1.);
#3049 = DIRECTION('',(-1.,0.,0.));
#3050 = ORIENTED_EDGE('',*,*,#3051,.F.);
#3051 = EDGE_CURVE('',#3052,#3044,#3054,.T.);
#3052 = VERTEX_POINT('',#3053);
#3053 = CARTESIAN_POINT('',(5.823962678119,1.7,-1.E-15));
#3054 = LINE('',#3055,#3056);
#3055 = CARTESIAN_POINT('',(5.823962678119,2.2,-1.4E-15));
#3056 = VECTOR('',#3057,1.);
#3057 = DIRECTION('',(0.,-1.,2.2E-16));
#3058 = ORIENTED_EDGE('',*,*,#3059,.F.);
#3059 = EDGE_CURVE('',#2102,#3052,#3060,.T.);
#3060 = CIRCLE('',#3061,0.5);
#3061 = AXIS2_PLACEMENT_3D('',#3062,#3063,#3064);
#3062 = CARTESIAN_POINT('',(5.323962678119,1.7,0.));
#3063 = DIRECTION('',(-0.,-2.2E-16,-1.));
#3064 = DIRECTION('',(0.,-1.,2.2E-16));
#3065 = ORIENTED_EDGE('',*,*,#2101,.T.);
#3066 = ORIENTED_EDGE('',*,*,#2286,.T.);
#3067 = ORIENTED_EDGE('',*,*,#2269,.T.);
#3068 = ORIENTED_EDGE('',*,*,#2086,.T.);
#3069 = ORIENTED_EDGE('',*,*,#2016,.T.);
#3070 = ORIENTED_EDGE('',*,*,#1967,.T.);
#3071 = ORIENTED_EDGE('',*,*,#1918,.T.);
#3072 = ORIENTED_EDGE('',*,*,#1869,.T.);
#3073 = ORIENTED_EDGE('',*,*,#1820,.T.);
#3074 = ORIENTED_EDGE('',*,*,#1771,.T.);
#3075 = ORIENTED_EDGE('',*,*,#1722,.T.);
#3076 = ORIENTED_EDGE('',*,*,#1673,.T.);
#3077 = ORIENTED_EDGE('',*,*,#1624,.T.);
#3078 = ORIENTED_EDGE('',*,*,#1576,.T.);
#3079 = PLANE('',#3080);
#3080 = AXIS2_PLACEMENT_3D('',#3081,#3082,#3083);
#3081 = CARTESIAN_POINT('',(37.549030748326,-22.17427246828,0.));
#3082 = DIRECTION('',(0.,0.,1.));
#3083 = DIRECTION('',(1.,0.,0.));
#3084 = ADVANCED_FACE('',(#3085),#3104,.T.);
#3085 = FACE_BOUND('',#3086,.F.);
#3086 = EDGE_LOOP('',(#3087,#3088,#3096,#3103));
#3087 = ORIENTED_EDGE('',*,*,#2865,.T.);
#3088 = ORIENTED_EDGE('',*,*,#3089,.T.);
#3089 = EDGE_CURVE('',#2866,#3090,#3092,.T.);
#3090 = VERTEX_POINT('',#3091);
#3091 = CARTESIAN_POINT('',(56.051056,-34.7,0.));
#3092 = LINE('',#3093,#3094);
#3093 = CARTESIAN_POINT('',(56.051056,-34.7,2.391973));
#3094 = VECTOR('',#3095,1.);
#3095 = DIRECTION('',(0.,-2.2E-16,-1.));
#3096 = ORIENTED_EDGE('',*,*,#3097,.F.);
#3097 = EDGE_CURVE('',#1480,#3090,#3098,.T.);
#3098 = CIRCLE('',#3099,0.5);
#3099 = AXIS2_PLACEMENT_3D('',#3100,#3101,#3102);
#3100 = CARTESIAN_POINT('',(55.551056,-34.7,0.));
#3101 = DIRECTION('',(0.,2.2E-16,1.));
#3102 = DIRECTION('',(0.,1.,-2.2E-16));
#3103 = ORIENTED_EDGE('',*,*,#1479,.F.);
#3104 = CYLINDRICAL_SURFACE('',#3105,0.5);
#3105 = AXIS2_PLACEMENT_3D('',#3106,#3107,#3108);
#3106 = CARTESIAN_POINT('',(55.551056,-34.7,2.391973));
#3107 = DIRECTION('',(0.,-2.2E-16,-1.));
#3108 = DIRECTION('',(0.,-1.,2.2E-16));
#3109 = ADVANCED_FACE('',(#3110),#3129,.T.);
#3110 = FACE_BOUND('',#3111,.F.);
#3111 = EDGE_LOOP('',(#3112,#3121,#3127,#3128));
#3112 = ORIENTED_EDGE('',*,*,#3113,.T.);
#3113 = EDGE_CURVE('',#1521,#3114,#3116,.T.);
#3114 = VERTEX_POINT('',#3115);
#3115 = CARTESIAN_POINT('',(38.857155,-34.7,2.420986));
#3116 = CIRCLE('',#3117,0.5);
#3117 = AXIS2_PLACEMENT_3D('',#3118,#3119,#3120);
#3118 = CARTESIAN_POINT('',(38.357155,-34.7,2.420986));
#3119 = DIRECTION('',(6.E-17,0.,1.));
#3120 = DIRECTION('',(-1.,0.,6.E-17));
#3121 = ORIENTED_EDGE('',*,*,#3122,.T.);
#3122 = EDGE_CURVE('',#3114,#2891,#3123,.T.);
#3123 = LINE('',#3124,#3125);
#3124 = CARTESIAN_POINT('',(38.857155,-34.7,2.420986));
#3125 = VECTOR('',#3126,1.);
#3126 = DIRECTION('',(0.,-2.2E-16,-1.));
#3127 = ORIENTED_EDGE('',*,*,#2890,.F.);
#3128 = ORIENTED_EDGE('',*,*,#1529,.F.);
#3129 = CYLINDRICAL_SURFACE('',#3130,0.5);
#3130 = AXIS2_PLACEMENT_3D('',#3131,#3132,#3133);
#3131 = CARTESIAN_POINT('',(38.357155,-34.7,2.420986));
#3132 = DIRECTION('',(0.,-2.2E-16,-1.));
#3133 = DIRECTION('',(0.,-1.,2.2E-16));
#3134 = ADVANCED_FACE('',(#3135),#3170,.F.);
#3135 = FACE_BOUND('',#3136,.F.);
#3136 = EDGE_LOOP('',(#3137,#3138,#3139,#3147,#3155,#3163));
#3137 = ORIENTED_EDGE('',*,*,#1487,.T.);
#3138 = ORIENTED_EDGE('',*,*,#3097,.T.);
#3139 = ORIENTED_EDGE('',*,*,#3140,.T.);
#3140 = EDGE_CURVE('',#3090,#3141,#3143,.T.);
#3141 = VERTEX_POINT('',#3142);
#3142 = CARTESIAN_POINT('',(56.051056,-33.2,0.));
#3143 = LINE('',#3144,#3145);
#3144 = CARTESIAN_POINT('',(56.051056,-35.2,0.));
#3145 = VECTOR('',#3146,1.);
#3146 = DIRECTION('',(0.,1.,-2.2E-16));
#3147 = ORIENTED_EDGE('',*,*,#3148,.F.);
#3148 = EDGE_CURVE('',#3149,#3141,#3151,.T.);
#3149 = VERTEX_POINT('',#3150);
#3150 = CARTESIAN_POINT('',(49.502907,-33.2,0.));
#3151 = LINE('',#3152,#3153);
#3152 = CARTESIAN_POINT('',(22.646443942425,-33.2,0.));
#3153 = VECTOR('',#3154,1.);
#3154 = DIRECTION('',(1.,0.,0.));
#3155 = ORIENTED_EDGE('',*,*,#3156,.F.);
#3156 = EDGE_CURVE('',#3157,#3149,#3159,.T.);
#3157 = VERTEX_POINT('',#3158);
#3158 = CARTESIAN_POINT('',(49.502907,-34.7,0.));
#3159 = LINE('',#3160,#3161);
#3160 = CARTESIAN_POINT('',(49.502907,-35.2,0.));
#3161 = VECTOR('',#3162,1.);
#3162 = DIRECTION('',(0.,1.,-2.2E-16));
#3163 = ORIENTED_EDGE('',*,*,#3164,.F.);
#3164 = EDGE_CURVE('',#1488,#3157,#3165,.T.);
#3165 = CIRCLE('',#3166,0.5);
#3166 = AXIS2_PLACEMENT_3D('',#3167,#3168,#3169);
#3167 = CARTESIAN_POINT('',(50.002907,-34.7,0.));
#3168 = DIRECTION('',(-0.,-2.2E-16,-1.));
#3169 = DIRECTION('',(0.,-1.,2.2E-16));
#3170 = PLANE('',#3171);
#3171 = AXIS2_PLACEMENT_3D('',#3172,#3173,#3174);
#3172 = CARTESIAN_POINT('',(37.549030748326,-22.17427246828,0.));
#3173 = DIRECTION('',(0.,0.,1.));
#3174 = DIRECTION('',(1.,0.,0.));
#3175 = ADVANCED_FACE('',(#3176),#3196,.T.);
#3176 = FACE_BOUND('',#3177,.T.);
#3177 = EDGE_LOOP('',(#3178,#3187,#3188,#3189));
#3178 = ORIENTED_EDGE('',*,*,#3179,.F.);
#3179 = EDGE_CURVE('',#1513,#3180,#3182,.T.);
#3180 = VERTEX_POINT('',#3181);
#3181 = CARTESIAN_POINT('',(39.255929,-34.7,2.81976));
#3182 = CIRCLE('',#3183,0.5);
#3183 = AXIS2_PLACEMENT_3D('',#3184,#3185,#3186);
#3184 = CARTESIAN_POINT('',(39.255929,-34.7,3.31976));
#3185 = DIRECTION('',(1.,0.,0.));
#3186 = DIRECTION('',(0.,-1.,0.));
#3187 = ORIENTED_EDGE('',*,*,#1520,.T.);
#3188 = ORIENTED_EDGE('',*,*,#3113,.T.);
#3189 = ORIENTED_EDGE('',*,*,#3190,.F.);
#3190 = EDGE_CURVE('',#3180,#3114,#3191,.T.);
#3191 = CIRCLE('',#3192,0.398774);
#3192 = AXIS2_PLACEMENT_3D('',#3193,#3194,#3195);
#3193 = CARTESIAN_POINT('',(39.255929,-34.7,2.420986));
#3194 = DIRECTION('',(0.,-1.,0.));
#3195 = DIRECTION('',(0.,0.,1.));
#3196 = TOROIDAL_SURFACE('',#3197,0.898774,0.5);
#3197 = AXIS2_PLACEMENT_3D('',#3198,#3199,#3200);
#3198 = CARTESIAN_POINT('',(39.255929,-34.7,2.420986));
#3199 = DIRECTION('',(0.,-1.,0.));
#3200 = DIRECTION('',(0.,0.,1.));
#3201 = ADVANCED_FACE('',(#3202),#3221,.T.);
#3202 = FACE_BOUND('',#3203,.F.);
#3203 = EDGE_LOOP('',(#3204,#3205,#3213,#3220));
#3204 = ORIENTED_EDGE('',*,*,#3164,.T.);
#3205 = ORIENTED_EDGE('',*,*,#3206,.T.);
#3206 = EDGE_CURVE('',#3157,#3207,#3209,.T.);
#3207 = VERTEX_POINT('',#3208);
#3208 = CARTESIAN_POINT('',(49.502907,-34.7,2.420986));
#3209 = LINE('',#3210,#3211);
#3210 = CARTESIAN_POINT('',(49.502907,-34.7,0.));
#3211 = VECTOR('',#3212,1.);
#3212 = DIRECTION('',(0.,2.2E-16,1.));
#3213 = ORIENTED_EDGE('',*,*,#3214,.F.);
#3214 = EDGE_CURVE('',#1496,#3207,#3215,.T.);
#3215 = CIRCLE('',#3216,0.5);
#3216 = AXIS2_PLACEMENT_3D('',#3217,#3218,#3219);
#3217 = CARTESIAN_POINT('',(50.002907,-34.7,2.420986));
#3218 = DIRECTION('',(-0.,-2.2E-16,-1.));
#3219 = DIRECTION('',(0.,-1.,2.2E-16));
#3220 = ORIENTED_EDGE('',*,*,#1495,.F.);
#3221 = CYLINDRICAL_SURFACE('',#3222,0.5);
#3222 = AXIS2_PLACEMENT_3D('',#3223,#3224,#3225);
#3223 = CARTESIAN_POINT('',(50.002907,-34.7,0.));
#3224 = DIRECTION('',(0.,2.2E-16,1.));
#3225 = DIRECTION('',(0.,-1.,2.2E-16));
#3226 = ADVANCED_FACE('',(#3227),#3246,.T.);
#3227 = FACE_BOUND('',#3228,.F.);
#3228 = EDGE_LOOP('',(#3229,#3238,#3244,#3245));
#3229 = ORIENTED_EDGE('',*,*,#3230,.T.);
#3230 = EDGE_CURVE('',#1504,#3231,#3233,.T.);
#3231 = VERTEX_POINT('',#3232);
#3232 = CARTESIAN_POINT('',(49.104133,-34.7,2.81976));
#3233 = CIRCLE('',#3234,0.5);
#3234 = AXIS2_PLACEMENT_3D('',#3235,#3236,#3237);
#3235 = CARTESIAN_POINT('',(49.104133,-34.7,3.31976));
#3236 = DIRECTION('',(1.,0.,-1.17E-15));
#3237 = DIRECTION('',(1.17E-15,0.,1.));
#3238 = ORIENTED_EDGE('',*,*,#3239,.T.);
#3239 = EDGE_CURVE('',#3231,#3180,#3240,.T.);
#3240 = LINE('',#3241,#3242);
#3241 = CARTESIAN_POINT('',(49.104133,-34.7,2.81976));
#3242 = VECTOR('',#3243,1.);
#3243 = DIRECTION('',(-1.,0.,0.));
#3244 = ORIENTED_EDGE('',*,*,#3179,.F.);
#3245 = ORIENTED_EDGE('',*,*,#1512,.F.);
#3246 = CYLINDRICAL_SURFACE('',#3247,0.5);
#3247 = AXIS2_PLACEMENT_3D('',#3248,#3249,#3250);
#3248 = CARTESIAN_POINT('',(49.104133,-34.7,3.31976));
#3249 = DIRECTION('',(-1.,0.,0.));
#3250 = DIRECTION('',(-0.,-1.,-0.));
#3251 = ADVANCED_FACE('',(#3252),#3264,.T.);
#3252 = FACE_BOUND('',#3253,.T.);
#3253 = EDGE_LOOP('',(#3254,#3255,#3256,#3257));
#3254 = ORIENTED_EDGE('',*,*,#3214,.F.);
#3255 = ORIENTED_EDGE('',*,*,#1503,.T.);
#3256 = ORIENTED_EDGE('',*,*,#3230,.T.);
#3257 = ORIENTED_EDGE('',*,*,#3258,.F.);
#3258 = EDGE_CURVE('',#3207,#3231,#3259,.T.);
#3259 = CIRCLE('',#3260,0.398774);
#3260 = AXIS2_PLACEMENT_3D('',#3261,#3262,#3263);
#3261 = CARTESIAN_POINT('',(49.104133,-34.7,2.420986));
#3262 = DIRECTION('',(0.,-1.,0.));
#3263 = DIRECTION('',(1.,0.,0.));
#3264 = TOROIDAL_SURFACE('',#3265,0.898774,0.5);
#3265 = AXIS2_PLACEMENT_3D('',#3266,#3267,#3268);
#3266 = CARTESIAN_POINT('',(49.104133,-34.7,2.420986));
#3267 = DIRECTION('',(0.,-1.,0.));
#3268 = DIRECTION('',(1.,0.,0.));
#3269 = ADVANCED_FACE('',(#3270),#3288,.T.);
#3270 = FACE_BOUND('',#3271,.F.);
#3271 = EDGE_LOOP('',(#3272,#3280,#3286,#3287));
#3272 = ORIENTED_EDGE('',*,*,#3273,.T.);
#3273 = EDGE_CURVE('',#2050,#3274,#3276,.T.);
#3274 = VERTEX_POINT('',#3275);
#3275 = CARTESIAN_POINT('',(73.,1.624807680927,3.268232296657));
#3276 = ( BOUNDED_CURVE() B_SPLINE_CURVE(2,(#3277,#3278,#3279),
.UNSPECIFIED.,.F.,.F.) B_SPLINE_CURVE_WITH_KNOTS((3,3),(0.,
0.552191378365),.PIECEWISE_BEZIER_KNOTS.) CURVE() 
GEOMETRIC_REPRESENTATION_ITEM() RATIONAL_B_SPLINE_CURVE((1.,
0.594088525786,1.)) REPRESENTATION_ITEM('') );
#3277 = CARTESIAN_POINT('',(73.647058823529,2.102692292965,
    3.268232296657));
#3278 = CARTESIAN_POINT('',(73.,2.301810881314,3.268232296657));
#3279 = CARTESIAN_POINT('',(73.,1.624807680927,3.268232296657));
#3280 = ORIENTED_EDGE('',*,*,#3281,.T.);
#3281 = EDGE_CURVE('',#3274,#2646,#3282,.T.);
#3282 = LINE('',#3283,#3284);
#3283 = CARTESIAN_POINT('',(73.,1.624807680927,3.268232296657));
#3284 = VECTOR('',#3285,1.);
#3285 = DIRECTION('',(-0.,-0.,-1.));
#3286 = ORIENTED_EDGE('',*,*,#2645,.F.);
#3287 = ORIENTED_EDGE('',*,*,#2062,.F.);
#3288 = CYLINDRICAL_SURFACE('',#3289,0.5);
#3289 = AXIS2_PLACEMENT_3D('',#3290,#3291,#3292);
#3290 = CARTESIAN_POINT('',(73.5,1.624807680927,3.268232296657));
#3291 = DIRECTION('',(-0.,-0.,-1.));
#3292 = DIRECTION('',(0.294117647059,0.955769224075,0.));
#3293 = ADVANCED_FACE('',(#3294),#3318,.F.);
#3294 = FACE_BOUND('',#3295,.F.);
#3295 = EDGE_LOOP('',(#3296,#3305,#3316,#3317));
#3296 = ORIENTED_EDGE('',*,*,#3297,.T.);
#3297 = EDGE_CURVE('',#2042,#3298,#3300,.T.);
#3298 = VERTEX_POINT('',#3299);
#3299 = CARTESIAN_POINT('',(72.740771470314,1.7,3.728559397436));
#3300 = CIRCLE('',#3301,0.5);
#3301 = AXIS2_PLACEMENT_3D('',#3302,#3303,#3304);
#3302 = CARTESIAN_POINT('',(73.,1.7,4.156111229846));
#3303 = DIRECTION('',(-0.85510366482,0.,0.518457059371));
#3304 = DIRECTION('',(0.518457059371,0.,0.85510366482));
#3305 = ORIENTED_EDGE('',*,*,#3306,.T.);
#3306 = EDGE_CURVE('',#3298,#3274,#3307,.T.);
#3307 = ( BOUNDED_CURVE() B_SPLINE_CURVE(7,(#3308,#3309,#3310,#3311,
    #3312,#3313,#3314,#3315),.UNSPECIFIED.,.F.,.F.) 
B_SPLINE_CURVE_WITH_KNOTS((8,8),(13.367973349907,13.920164728271),
.PIECEWISE_BEZIER_KNOTS.) CURVE() GEOMETRIC_REPRESENTATION_ITEM() 
RATIONAL_B_SPLINE_CURVE((1.,1.,1.,1.,1.,1.,1.,1.)) REPRESENTATION_ITEM(
  '') );
#3308 = CARTESIAN_POINT('',(72.740771470314,1.7,3.728559397436));
#3309 = CARTESIAN_POINT('',(72.808225856322,1.7,3.687661195206));
#3310 = CARTESIAN_POINT('',(72.868688406278,1.690389705654,
    3.635231022741));
#3311 = CARTESIAN_POINT('',(72.91979332097,1.673818939816,3.572703534135
    ));
#3312 = CARTESIAN_POINT('',(72.959542222362,1.652471452237,
    3.502119109809));
#3313 = CARTESIAN_POINT('',(72.98651400323,1.633887317886,3.426001292092
    ));
#3314 = CARTESIAN_POINT('',(73.,1.624807680927,3.347116751002));
#3315 = CARTESIAN_POINT('',(73.,1.624807680927,3.268232296657));
#3316 = ORIENTED_EDGE('',*,*,#3273,.F.);
#3317 = ORIENTED_EDGE('',*,*,#2049,.F.);
#3318 = ( BOUNDED_SURFACE() B_SPLINE_SURFACE(2,7,(
    (#3319,#3320,#3321,#3322,#3323,#3324,#3325,#3326)
    ,(#3327,#3328,#3329,#3330,#3331,#3332,#3333,#3334)
    ,(#3335,#3336,#3337,#3338,#3339,#3340,#3341,#3342
)),.UNSPECIFIED.,.F.,.F.,.F.) B_SPLINE_SURFACE_WITH_KNOTS((3,3),(8,8),(
    0.,0.552191378365),(13.367973349907,13.920164728271),
.PIECEWISE_BEZIER_KNOTS.) GEOMETRIC_REPRESENTATION_ITEM() 
RATIONAL_B_SPLINE_SURFACE((
    (1.,1.,1.,1.,1.,1.,1.,1.)
    ,(0.707106781187,0.695561121942,0.67755071591,0.654821807205
      ,0.627310767436,0.605051845339,0.594088525786,0.594088525786)
,(1.,1.,1.,1.,1.,1.,1.,1.))) REPRESENTATION_ITEM('') SURFACE() );
#3319 = CARTESIAN_POINT('',(73.,2.2,4.156111229846));
#3320 = CARTESIAN_POINT('',(73.138571404164,2.2,4.091188931989));
#3321 = CARTESIAN_POINT('',(73.273090791896,2.189673699544,
    4.008530656818));
#3322 = CARTESIAN_POINT('',(73.400460924454,2.171120044431,
    3.905022480632));
#3323 = CARTESIAN_POINT('',(73.518587229164,2.142873953902,
    3.775769466688));
#3324 = CARTESIAN_POINT('',(73.604328552752,2.11569326133,3.615509862306
    ));
#3325 = CARTESIAN_POINT('',(73.647058823529,2.102692292965,
    3.441934013723));
#3326 = CARTESIAN_POINT('',(73.647058823529,2.102692292965,
    3.268232296657));
#3327 = CARTESIAN_POINT('',(72.740771470314,2.2,3.728559397436));
#3328 = CARTESIAN_POINT('',(72.809345535572,2.216599057768,
    3.686982323585));
#3329 = CARTESIAN_POINT('',(72.871503311831,2.233278009514,
    3.632828227322));
#3330 = CARTESIAN_POINT('',(72.923869553663,2.250612157136,
    3.567702672622));
#3331 = CARTESIAN_POINT('',(72.961945652654,2.272390380199,
    3.495245491542));
#3332 = CARTESIAN_POINT('',(72.9866929946,2.29181104918,3.423199715176)
  );
#3333 = CARTESIAN_POINT('',(73.,2.301810881314,3.347116751002));
#3334 = CARTESIAN_POINT('',(73.,2.301810881314,3.268232296657));
#3335 = CARTESIAN_POINT('',(72.740771470314,1.7,3.728559397436));
#3336 = CARTESIAN_POINT('',(72.808225856322,1.7,3.687661195206));
#3337 = CARTESIAN_POINT('',(72.868688406278,1.690389705654,
    3.635231022741));
#3338 = CARTESIAN_POINT('',(72.91979332097,1.673818939816,3.572703534135
    ));
#3339 = CARTESIAN_POINT('',(72.959542222362,1.652471452237,
    3.502119109809));
#3340 = CARTESIAN_POINT('',(72.98651400323,1.633887317886,3.426001292092
    ));
#3341 = CARTESIAN_POINT('',(73.,1.624807680927,3.347116751002));
#3342 = CARTESIAN_POINT('',(73.,1.624807680927,3.268232296657));
#3343 = ADVANCED_FACE('',(#3344),#3363,.T.);
#3344 = FACE_BOUND('',#3345,.F.);
#3345 = EDGE_LOOP('',(#3346,#3347,#3355,#3362));
#3346 = ORIENTED_EDGE('',*,*,#3059,.T.);
#3347 = ORIENTED_EDGE('',*,*,#3348,.T.);
#3348 = EDGE_CURVE('',#3052,#3349,#3351,.T.);
#3349 = VERTEX_POINT('',#3350);
#3350 = CARTESIAN_POINT('',(5.823962678119,1.7,4.952106242387));
#3351 = LINE('',#3352,#3353);
#3352 = CARTESIAN_POINT('',(5.823962678119,1.7,-1.4E-15));
#3353 = VECTOR('',#3354,1.);
#3354 = DIRECTION('',(0.,2.2E-16,1.));
#3355 = ORIENTED_EDGE('',*,*,#3356,.F.);
#3356 = EDGE_CURVE('',#2112,#3349,#3357,.T.);
#3357 = CIRCLE('',#3358,0.5);
#3358 = AXIS2_PLACEMENT_3D('',#3359,#3360,#3361);
#3359 = CARTESIAN_POINT('',(5.323962678119,1.7,4.952106242387));
#3360 = DIRECTION('',(0.,-2.2E-16,-1.));
#3361 = DIRECTION('',(0.,1.,-2.2E-16));
#3362 = ORIENTED_EDGE('',*,*,#2111,.F.);
#3363 = CYLINDRICAL_SURFACE('',#3364,0.5);
#3364 = AXIS2_PLACEMENT_3D('',#3365,#3366,#3367);
#3365 = CARTESIAN_POINT('',(5.323962678119,1.7,-1.4E-15));
#3366 = DIRECTION('',(0.,2.2E-16,1.));
#3367 = DIRECTION('',(0.,1.,-2.2E-16));
#3368 = ADVANCED_FACE('',(#3369),#3389,.T.);
#3369 = FACE_BOUND('',#3370,.T.);
#3370 = EDGE_LOOP('',(#3371,#3372,#3373,#3382));
#3371 = ORIENTED_EDGE('',*,*,#3356,.F.);
#3372 = ORIENTED_EDGE('',*,*,#2119,.T.);
#3373 = ORIENTED_EDGE('',*,*,#3374,.T.);
#3374 = EDGE_CURVE('',#2120,#3375,#3377,.T.);
#3375 = VERTEX_POINT('',#3376);
#3376 = CARTESIAN_POINT('',(6.571856435732,1.7,5.7));
#3377 = CIRCLE('',#3378,0.5);
#3378 = AXIS2_PLACEMENT_3D('',#3379,#3380,#3381);
#3379 = CARTESIAN_POINT('',(6.571856435732,1.7,6.2));
#3380 = DIRECTION('',(-1.,0.,-6.E-17));
#3381 = DIRECTION('',(-6.E-17,0.,1.));
#3382 = ORIENTED_EDGE('',*,*,#3383,.F.);
#3383 = EDGE_CURVE('',#3349,#3375,#3384,.T.);
#3384 = CIRCLE('',#3385,0.747893757613);
#3385 = AXIS2_PLACEMENT_3D('',#3386,#3387,#3388);
#3386 = CARTESIAN_POINT('',(6.571856435732,1.7,4.952106242387));
#3387 = DIRECTION('',(0.,1.,-0.));
#3388 = DIRECTION('',(-1.,0.,0.));
#3389 = TOROIDAL_SURFACE('',#3390,1.247893757613,0.5);
#3390 = AXIS2_PLACEMENT_3D('',#3391,#3392,#3393);
#3391 = CARTESIAN_POINT('',(6.571856435732,1.7,4.952106242387));
#3392 = DIRECTION('',(0.,1.,0.));
#3393 = DIRECTION('',(-1.,0.,0.));
#3394 = ADVANCED_FACE('',(#3395),#3414,.T.);
#3395 = FACE_BOUND('',#3396,.F.);
#3396 = EDGE_LOOP('',(#3397,#3398,#3406,#3413));
#3397 = ORIENTED_EDGE('',*,*,#3374,.T.);
#3398 = ORIENTED_EDGE('',*,*,#3399,.T.);
#3399 = EDGE_CURVE('',#3375,#3400,#3402,.T.);
#3400 = VERTEX_POINT('',#3401);
#3401 = CARTESIAN_POINT('',(15.602160268594,1.7,5.7));
#3402 = LINE('',#3403,#3404);
#3403 = CARTESIAN_POINT('',(6.571856435732,1.7,5.7));
#3404 = VECTOR('',#3405,1.);
#3405 = DIRECTION('',(1.,0.,0.));
#3406 = ORIENTED_EDGE('',*,*,#3407,.F.);
#3407 = EDGE_CURVE('',#2129,#3400,#3408,.T.);
#3408 = CIRCLE('',#3409,0.5);
#3409 = AXIS2_PLACEMENT_3D('',#3410,#3411,#3412);
#3410 = CARTESIAN_POINT('',(15.602160268594,1.7,6.2));
#3411 = DIRECTION('',(-1.,0.,0.));
#3412 = DIRECTION('',(0.,1.,0.));
#3413 = ORIENTED_EDGE('',*,*,#2128,.F.);
#3414 = CYLINDRICAL_SURFACE('',#3415,0.5);
#3415 = AXIS2_PLACEMENT_3D('',#3416,#3417,#3418);
#3416 = CARTESIAN_POINT('',(6.571856435732,1.7,6.2));
#3417 = DIRECTION('',(1.,0.,0.));
#3418 = DIRECTION('',(0.,1.,0.));
#3419 = ADVANCED_FACE('',(#3420),#3440,.T.);
#3420 = FACE_BOUND('',#3421,.T.);
#3421 = EDGE_LOOP('',(#3422,#3423,#3424,#3433));
#3422 = ORIENTED_EDGE('',*,*,#3407,.F.);
#3423 = ORIENTED_EDGE('',*,*,#2136,.T.);
#3424 = ORIENTED_EDGE('',*,*,#3425,.T.);
#3425 = EDGE_CURVE('',#2137,#3426,#3428,.T.);
#3426 = VERTEX_POINT('',#3427);
#3427 = CARTESIAN_POINT('',(16.848454493461,1.7,4.45370577513));
#3428 = CIRCLE('',#3429,0.5);
#3429 = AXIS2_PLACEMENT_3D('',#3430,#3431,#3432);
#3430 = CARTESIAN_POINT('',(17.348454493461,1.7,4.453705775129));
#3431 = DIRECTION('',(2.87266E-12,-0.,1.));
#3432 = DIRECTION('',(1.,0.,-2.87266E-12));
#3433 = ORIENTED_EDGE('',*,*,#3434,.F.);
#3434 = EDGE_CURVE('',#3400,#3426,#3435,.T.);
#3435 = CIRCLE('',#3436,1.246294224866);
#3436 = AXIS2_PLACEMENT_3D('',#3437,#3438,#3439);
#3437 = CARTESIAN_POINT('',(15.602160268594,1.7,4.453705775134));
#3438 = DIRECTION('',(0.,1.,-0.));
#3439 = DIRECTION('',(-1.43E-15,0.,1.));
#3440 = TOROIDAL_SURFACE('',#3441,1.746294224866,0.5);
#3441 = AXIS2_PLACEMENT_3D('',#3442,#3443,#3444);
#3442 = CARTESIAN_POINT('',(15.602160268594,1.7,4.453705775134));
#3443 = DIRECTION('',(0.,1.,0.));
#3444 = DIRECTION('',(-1.43E-15,0.,1.));
#3445 = ADVANCED_FACE('',(#3446),#3466,.T.);
#3446 = FACE_BOUND('',#3447,.T.);
#3447 = EDGE_LOOP('',(#3448,#3457,#3458,#3459));
#3448 = ORIENTED_EDGE('',*,*,#3449,.F.);
#3449 = EDGE_CURVE('',#2229,#3450,#3452,.T.);
#3450 = VERTEX_POINT('',#3451);
#3451 = CARTESIAN_POINT('',(72.461671,1.7,3.806561296657));
#3452 = CIRCLE('',#3453,0.5);
#3453 = AXIS2_PLACEMENT_3D('',#3454,#3455,#3456);
#3454 = CARTESIAN_POINT('',(72.461671,1.7,4.306561296657));
#3455 = DIRECTION('',(-1.,0.,0.));
#3456 = DIRECTION('',(0.,1.,0.));
#3457 = ORIENTED_EDGE('',*,*,#2236,.T.);
#3458 = ORIENTED_EDGE('',*,*,#3297,.T.);
#3459 = ORIENTED_EDGE('',*,*,#3460,.F.);
#3460 = EDGE_CURVE('',#3450,#3298,#3461,.T.);
#3461 = CIRCLE('',#3462,0.538329);
#3462 = AXIS2_PLACEMENT_3D('',#3463,#3464,#3465);
#3463 = CARTESIAN_POINT('',(72.461671,1.7,3.268232296657));
#3464 = DIRECTION('',(0.,1.,0.));
#3465 = DIRECTION('',(0.,0.,1.));
#3466 = TOROIDAL_SURFACE('',#3467,1.038329,0.5);
#3467 = AXIS2_PLACEMENT_3D('',#3468,#3469,#3470);
#3468 = CARTESIAN_POINT('',(72.461671,1.7,3.268232296657));
#3469 = DIRECTION('',(0.,1.,0.));
#3470 = DIRECTION('',(0.,0.,1.));
#3471 = ADVANCED_FACE('',(#3472),#3491,.T.);
#3472 = FACE_BOUND('',#3473,.F.);
#3473 = EDGE_LOOP('',(#3474,#3475,#3483,#3490));
#3474 = ORIENTED_EDGE('',*,*,#3425,.T.);
#3475 = ORIENTED_EDGE('',*,*,#3476,.T.);
#3476 = EDGE_CURVE('',#3426,#3477,#3479,.T.);
#3477 = VERTEX_POINT('',#3478);
#3478 = CARTESIAN_POINT('',(16.848454493461,1.7,-1.E-15));
#3479 = LINE('',#3480,#3481);
#3480 = CARTESIAN_POINT('',(16.848454493461,1.7,4.45370577513));
#3481 = VECTOR('',#3482,1.);
#3482 = DIRECTION('',(0.,-2.2E-16,-1.));
#3483 = ORIENTED_EDGE('',*,*,#3484,.F.);
#3484 = EDGE_CURVE('',#2146,#3477,#3485,.T.);
#3485 = CIRCLE('',#3486,0.5);
#3486 = AXIS2_PLACEMENT_3D('',#3487,#3488,#3489);
#3487 = CARTESIAN_POINT('',(17.348454493461,1.7,0.));
#3488 = DIRECTION('',(0.,2.2E-16,1.));
#3489 = DIRECTION('',(0.,1.,-2.2E-16));
#3490 = ORIENTED_EDGE('',*,*,#2145,.F.);
#3491 = CYLINDRICAL_SURFACE('',#3492,0.5);
#3492 = AXIS2_PLACEMENT_3D('',#3493,#3494,#3495);
#3493 = CARTESIAN_POINT('',(17.348454493461,1.7,4.45370577513));
#3494 = DIRECTION('',(0.,-2.2E-16,-1.));
#3495 = DIRECTION('',(0.,1.,-2.2E-16));
#3496 = ADVANCED_FACE('',(#3497),#3516,.T.);
#3497 = FACE_BOUND('',#3498,.F.);
#3498 = EDGE_LOOP('',(#3499,#3508,#3514,#3515));
#3499 = ORIENTED_EDGE('',*,*,#3500,.T.);
#3500 = EDGE_CURVE('',#2220,#3501,#3503,.T.);
#3501 = VERTEX_POINT('',#3502);
#3502 = CARTESIAN_POINT('',(63.500949,1.7,3.806561296657));
#3503 = CIRCLE('',#3504,0.5);
#3504 = AXIS2_PLACEMENT_3D('',#3505,#3506,#3507);
#3505 = CARTESIAN_POINT('',(63.500949,1.7,4.306561296657));
#3506 = DIRECTION('',(-1.,0.,-6.E-17));
#3507 = DIRECTION('',(-6.E-17,0.,1.));
#3508 = ORIENTED_EDGE('',*,*,#3509,.T.);
#3509 = EDGE_CURVE('',#3501,#3450,#3510,.T.);
#3510 = LINE('',#3511,#3512);
#3511 = CARTESIAN_POINT('',(63.500949,1.7,3.806561296657));
#3512 = VECTOR('',#3513,1.);
#3513 = DIRECTION('',(1.,0.,0.));
#3514 = ORIENTED_EDGE('',*,*,#3449,.F.);
#3515 = ORIENTED_EDGE('',*,*,#2228,.F.);
#3516 = CYLINDRICAL_SURFACE('',#3517,0.5);
#3517 = AXIS2_PLACEMENT_3D('',#3518,#3519,#3520);
#3518 = CARTESIAN_POINT('',(63.500949,1.7,4.306561296657));
#3519 = DIRECTION('',(1.,0.,0.));
#3520 = DIRECTION('',(0.,1.,0.));
#3521 = ADVANCED_FACE('',(#3522),#3557,.F.);
#3522 = FACE_BOUND('',#3523,.F.);
#3523 = EDGE_LOOP('',(#3524,#3534,#3541,#3542,#3543,#3551));
#3524 = ORIENTED_EDGE('',*,*,#3525,.F.);
#3525 = EDGE_CURVE('',#3526,#3528,#3530,.T.);
#3526 = VERTEX_POINT('',#3527);
#3527 = CARTESIAN_POINT('',(22.059414,1.7,0.));
#3528 = VERTEX_POINT('',#3529);
#3529 = CARTESIAN_POINT('',(22.059414,0.2,0.));
#3530 = LINE('',#3531,#3532);
#3531 = CARTESIAN_POINT('',(22.059414,2.2,0.));
#3532 = VECTOR('',#3533,1.);
#3533 = DIRECTION('',(0.,-1.,2.2E-16));
#3534 = ORIENTED_EDGE('',*,*,#3535,.F.);
#3535 = EDGE_CURVE('',#2154,#3526,#3536,.T.);
#3536 = CIRCLE('',#3537,0.5);
#3537 = AXIS2_PLACEMENT_3D('',#3538,#3539,#3540);
#3538 = CARTESIAN_POINT('',(21.559414,1.7,0.));
#3539 = DIRECTION('',(-0.,-2.2E-16,-1.));
#3540 = DIRECTION('',(0.,-1.,2.2E-16));
#3541 = ORIENTED_EDGE('',*,*,#2153,.T.);
#3542 = ORIENTED_EDGE('',*,*,#3484,.T.);
#3543 = ORIENTED_EDGE('',*,*,#3544,.T.);
#3544 = EDGE_CURVE('',#3477,#3545,#3547,.T.);
#3545 = VERTEX_POINT('',#3546);
#3546 = CARTESIAN_POINT('',(16.848454493461,0.2,-1.E-15));
#3547 = LINE('',#3548,#3549);
#3548 = CARTESIAN_POINT('',(16.848454493461,2.2,-1.59E-15));
#3549 = VECTOR('',#3550,1.);
#3550 = DIRECTION('',(0.,-1.,2.2E-16));
#3551 = ORIENTED_EDGE('',*,*,#3552,.F.);
#3552 = EDGE_CURVE('',#3528,#3545,#3553,.T.);
#3553 = LINE('',#3554,#3555);
#3554 = CARTESIAN_POINT('',(73.,0.2,0.));
#3555 = VECTOR('',#3556,1.);
#3556 = DIRECTION('',(-1.,0.,0.));
#3557 = PLANE('',#3558);
#3558 = AXIS2_PLACEMENT_3D('',#3559,#3560,#3561);
#3559 = CARTESIAN_POINT('',(37.549030748326,-22.17427246828,0.));
#3560 = DIRECTION('',(0.,0.,1.));
#3561 = DIRECTION('',(1.,0.,0.));
#3562 = ADVANCED_FACE('',(#3563),#3583,.T.);
#3563 = FACE_BOUND('',#3564,.T.);
#3564 = EDGE_LOOP('',(#3565,#3574,#3575,#3576));
#3565 = ORIENTED_EDGE('',*,*,#3566,.F.);
#3566 = EDGE_CURVE('',#2212,#3567,#3569,.T.);
#3567 = VERTEX_POINT('',#3568);
#3568 = CARTESIAN_POINT('',(62.96262,1.7,3.268232296657));
#3569 = CIRCLE('',#3570,0.5);
#3570 = AXIS2_PLACEMENT_3D('',#3571,#3572,#3573);
#3571 = CARTESIAN_POINT('',(62.46262,1.7,3.268232296657));
#3572 = DIRECTION('',(0.,-2.2E-16,-1.));
#3573 = DIRECTION('',(0.,1.,-2.2E-16));
#3574 = ORIENTED_EDGE('',*,*,#2219,.T.);
#3575 = ORIENTED_EDGE('',*,*,#3500,.T.);
#3576 = ORIENTED_EDGE('',*,*,#3577,.F.);
#3577 = EDGE_CURVE('',#3567,#3501,#3578,.T.);
#3578 = CIRCLE('',#3579,0.538329);
#3579 = AXIS2_PLACEMENT_3D('',#3580,#3581,#3582);
#3580 = CARTESIAN_POINT('',(63.500949,1.7,3.268232296657));
#3581 = DIRECTION('',(0.,1.,-0.));
#3582 = DIRECTION('',(-1.,0.,0.));
#3583 = TOROIDAL_SURFACE('',#3584,1.038329,0.5);
#3584 = AXIS2_PLACEMENT_3D('',#3585,#3586,#3587);
#3585 = CARTESIAN_POINT('',(63.500949,1.7,3.268232296657));
#3586 = DIRECTION('',(0.,1.,0.));
#3587 = DIRECTION('',(-1.,0.,0.));
#3588 = ADVANCED_FACE('',(#3589),#3608,.T.);
#3589 = FACE_BOUND('',#3590,.F.);
#3590 = EDGE_LOOP('',(#3591,#3592,#3600,#3607));
#3591 = ORIENTED_EDGE('',*,*,#3535,.T.);
#3592 = ORIENTED_EDGE('',*,*,#3593,.T.);
#3593 = EDGE_CURVE('',#3526,#3594,#3596,.T.);
#3594 = VERTEX_POINT('',#3595);
#3595 = CARTESIAN_POINT('',(22.059414,1.7,2.222));
#3596 = LINE('',#3597,#3598);
#3597 = CARTESIAN_POINT('',(22.059414,1.7,0.));
#3598 = VECTOR('',#3599,1.);
#3599 = DIRECTION('',(0.,2.2E-16,1.));
#3600 = ORIENTED_EDGE('',*,*,#3601,.F.);
#3601 = EDGE_CURVE('',#2162,#3594,#3602,.T.);
#3602 = CIRCLE('',#3603,0.5);
#3603 = AXIS2_PLACEMENT_3D('',#3604,#3605,#3606);
#3604 = CARTESIAN_POINT('',(21.559414,1.7,2.222));
#3605 = DIRECTION('',(0.,-2.2E-16,-1.));
#3606 = DIRECTION('',(0.,1.,-2.2E-16));
#3607 = ORIENTED_EDGE('',*,*,#2161,.F.);
#3608 = CYLINDRICAL_SURFACE('',#3609,0.5);
#3609 = AXIS2_PLACEMENT_3D('',#3610,#3611,#3612);
#3610 = CARTESIAN_POINT('',(21.559414,1.7,0.));
#3611 = DIRECTION('',(0.,2.2E-16,1.));
#3612 = DIRECTION('',(0.,1.,-2.2E-16));
#3613 = ADVANCED_FACE('',(#3614),#3633,.T.);
#3614 = FACE_BOUND('',#3615,.F.);
#3615 = EDGE_LOOP('',(#3616,#3625,#3631,#3632));
#3616 = ORIENTED_EDGE('',*,*,#3617,.T.);
#3617 = EDGE_CURVE('',#2204,#3618,#3620,.T.);
#3618 = VERTEX_POINT('',#3619);
#3619 = CARTESIAN_POINT('',(62.96262,1.7,-6.E-15));
#3620 = CIRCLE('',#3621,0.5);
#3621 = AXIS2_PLACEMENT_3D('',#3622,#3623,#3624);
#3622 = CARTESIAN_POINT('',(62.46262,1.7,0.));
#3623 = DIRECTION('',(-0.,-2.2E-16,-1.));
#3624 = DIRECTION('',(0.,-1.,2.2E-16));
#3625 = ORIENTED_EDGE('',*,*,#3626,.T.);
#3626 = EDGE_CURVE('',#3618,#3567,#3627,.T.);
#3627 = LINE('',#3628,#3629);
#3628 = CARTESIAN_POINT('',(62.96262,1.7,-6.22E-15));
#3629 = VECTOR('',#3630,1.);
#3630 = DIRECTION('',(0.,2.2E-16,1.));
#3631 = ORIENTED_EDGE('',*,*,#3566,.F.);
#3632 = ORIENTED_EDGE('',*,*,#2211,.F.);
#3633 = CYLINDRICAL_SURFACE('',#3634,0.5);
#3634 = AXIS2_PLACEMENT_3D('',#3635,#3636,#3637);
#3635 = CARTESIAN_POINT('',(62.46262,1.7,-6.22E-15));
#3636 = DIRECTION('',(0.,2.2E-16,1.));
#3637 = DIRECTION('',(0.,1.,-2.2E-16));
#3638 = ADVANCED_FACE('',(#3639),#3659,.T.);
#3639 = FACE_BOUND('',#3640,.T.);
#3640 = EDGE_LOOP('',(#3641,#3642,#3643,#3652));
#3641 = ORIENTED_EDGE('',*,*,#3601,.F.);
#3642 = ORIENTED_EDGE('',*,*,#2169,.T.);
#3643 = ORIENTED_EDGE('',*,*,#3644,.T.);
#3644 = EDGE_CURVE('',#2170,#3645,#3647,.T.);
#3645 = VERTEX_POINT('',#3646);
#3646 = CARTESIAN_POINT('',(22.425412,1.7,2.587998));
#3647 = CIRCLE('',#3648,0.5);
#3648 = AXIS2_PLACEMENT_3D('',#3649,#3650,#3651);
#3649 = CARTESIAN_POINT('',(22.425412,1.7,3.087998));
#3650 = DIRECTION('',(-1.,0.,-6.E-17));
#3651 = DIRECTION('',(-6.E-17,0.,1.));
#3652 = ORIENTED_EDGE('',*,*,#3653,.F.);
#3653 = EDGE_CURVE('',#3594,#3645,#3654,.T.);
#3654 = CIRCLE('',#3655,0.365998);
#3655 = AXIS2_PLACEMENT_3D('',#3656,#3657,#3658);
#3656 = CARTESIAN_POINT('',(22.425412,1.7,2.222));
#3657 = DIRECTION('',(0.,1.,-0.));
#3658 = DIRECTION('',(-1.,0.,0.));
#3659 = TOROIDAL_SURFACE('',#3660,0.865998,0.5);
#3660 = AXIS2_PLACEMENT_3D('',#3661,#3662,#3663);
#3661 = CARTESIAN_POINT('',(22.425412,1.7,2.222));
#3662 = DIRECTION('',(0.,1.,0.));
#3663 = DIRECTION('',(-1.,0.,0.));
#3664 = ADVANCED_FACE('',(#3665),#3700,.F.);
#3665 = FACE_BOUND('',#3666,.F.);
#3666 = EDGE_LOOP('',(#3667,#3675,#3676,#3677,#3686,#3694));
#3667 = ORIENTED_EDGE('',*,*,#3668,.F.);
#3668 = EDGE_CURVE('',#3618,#3669,#3671,.T.);
#3669 = VERTEX_POINT('',#3670);
#3670 = CARTESIAN_POINT('',(62.96262,0.2,-6.E-15));
#3671 = LINE('',#3672,#3673);
#3672 = CARTESIAN_POINT('',(62.96262,2.2,-6.22E-15));
#3673 = VECTOR('',#3674,1.);
#3674 = DIRECTION('',(0.,-1.,2.2E-16));
#3675 = ORIENTED_EDGE('',*,*,#3617,.F.);
#3676 = ORIENTED_EDGE('',*,*,#2203,.T.);
#3677 = ORIENTED_EDGE('',*,*,#3678,.T.);
#3678 = EDGE_CURVE('',#2196,#3679,#3681,.T.);
#3679 = VERTEX_POINT('',#3680);
#3680 = CARTESIAN_POINT('',(28.750465,1.7,0.));
#3681 = CIRCLE('',#3682,0.5);
#3682 = AXIS2_PLACEMENT_3D('',#3683,#3684,#3685);
#3683 = CARTESIAN_POINT('',(29.250465,1.7,0.));
#3684 = DIRECTION('',(0.,2.2E-16,1.));
#3685 = DIRECTION('',(0.,1.,-2.2E-16));
#3686 = ORIENTED_EDGE('',*,*,#3687,.T.);
#3687 = EDGE_CURVE('',#3679,#3688,#3690,.T.);
#3688 = VERTEX_POINT('',#3689);
#3689 = CARTESIAN_POINT('',(28.750465,0.2,0.));
#3690 = LINE('',#3691,#3692);
#3691 = CARTESIAN_POINT('',(28.750465,2.2,0.));
#3692 = VECTOR('',#3693,1.);
#3693 = DIRECTION('',(0.,-1.,2.2E-16));
#3694 = ORIENTED_EDGE('',*,*,#3695,.F.);
#3695 = EDGE_CURVE('',#3669,#3688,#3696,.T.);
#3696 = LINE('',#3697,#3698);
#3697 = CARTESIAN_POINT('',(73.,0.2,0.));
#3698 = VECTOR('',#3699,1.);
#3699 = DIRECTION('',(-1.,0.,0.));
#3700 = PLANE('',#3701);
#3701 = AXIS2_PLACEMENT_3D('',#3702,#3703,#3704);
#3702 = CARTESIAN_POINT('',(37.549030748326,-22.17427246828,0.));
#3703 = DIRECTION('',(0.,0.,1.));
#3704 = DIRECTION('',(1.,0.,0.));
#3705 = ADVANCED_FACE('',(#3706),#3725,.T.);
#3706 = FACE_BOUND('',#3707,.F.);
#3707 = EDGE_LOOP('',(#3708,#3709,#3717,#3724));
#3708 = ORIENTED_EDGE('',*,*,#3644,.T.);
#3709 = ORIENTED_EDGE('',*,*,#3710,.T.);
#3710 = EDGE_CURVE('',#3645,#3711,#3713,.T.);
#3711 = VERTEX_POINT('',#3712);
#3712 = CARTESIAN_POINT('',(28.384467,1.7,2.587998));
#3713 = LINE('',#3714,#3715);
#3714 = CARTESIAN_POINT('',(22.425412,1.7,2.587998));
#3715 = VECTOR('',#3716,1.);
#3716 = DIRECTION('',(1.,0.,0.));
#3717 = ORIENTED_EDGE('',*,*,#3718,.F.);
#3718 = EDGE_CURVE('',#2179,#3711,#3719,.T.);
#3719 = CIRCLE('',#3720,0.5);
#3720 = AXIS2_PLACEMENT_3D('',#3721,#3722,#3723);
#3721 = CARTESIAN_POINT('',(28.384467,1.7,3.087998));
#3722 = DIRECTION('',(-1.,0.,0.));
#3723 = DIRECTION('',(0.,1.,0.));
#3724 = ORIENTED_EDGE('',*,*,#2178,.F.);
#3725 = CYLINDRICAL_SURFACE('',#3726,0.5);
#3726 = AXIS2_PLACEMENT_3D('',#3727,#3728,#3729);
#3727 = CARTESIAN_POINT('',(22.425412,1.7,3.087998));
#3728 = DIRECTION('',(1.,0.,0.));
#3729 = DIRECTION('',(0.,1.,0.));
#3730 = ADVANCED_FACE('',(#3731),#3750,.T.);
#3731 = FACE_BOUND('',#3732,.F.);
#3732 = EDGE_LOOP('',(#3733,#3742,#3748,#3749));
#3733 = ORIENTED_EDGE('',*,*,#3734,.T.);
#3734 = EDGE_CURVE('',#2187,#3735,#3737,.T.);
#3735 = VERTEX_POINT('',#3736);
#3736 = CARTESIAN_POINT('',(28.750465,1.7,2.222));
#3737 = CIRCLE('',#3738,0.5);
#3738 = AXIS2_PLACEMENT_3D('',#3739,#3740,#3741);
#3739 = CARTESIAN_POINT('',(29.250465,1.7,2.222));
#3740 = DIRECTION('',(-9.77E-15,0.,1.));
#3741 = DIRECTION('',(1.,0.,9.77E-15));
#3742 = ORIENTED_EDGE('',*,*,#3743,.T.);
#3743 = EDGE_CURVE('',#3735,#3679,#3744,.T.);
#3744 = LINE('',#3745,#3746);
#3745 = CARTESIAN_POINT('',(28.750465,1.7,2.222));
#3746 = VECTOR('',#3747,1.);
#3747 = DIRECTION('',(0.,-2.2E-16,-1.));
#3748 = ORIENTED_EDGE('',*,*,#3678,.F.);
#3749 = ORIENTED_EDGE('',*,*,#2195,.F.);
#3750 = CYLINDRICAL_SURFACE('',#3751,0.5);
#3751 = AXIS2_PLACEMENT_3D('',#3752,#3753,#3754);
#3752 = CARTESIAN_POINT('',(29.250465,1.7,2.222));
#3753 = DIRECTION('',(0.,-2.2E-16,-1.));
#3754 = DIRECTION('',(0.,1.,-2.2E-16));
#3755 = ADVANCED_FACE('',(#3756),#3768,.T.);
#3756 = FACE_BOUND('',#3757,.T.);
#3757 = EDGE_LOOP('',(#3758,#3759,#3760,#3761));
#3758 = ORIENTED_EDGE('',*,*,#3718,.F.);
#3759 = ORIENTED_EDGE('',*,*,#2186,.T.);
#3760 = ORIENTED_EDGE('',*,*,#3734,.T.);
#3761 = ORIENTED_EDGE('',*,*,#3762,.F.);
#3762 = EDGE_CURVE('',#3711,#3735,#3763,.T.);
#3763 = CIRCLE('',#3764,0.365998);
#3764 = AXIS2_PLACEMENT_3D('',#3765,#3766,#3767);
#3765 = CARTESIAN_POINT('',(28.384467,1.7,2.222));
#3766 = DIRECTION('',(0.,1.,-0.));
#3767 = DIRECTION('',(-9.71E-15,0.,1.));
#3768 = TOROIDAL_SURFACE('',#3769,0.865998,0.5);
#3769 = AXIS2_PLACEMENT_3D('',#3770,#3771,#3772);
#3770 = CARTESIAN_POINT('',(28.384467,1.7,2.222));
#3771 = DIRECTION('',(0.,1.,0.));
#3772 = DIRECTION('',(-9.71E-15,0.,1.));
#3773 = ADVANCED_FACE('',(#3774),#3790,.T.);
#3774 = FACE_BOUND('',#3775,.T.);
#3775 = EDGE_LOOP('',(#3776,#3782,#3783,#3789));
#3776 = ORIENTED_EDGE('',*,*,#3777,.T.);
#3777 = EDGE_CURVE('',#2672,#2302,#3778,.T.);
#3778 = LINE('',#3779,#3780);
#3779 = CARTESIAN_POINT('',(83.224324121946,-14.38599305746,0.));
#3780 = VECTOR('',#3781,1.);
#3781 = DIRECTION('',(0.,0.,1.));
#3782 = ORIENTED_EDGE('',*,*,#2301,.T.);
#3783 = ORIENTED_EDGE('',*,*,#3784,.F.);
#3784 = EDGE_CURVE('',#2663,#2304,#3785,.T.);
#3785 = LINE('',#3786,#3787);
#3786 = CARTESIAN_POINT('',(73.164324121946,0.114006942537,0.));
#3787 = VECTOR('',#3788,1.);
#3788 = DIRECTION('',(0.,0.,1.));
#3789 = ORIENTED_EDGE('',*,*,#2671,.F.);
#3790 = PLANE('',#3791);
#3791 = AXIS2_PLACEMENT_3D('',#3792,#3793,#3794);
#3792 = CARTESIAN_POINT('',(83.224324121946,-14.38599305746,0.));
#3793 = DIRECTION('',(-0.821620609732,-0.570034712683,0.));
#3794 = DIRECTION('',(-0.570034712683,0.821620609732,0.));
#3795 = ADVANCED_FACE('',(#3796),#3807,.F.);
#3796 = FACE_BOUND('',#3797,.T.);
#3797 = EDGE_LOOP('',(#3798,#3799,#3805,#3806));
#3798 = ORIENTED_EDGE('',*,*,#2679,.F.);
#3799 = ORIENTED_EDGE('',*,*,#3800,.T.);
#3800 = EDGE_CURVE('',#2680,#2525,#3801,.T.);
#3801 = LINE('',#3802,#3803);
#3802 = CARTESIAN_POINT('',(83.26,-14.5,0.));
#3803 = VECTOR('',#3804,1.);
#3804 = DIRECTION('',(0.,0.,1.));
#3805 = ORIENTED_EDGE('',*,*,#2532,.F.);
#3806 = ORIENTED_EDGE('',*,*,#3777,.F.);
#3807 = CYLINDRICAL_SURFACE('',#3808,0.2);
#3808 = AXIS2_PLACEMENT_3D('',#3809,#3810,#3811);
#3809 = CARTESIAN_POINT('',(83.06,-14.5,0.));
#3810 = DIRECTION('',(-0.,-0.,-1.));
#3811 = DIRECTION('',(-0.570034712683,0.821620609732,0.));
#3812 = ADVANCED_FACE('',(#3813),#3832,.F.);
#3813 = FACE_BOUND('',#3814,.T.);
#3814 = EDGE_LOOP('',(#3815,#3823,#3824,#3825,#3826));
#3815 = ORIENTED_EDGE('',*,*,#3816,.F.);
#3816 = EDGE_CURVE('',#2655,#3817,#3819,.T.);
#3817 = VERTEX_POINT('',#3818);
#3818 = CARTESIAN_POINT('',(73.,0.2,3.268232296657));
#3819 = LINE('',#3820,#3821);
#3820 = CARTESIAN_POINT('',(73.,0.2,0.));
#3821 = VECTOR('',#3822,1.);
#3822 = DIRECTION('',(0.,0.,1.));
#3823 = ORIENTED_EDGE('',*,*,#2662,.F.);
#3824 = ORIENTED_EDGE('',*,*,#3784,.T.);
#3825 = ORIENTED_EDGE('',*,*,#2311,.F.);
#3826 = ORIENTED_EDGE('',*,*,#3827,.F.);
#3827 = EDGE_CURVE('',#3817,#2312,#3828,.T.);
#3828 = LINE('',#3829,#3830);
#3829 = CARTESIAN_POINT('',(73.,0.2,0.));
#3830 = VECTOR('',#3831,1.);
#3831 = DIRECTION('',(0.,0.,1.));
#3832 = CYLINDRICAL_SURFACE('',#3833,0.2);
#3833 = AXIS2_PLACEMENT_3D('',#3834,#3835,#3836);
#3834 = CARTESIAN_POINT('',(73.,0.,0.));
#3835 = DIRECTION('',(-0.,-0.,-1.));
#3836 = DIRECTION('',(-1.,-1.2E-16,0.));
#3837 = ADVANCED_FACE('',(#3838),#3849,.T.);
#3838 = FACE_BOUND('',#3839,.T.);
#3839 = EDGE_LOOP('',(#3840,#3841,#3842,#3848));
#3840 = ORIENTED_EDGE('',*,*,#3800,.F.);
#3841 = ORIENTED_EDGE('',*,*,#2688,.F.);
#3842 = ORIENTED_EDGE('',*,*,#3843,.T.);
#3843 = EDGE_CURVE('',#2689,#2516,#3844,.T.);
#3844 = LINE('',#3845,#3846);
#3845 = CARTESIAN_POINT('',(83.26,-32.9,0.));
#3846 = VECTOR('',#3847,1.);
#3847 = DIRECTION('',(0.,0.,1.));
#3848 = ORIENTED_EDGE('',*,*,#2524,.T.);
#3849 = PLANE('',#3850);
#3850 = AXIS2_PLACEMENT_3D('',#3851,#3852,#3853);
#3851 = CARTESIAN_POINT('',(83.26,-32.9,0.));
#3852 = DIRECTION('',(-1.,0.,0.));
#3853 = DIRECTION('',(0.,1.,0.));
#3854 = ADVANCED_FACE('',(#3855),#3980,.T.);
#3855 = FACE_BOUND('',#3856,.T.);
#3856 = EDGE_LOOP('',(#3857,#3858,#3864,#3865,#3873,#3882,#3890,#3899,
    #3905,#3906,#3914,#3923,#3931,#3940,#3946,#3947,#3955,#3964,#3972,
    #3979));
#3857 = ORIENTED_EDGE('',*,*,#2320,.T.);
#3858 = ORIENTED_EDGE('',*,*,#3859,.F.);
#3859 = EDGE_CURVE('',#3035,#2321,#3860,.T.);
#3860 = LINE('',#3861,#3862);
#3861 = CARTESIAN_POINT('',(1.7,0.2,0.));
#3862 = VECTOR('',#3863,1.);
#3863 = DIRECTION('',(0.,0.,1.));
#3864 = ORIENTED_EDGE('',*,*,#3043,.F.);
#3865 = ORIENTED_EDGE('',*,*,#3866,.T.);
#3866 = EDGE_CURVE('',#3044,#3867,#3869,.T.);
#3867 = VERTEX_POINT('',#3868);
#3868 = CARTESIAN_POINT('',(5.823962678119,0.2,4.952106242387));
#3869 = LINE('',#3870,#3871);
#3870 = CARTESIAN_POINT('',(5.823962678119,0.2,-1.4E-15));
#3871 = VECTOR('',#3872,1.);
#3872 = DIRECTION('',(0.,0.,1.));
#3873 = ORIENTED_EDGE('',*,*,#3874,.T.);
#3874 = EDGE_CURVE('',#3867,#3875,#3877,.T.);
#3875 = VERTEX_POINT('',#3876);
#3876 = CARTESIAN_POINT('',(6.571856435732,0.2,5.7));
#3877 = CIRCLE('',#3878,0.747893757613);
#3878 = AXIS2_PLACEMENT_3D('',#3879,#3880,#3881);
#3879 = CARTESIAN_POINT('',(6.571856435732,0.2,4.952106242387));
#3880 = DIRECTION('',(0.,1.,-0.));
#3881 = DIRECTION('',(-1.,0.,0.));
#3882 = ORIENTED_EDGE('',*,*,#3883,.T.);
#3883 = EDGE_CURVE('',#3875,#3884,#3886,.T.);
#3884 = VERTEX_POINT('',#3885);
#3885 = CARTESIAN_POINT('',(15.602160268594,0.2,5.7));
#3886 = LINE('',#3887,#3888);
#3887 = CARTESIAN_POINT('',(6.571856435732,0.2,5.7));
#3888 = VECTOR('',#3889,1.);
#3889 = DIRECTION('',(1.,0.,0.));
#3890 = ORIENTED_EDGE('',*,*,#3891,.T.);
#3891 = EDGE_CURVE('',#3884,#3892,#3894,.T.);
#3892 = VERTEX_POINT('',#3893);
#3893 = CARTESIAN_POINT('',(16.848454493461,0.2,4.45370577513));
#3894 = CIRCLE('',#3895,1.246294224866);
#3895 = AXIS2_PLACEMENT_3D('',#3896,#3897,#3898);
#3896 = CARTESIAN_POINT('',(15.602160268594,0.2,4.453705775134));
#3897 = DIRECTION('',(0.,1.,-0.));
#3898 = DIRECTION('',(-1.,0.,0.));
#3899 = ORIENTED_EDGE('',*,*,#3900,.T.);
#3900 = EDGE_CURVE('',#3892,#3545,#3901,.T.);
#3901 = LINE('',#3902,#3903);
#3902 = CARTESIAN_POINT('',(16.848454493461,0.2,4.45370577513));
#3903 = VECTOR('',#3904,1.);
#3904 = DIRECTION('',(0.,0.,-1.));
#3905 = ORIENTED_EDGE('',*,*,#3552,.F.);
#3906 = ORIENTED_EDGE('',*,*,#3907,.T.);
#3907 = EDGE_CURVE('',#3528,#3908,#3910,.T.);
#3908 = VERTEX_POINT('',#3909);
#3909 = CARTESIAN_POINT('',(22.059414,0.2,2.222));
#3910 = LINE('',#3911,#3912);
#3911 = CARTESIAN_POINT('',(22.059414,0.2,0.));
#3912 = VECTOR('',#3913,1.);
#3913 = DIRECTION('',(0.,0.,1.));
#3914 = ORIENTED_EDGE('',*,*,#3915,.T.);
#3915 = EDGE_CURVE('',#3908,#3916,#3918,.T.);
#3916 = VERTEX_POINT('',#3917);
#3917 = CARTESIAN_POINT('',(22.425412,0.2,2.587998));
#3918 = CIRCLE('',#3919,0.365998);
#3919 = AXIS2_PLACEMENT_3D('',#3920,#3921,#3922);
#3920 = CARTESIAN_POINT('',(22.425412,0.2,2.222));
#3921 = DIRECTION('',(0.,1.,-0.));
#3922 = DIRECTION('',(-1.,0.,0.));
#3923 = ORIENTED_EDGE('',*,*,#3924,.T.);
#3924 = EDGE_CURVE('',#3916,#3925,#3927,.T.);
#3925 = VERTEX_POINT('',#3926);
#3926 = CARTESIAN_POINT('',(28.384467,0.2,2.587998));
#3927 = LINE('',#3928,#3929);
#3928 = CARTESIAN_POINT('',(22.425412,0.2,2.587998));
#3929 = VECTOR('',#3930,1.);
#3930 = DIRECTION('',(1.,0.,0.));
#3931 = ORIENTED_EDGE('',*,*,#3932,.T.);
#3932 = EDGE_CURVE('',#3925,#3933,#3935,.T.);
#3933 = VERTEX_POINT('',#3934);
#3934 = CARTESIAN_POINT('',(28.750465,0.2,2.222));
#3935 = CIRCLE('',#3936,0.365998);
#3936 = AXIS2_PLACEMENT_3D('',#3937,#3938,#3939);
#3937 = CARTESIAN_POINT('',(28.384467,0.2,2.222));
#3938 = DIRECTION('',(0.,1.,-0.));
#3939 = DIRECTION('',(-1.,0.,0.));
#3940 = ORIENTED_EDGE('',*,*,#3941,.T.);
#3941 = EDGE_CURVE('',#3933,#3688,#3942,.T.);
#3942 = LINE('',#3943,#3944);
#3943 = CARTESIAN_POINT('',(28.750465,0.2,2.222));
#3944 = VECTOR('',#3945,1.);
#3945 = DIRECTION('',(0.,0.,-1.));
#3946 = ORIENTED_EDGE('',*,*,#3695,.F.);
#3947 = ORIENTED_EDGE('',*,*,#3948,.T.);
#3948 = EDGE_CURVE('',#3669,#3949,#3951,.T.);
#3949 = VERTEX_POINT('',#3950);
#3950 = CARTESIAN_POINT('',(62.96262,0.2,3.268232296657));
#3951 = LINE('',#3952,#3953);
#3952 = CARTESIAN_POINT('',(62.96262,0.2,-6.22E-15));
#3953 = VECTOR('',#3954,1.);
#3954 = DIRECTION('',(0.,0.,1.));
#3955 = ORIENTED_EDGE('',*,*,#3956,.T.);
#3956 = EDGE_CURVE('',#3949,#3957,#3959,.T.);
#3957 = VERTEX_POINT('',#3958);
#3958 = CARTESIAN_POINT('',(63.500949,0.2,3.806561296657));
#3959 = CIRCLE('',#3960,0.538329);
#3960 = AXIS2_PLACEMENT_3D('',#3961,#3962,#3963);
#3961 = CARTESIAN_POINT('',(63.500949,0.2,3.268232296657));
#3962 = DIRECTION('',(0.,1.,-0.));
#3963 = DIRECTION('',(-1.,0.,0.));
#3964 = ORIENTED_EDGE('',*,*,#3965,.T.);
#3965 = EDGE_CURVE('',#3957,#3966,#3968,.T.);
#3966 = VERTEX_POINT('',#3967);
#3967 = CARTESIAN_POINT('',(72.461671,0.2,3.806561296657));
#3968 = LINE('',#3969,#3970);
#3969 = CARTESIAN_POINT('',(63.500949,0.2,3.806561296657));
#3970 = VECTOR('',#3971,1.);
#3971 = DIRECTION('',(1.,0.,0.));
#3972 = ORIENTED_EDGE('',*,*,#3973,.T.);
#3973 = EDGE_CURVE('',#3966,#3817,#3974,.T.);
#3974 = CIRCLE('',#3975,0.538329);
#3975 = AXIS2_PLACEMENT_3D('',#3976,#3977,#3978);
#3976 = CARTESIAN_POINT('',(72.461671,0.2,3.268232296657));
#3977 = DIRECTION('',(0.,1.,-0.));
#3978 = DIRECTION('',(-1.,0.,0.));
#3979 = ORIENTED_EDGE('',*,*,#3827,.T.);
#3980 = PLANE('',#3981);
#3981 = AXIS2_PLACEMENT_3D('',#3982,#3983,#3984);
#3982 = CARTESIAN_POINT('',(73.,0.2,0.));
#3983 = DIRECTION('',(0.,-1.,0.));
#3984 = DIRECTION('',(-1.,0.,0.));
#3985 = ADVANCED_FACE('',(#3986),#3997,.F.);
#3986 = FACE_BOUND('',#3987,.T.);
#3987 = EDGE_LOOP('',(#3988,#3989,#3990,#3996));
#3988 = ORIENTED_EDGE('',*,*,#3843,.F.);
#3989 = ORIENTED_EDGE('',*,*,#2696,.F.);
#3990 = ORIENTED_EDGE('',*,*,#3991,.T.);
#3991 = EDGE_CURVE('',#2697,#2508,#3992,.T.);
#3992 = LINE('',#3993,#3994);
#3993 = CARTESIAN_POINT('',(83.203552686793,-33.03925740955,0.));
#3994 = VECTOR('',#3995,1.);
#3995 = DIRECTION('',(0.,0.,1.));
#3996 = ORIENTED_EDGE('',*,*,#2515,.F.);
#3997 = CYLINDRICAL_SURFACE('',#3998,0.2);
#3998 = AXIS2_PLACEMENT_3D('',#3999,#4000,#4001);
#3999 = CARTESIAN_POINT('',(83.06,-32.9,0.));
#4000 = DIRECTION('',(0.,0.,-1.));
#4001 = DIRECTION('',(1.1E-16,1.,0.));
#4002 = ADVANCED_FACE('',(#4003),#4014,.F.);
#4003 = FACE_BOUND('',#4004,.T.);
#4004 = EDGE_LOOP('',(#4005,#4011,#4012,#4013));
#4005 = ORIENTED_EDGE('',*,*,#4006,.F.);
#4006 = EDGE_CURVE('',#3027,#2329,#4007,.T.);
#4007 = LINE('',#4008,#4009);
#4008 = CARTESIAN_POINT('',(1.549245454018,0.131427040086,0.));
#4009 = VECTOR('',#4010,1.);
#4010 = DIRECTION('',(0.,0.,1.));
#4011 = ORIENTED_EDGE('',*,*,#3034,.F.);
#4012 = ORIENTED_EDGE('',*,*,#3859,.T.);
#4013 = ORIENTED_EDGE('',*,*,#2328,.F.);
#4014 = CYLINDRICAL_SURFACE('',#4015,0.2);
#4015 = AXIS2_PLACEMENT_3D('',#4016,#4017,#4018);
#4016 = CARTESIAN_POINT('',(1.7,0.,0.));
#4017 = DIRECTION('',(-0.,-0.,-1.));
#4018 = DIRECTION('',(-0.657135200432,-0.753772729908,0.));
#4019 = ADVANCED_FACE('',(#4020),#4031,.T.);
#4020 = FACE_BOUND('',#4021,.T.);
#4021 = EDGE_LOOP('',(#4022,#4023,#4024,#4030));
#4022 = ORIENTED_EDGE('',*,*,#3991,.F.);
#4023 = ORIENTED_EDGE('',*,*,#2705,.F.);
#4024 = ORIENTED_EDGE('',*,*,#4025,.T.);
#4025 = EDGE_CURVE('',#2706,#2499,#4026,.T.);
#4026 = LINE('',#4027,#4028);
#4027 = CARTESIAN_POINT('',(77.043552686793,-39.38925740955,0.));
#4028 = VECTOR('',#4029,1.);
#4029 = DIRECTION('',(0.,0.,1.));
#4030 = ORIENTED_EDGE('',*,*,#2507,.T.);
#4031 = PLANE('',#4032);
#4032 = AXIS2_PLACEMENT_3D('',#4033,#4034,#4035);
#4033 = CARTESIAN_POINT('',(77.043552686793,-39.38925740955,0.));
#4034 = DIRECTION('',(-0.717763433963,0.69628704775,0.));
#4035 = DIRECTION('',(0.69628704775,0.717763433963,0.));
#4036 = ADVANCED_FACE('',(#4037),#4048,.T.);
#4037 = FACE_BOUND('',#4038,.T.);
#4038 = EDGE_LOOP('',(#4039,#4045,#4046,#4047));
#4039 = ORIENTED_EDGE('',*,*,#4040,.F.);
#4040 = EDGE_CURVE('',#3018,#2338,#4041,.T.);
#4041 = LINE('',#4042,#4043);
#4042 = CARTESIAN_POINT('',(-0.150754545982,-1.818572959914,0.));
#4043 = VECTOR('',#4044,1.);
#4044 = DIRECTION('',(0.,0.,1.));
#4045 = ORIENTED_EDGE('',*,*,#3026,.F.);
#4046 = ORIENTED_EDGE('',*,*,#4006,.T.);
#4047 = ORIENTED_EDGE('',*,*,#2337,.T.);
#4048 = PLANE('',#4049);
#4049 = AXIS2_PLACEMENT_3D('',#4050,#4051,#4052);
#4050 = CARTESIAN_POINT('',(1.549245454018,0.131427040086,0.));
#4051 = DIRECTION('',(0.753772729908,-0.657135200432,0.));
#4052 = DIRECTION('',(-0.657135200432,-0.753772729908,0.));
#4053 = ADVANCED_FACE('',(#4054),#4065,.F.);
#4054 = FACE_BOUND('',#4055,.T.);
#4055 = EDGE_LOOP('',(#4056,#4057,#4058,#4064));
#4056 = ORIENTED_EDGE('',*,*,#4025,.F.);
#4057 = ORIENTED_EDGE('',*,*,#2713,.F.);
#4058 = ORIENTED_EDGE('',*,*,#4059,.T.);
#4059 = EDGE_CURVE('',#2714,#2491,#4060,.T.);
#4060 = LINE('',#4061,#4062);
#4061 = CARTESIAN_POINT('',(76.9,-39.45,0.));
#4062 = VECTOR('',#4063,1.);
#4063 = DIRECTION('',(0.,0.,1.));
#4064 = ORIENTED_EDGE('',*,*,#2498,.F.);
#4065 = CYLINDRICAL_SURFACE('',#4066,0.2);
#4066 = AXIS2_PLACEMENT_3D('',#4067,#4068,#4069);
#4067 = CARTESIAN_POINT('',(76.9,-39.25,0.));
#4068 = DIRECTION('',(0.,0.,-1.));
#4069 = DIRECTION('',(0.69628704775,0.717763433963,0.));
#4070 = ADVANCED_FACE('',(#4071),#4082,.F.);
#4071 = FACE_BOUND('',#4072,.T.);
#4072 = EDGE_LOOP('',(#4073,#4079,#4080,#4081));
#4073 = ORIENTED_EDGE('',*,*,#4074,.F.);
#4074 = EDGE_CURVE('',#3010,#2346,#4075,.T.);
#4075 = LINE('',#4076,#4077);
#4076 = CARTESIAN_POINT('',(-0.2,-1.95,0.));
#4077 = VECTOR('',#4078,1.);
#4078 = DIRECTION('',(0.,0.,1.));
#4079 = ORIENTED_EDGE('',*,*,#3017,.F.);
#4080 = ORIENTED_EDGE('',*,*,#4040,.T.);
#4081 = ORIENTED_EDGE('',*,*,#2345,.F.);
#4082 = CYLINDRICAL_SURFACE('',#4083,0.2);
#4083 = AXIS2_PLACEMENT_3D('',#4084,#4085,#4086);
#4084 = CARTESIAN_POINT('',(0.,-1.95,0.));
#4085 = DIRECTION('',(0.,0.,-1.));
#4086 = DIRECTION('',(1.1E-16,-1.,0.));
#4087 = ADVANCED_FACE('',(#4088),#4099,.T.);
#4088 = FACE_BOUND('',#4089,.T.);
#4089 = EDGE_LOOP('',(#4090,#4091,#4092,#4098));
#4090 = ORIENTED_EDGE('',*,*,#4059,.F.);
#4091 = ORIENTED_EDGE('',*,*,#2722,.F.);
#4092 = ORIENTED_EDGE('',*,*,#4093,.T.);
#4093 = EDGE_CURVE('',#2723,#2482,#4094,.T.);
#4094 = LINE('',#4095,#4096);
#4095 = CARTESIAN_POINT('',(70.7,-39.45,0.));
#4096 = VECTOR('',#4097,1.);
#4097 = DIRECTION('',(0.,0.,1.));
#4098 = ORIENTED_EDGE('',*,*,#2490,.T.);
#4099 = PLANE('',#4100);
#4100 = AXIS2_PLACEMENT_3D('',#4101,#4102,#4103);
#4101 = CARTESIAN_POINT('',(70.7,-39.45,0.));
#4102 = DIRECTION('',(0.,1.,0.));
#4103 = DIRECTION('',(1.,0.,0.));
#4104 = ADVANCED_FACE('',(#4105),#4116,.T.);
#4105 = FACE_BOUND('',#4106,.T.);
#4106 = EDGE_LOOP('',(#4107,#4113,#4114,#4115));
#4107 = ORIENTED_EDGE('',*,*,#4108,.F.);
#4108 = EDGE_CURVE('',#3001,#2355,#4109,.T.);
#4109 = LINE('',#4110,#4111);
#4110 = CARTESIAN_POINT('',(-0.2,-46.05,0.));
#4111 = VECTOR('',#4112,1.);
#4112 = DIRECTION('',(0.,0.,1.));
#4113 = ORIENTED_EDGE('',*,*,#3009,.F.);
#4114 = ORIENTED_EDGE('',*,*,#4074,.T.);
#4115 = ORIENTED_EDGE('',*,*,#2354,.T.);
#4116 = PLANE('',#4117);
#4117 = AXIS2_PLACEMENT_3D('',#4118,#4119,#4120);
#4118 = CARTESIAN_POINT('',(-0.2,-1.95,0.));
#4119 = DIRECTION('',(1.,0.,0.));
#4120 = DIRECTION('',(0.,-1.,0.));
#4121 = ADVANCED_FACE('',(#4122),#4133,.F.);
#4122 = FACE_BOUND('',#4123,.T.);
#4123 = EDGE_LOOP('',(#4124,#4125,#4126,#4132));
#4124 = ORIENTED_EDGE('',*,*,#4093,.F.);
#4125 = ORIENTED_EDGE('',*,*,#2730,.F.);
#4126 = ORIENTED_EDGE('',*,*,#4127,.T.);
#4127 = EDGE_CURVE('',#2731,#2474,#4128,.T.);
#4128 = LINE('',#4129,#4130);
#4129 = CARTESIAN_POINT('',(70.540030719343,-39.3700409482,0.));
#4130 = VECTOR('',#4131,1.);
#4131 = DIRECTION('',(0.,0.,1.));
#4132 = ORIENTED_EDGE('',*,*,#2481,.F.);
#4133 = CYLINDRICAL_SURFACE('',#4134,0.2);
#4134 = AXIS2_PLACEMENT_3D('',#4135,#4136,#4137);
#4135 = CARTESIAN_POINT('',(70.7,-39.25,0.));
#4136 = DIRECTION('',(-0.,-0.,-1.));
#4137 = DIRECTION('',(1.,0.,0.));
#4138 = ADVANCED_FACE('',(#4139),#4150,.F.);
#4139 = FACE_BOUND('',#4140,.T.);
#4140 = EDGE_LOOP('',(#4141,#4147,#4148,#4149));
#4141 = ORIENTED_EDGE('',*,*,#4142,.F.);
#4142 = EDGE_CURVE('',#2993,#2363,#4143,.T.);
#4143 = LINE('',#4144,#4145);
#4144 = CARTESIAN_POINT('',(-0.141992748637,-46.19084764582,0.));
#4145 = VECTOR('',#4146,1.);
#4146 = DIRECTION('',(0.,0.,1.));
#4147 = ORIENTED_EDGE('',*,*,#3000,.F.);
#4148 = ORIENTED_EDGE('',*,*,#4108,.T.);
#4149 = ORIENTED_EDGE('',*,*,#2362,.F.);
#4150 = CYLINDRICAL_SURFACE('',#4151,0.2);
#4151 = AXIS2_PLACEMENT_3D('',#4152,#4153,#4154);
#4152 = CARTESIAN_POINT('',(0.,-46.05,0.));
#4153 = DIRECTION('',(0.,0.,-1.));
#4154 = DIRECTION('',(0.704238229127,-0.709963743185,0.));
#4155 = ADVANCED_FACE('',(#4156),#4167,.T.);
#4156 = FACE_BOUND('',#4157,.T.);
#4157 = EDGE_LOOP('',(#4158,#4159,#4160,#4166));
#4158 = ORIENTED_EDGE('',*,*,#4127,.F.);
#4159 = ORIENTED_EDGE('',*,*,#2739,.F.);
#4160 = ORIENTED_EDGE('',*,*,#4161,.T.);
#4161 = EDGE_CURVE('',#2740,#2465,#4162,.T.);
#4162 = LINE('',#4163,#4164);
#4163 = CARTESIAN_POINT('',(66.510044716478,-33.99959051794,0.));
#4164 = VECTOR('',#4165,1.);
#4165 = DIRECTION('',(0.,0.,1.));
#4166 = ORIENTED_EDGE('',*,*,#2473,.T.);
#4167 = PLANE('',#4168);
#4168 = AXIS2_PLACEMENT_3D('',#4169,#4170,#4171);
#4169 = CARTESIAN_POINT('',(66.510044716478,-33.99959051794,0.));
#4170 = DIRECTION('',(0.799846403286,0.600204741026,0.));
#4171 = DIRECTION('',(0.600204741026,-0.799846403286,0.));
#4172 = ADVANCED_FACE('',(#4173),#4184,.T.);
#4173 = FACE_BOUND('',#4174,.T.);
#4174 = EDGE_LOOP('',(#4175,#4181,#4182,#4183));
#4175 = ORIENTED_EDGE('',*,*,#4176,.F.);
#4176 = EDGE_CURVE('',#2984,#2372,#4177,.T.);
#4177 = LINE('',#4178,#4179);
#4178 = CARTESIAN_POINT('',(6.008007251363,-52.39084764582,0.));
#4179 = VECTOR('',#4180,1.);
#4180 = DIRECTION('',(0.,0.,1.));
#4181 = ORIENTED_EDGE('',*,*,#2992,.F.);
#4182 = ORIENTED_EDGE('',*,*,#4142,.T.);
#4183 = ORIENTED_EDGE('',*,*,#2371,.T.);
#4184 = PLANE('',#4185);
#4185 = AXIS2_PLACEMENT_3D('',#4186,#4187,#4188);
#4186 = CARTESIAN_POINT('',(-0.141992748637,-46.19084764582,0.));
#4187 = DIRECTION('',(0.709963743185,0.704238229127,0.));
#4188 = DIRECTION('',(0.704238229127,-0.709963743185,0.));
#4189 = ADVANCED_FACE('',(#4190),#4201,.T.);
#4190 = FACE_BOUND('',#4191,.F.);
#4191 = EDGE_LOOP('',(#4192,#4193,#4194,#4200));
#4192 = ORIENTED_EDGE('',*,*,#4161,.T.);
#4193 = ORIENTED_EDGE('',*,*,#2464,.T.);
#4194 = ORIENTED_EDGE('',*,*,#4195,.F.);
#4195 = EDGE_CURVE('',#2748,#2457,#4196,.T.);
#4196 = LINE('',#4197,#4198);
#4197 = CARTESIAN_POINT('',(64.910351909905,-33.2,0.));
#4198 = VECTOR('',#4199,1.);
#4199 = DIRECTION('',(0.,0.,1.));
#4200 = ORIENTED_EDGE('',*,*,#2747,.T.);
#4201 = CYLINDRICAL_SURFACE('',#4202,2.);
#4202 = AXIS2_PLACEMENT_3D('',#4203,#4204,#4205);
#4203 = CARTESIAN_POINT('',(64.910351909905,-35.2,0.));
#4204 = DIRECTION('',(0.,0.,1.));
#4205 = DIRECTION('',(-1.,1.1E-16,0.));
#4206 = ADVANCED_FACE('',(#4207),#4218,.F.);
#4207 = FACE_BOUND('',#4208,.T.);
#4208 = EDGE_LOOP('',(#4209,#4215,#4216,#4217));
#4209 = ORIENTED_EDGE('',*,*,#4210,.F.);
#4210 = EDGE_CURVE('',#2976,#2380,#4211,.T.);
#4211 = LINE('',#4212,#4213);
#4212 = CARTESIAN_POINT('',(6.149996062992,-52.44999999996,0.));
#4213 = VECTOR('',#4214,1.);
#4214 = DIRECTION('',(0.,0.,1.));
#4215 = ORIENTED_EDGE('',*,*,#2983,.F.);
#4216 = ORIENTED_EDGE('',*,*,#4176,.T.);
#4217 = ORIENTED_EDGE('',*,*,#2379,.F.);
#4218 = CYLINDRICAL_SURFACE('',#4219,0.2);
#4219 = AXIS2_PLACEMENT_3D('',#4220,#4221,#4222);
#4220 = CARTESIAN_POINT('',(6.15,-52.25,0.));
#4221 = DIRECTION('',(0.,0.,-1.));
#4222 = DIRECTION('',(0.999999999806,-1.968503936583E-05,0.));
#4223 = ADVANCED_FACE('',(#4224),#4317,.T.);
#4224 = FACE_BOUND('',#4225,.T.);
#4225 = EDGE_LOOP('',(#4226,#4227,#4228,#4229,#4237,#4246,#4254,#4263,
    #4269,#4270,#4278,#4287,#4295,#4304,#4310,#4311));
#4226 = ORIENTED_EDGE('',*,*,#2456,.T.);
#4227 = ORIENTED_EDGE('',*,*,#4195,.F.);
#4228 = ORIENTED_EDGE('',*,*,#2756,.F.);
#4229 = ORIENTED_EDGE('',*,*,#4230,.T.);
#4230 = EDGE_CURVE('',#2757,#4231,#4233,.T.);
#4231 = VERTEX_POINT('',#4232);
#4232 = CARTESIAN_POINT('',(64.185104,-33.2,2.391973));
#4233 = LINE('',#4234,#4235);
#4234 = CARTESIAN_POINT('',(64.185104,-33.2,0.));
#4235 = VECTOR('',#4236,1.);
#4236 = DIRECTION('',(0.,0.,1.));
#4237 = ORIENTED_EDGE('',*,*,#4238,.T.);
#4238 = EDGE_CURVE('',#4231,#4239,#4241,.T.);
#4239 = VERTEX_POINT('',#4240);
#4240 = CARTESIAN_POINT('',(63.791109,-33.2,2.785968));
#4241 = CIRCLE('',#4242,0.393995);
#4242 = AXIS2_PLACEMENT_3D('',#4243,#4244,#4245);
#4243 = CARTESIAN_POINT('',(63.791109,-33.2,2.391973));
#4244 = DIRECTION('',(0.,-1.,0.));
#4245 = DIRECTION('',(1.,0.,0.));
#4246 = ORIENTED_EDGE('',*,*,#4247,.T.);
#4247 = EDGE_CURVE('',#4239,#4248,#4250,.T.);
#4248 = VERTEX_POINT('',#4249);
#4249 = CARTESIAN_POINT('',(56.445051,-33.2,2.785968));
#4250 = LINE('',#4251,#4252);
#4251 = CARTESIAN_POINT('',(63.791109,-33.2,2.785968));
#4252 = VECTOR('',#4253,1.);
#4253 = DIRECTION('',(-1.,0.,0.));
#4254 = ORIENTED_EDGE('',*,*,#4255,.T.);
#4255 = EDGE_CURVE('',#4248,#4256,#4258,.T.);
#4256 = VERTEX_POINT('',#4257);
#4257 = CARTESIAN_POINT('',(56.051056,-33.2,2.391973));
#4258 = CIRCLE('',#4259,0.393995);
#4259 = AXIS2_PLACEMENT_3D('',#4260,#4261,#4262);
#4260 = CARTESIAN_POINT('',(56.445051,-33.2,2.391973));
#4261 = DIRECTION('',(0.,-1.,0.));
#4262 = DIRECTION('',(1.,0.,0.));
#4263 = ORIENTED_EDGE('',*,*,#4264,.T.);
#4264 = EDGE_CURVE('',#4256,#3141,#4265,.T.);
#4265 = LINE('',#4266,#4267);
#4266 = CARTESIAN_POINT('',(56.051056,-33.2,2.391973));
#4267 = VECTOR('',#4268,1.);
#4268 = DIRECTION('',(0.,0.,-1.));
#4269 = ORIENTED_EDGE('',*,*,#3148,.F.);
#4270 = ORIENTED_EDGE('',*,*,#4271,.T.);
#4271 = EDGE_CURVE('',#3149,#4272,#4274,.T.);
#4272 = VERTEX_POINT('',#4273);
#4273 = CARTESIAN_POINT('',(49.502907,-33.2,2.420986));
#4274 = LINE('',#4275,#4276);
#4275 = CARTESIAN_POINT('',(49.502907,-33.2,0.));
#4276 = VECTOR('',#4277,1.);
#4277 = DIRECTION('',(0.,0.,1.));
#4278 = ORIENTED_EDGE('',*,*,#4279,.T.);
#4279 = EDGE_CURVE('',#4272,#4280,#4282,.T.);
#4280 = VERTEX_POINT('',#4281);
#4281 = CARTESIAN_POINT('',(49.104133,-33.2,2.81976));
#4282 = CIRCLE('',#4283,0.398774);
#4283 = AXIS2_PLACEMENT_3D('',#4284,#4285,#4286);
#4284 = CARTESIAN_POINT('',(49.104133,-33.2,2.420986));
#4285 = DIRECTION('',(0.,-1.,0.));
#4286 = DIRECTION('',(1.,0.,0.));
#4287 = ORIENTED_EDGE('',*,*,#4288,.T.);
#4288 = EDGE_CURVE('',#4280,#4289,#4291,.T.);
#4289 = VERTEX_POINT('',#4290);
#4290 = CARTESIAN_POINT('',(39.255929,-33.2,2.81976));
#4291 = LINE('',#4292,#4293);
#4292 = CARTESIAN_POINT('',(49.104133,-33.2,2.81976));
#4293 = VECTOR('',#4294,1.);
#4294 = DIRECTION('',(-1.,0.,0.));
#4295 = ORIENTED_EDGE('',*,*,#4296,.T.);
#4296 = EDGE_CURVE('',#4289,#4297,#4299,.T.);
#4297 = VERTEX_POINT('',#4298);
#4298 = CARTESIAN_POINT('',(38.857155,-33.2,2.420986));
#4299 = CIRCLE('',#4300,0.398774);
#4300 = AXIS2_PLACEMENT_3D('',#4301,#4302,#4303);
#4301 = CARTESIAN_POINT('',(39.255929,-33.2,2.420986));
#4302 = DIRECTION('',(0.,-1.,0.));
#4303 = DIRECTION('',(1.,0.,0.));
#4304 = ORIENTED_EDGE('',*,*,#4305,.T.);
#4305 = EDGE_CURVE('',#4297,#2900,#4306,.T.);
#4306 = LINE('',#4307,#4308);
#4307 = CARTESIAN_POINT('',(38.857155,-33.2,2.420986));
#4308 = VECTOR('',#4309,1.);
#4309 = DIRECTION('',(0.,0.,-1.));
#4310 = ORIENTED_EDGE('',*,*,#2907,.F.);
#4311 = ORIENTED_EDGE('',*,*,#4312,.T.);
#4312 = EDGE_CURVE('',#2908,#2448,#4313,.T.);
#4313 = LINE('',#4314,#4315);
#4314 = CARTESIAN_POINT('',(22.646443942425,-33.2,0.));
#4315 = VECTOR('',#4316,1.);
#4316 = DIRECTION('',(0.,0.,1.));
#4317 = PLANE('',#4318);
#4318 = AXIS2_PLACEMENT_3D('',#4319,#4320,#4321);
#4319 = CARTESIAN_POINT('',(22.646443942425,-33.2,0.));
#4320 = DIRECTION('',(0.,1.,0.));
#4321 = DIRECTION('',(1.,0.,0.));
#4322 = ADVANCED_FACE('',(#4323),#4334,.T.);
#4323 = FACE_BOUND('',#4324,.T.);
#4324 = EDGE_LOOP('',(#4325,#4331,#4332,#4333));
#4325 = ORIENTED_EDGE('',*,*,#4326,.F.);
#4326 = EDGE_CURVE('',#2967,#2389,#4327,.T.);
#4327 = LINE('',#4328,#4329);
#4328 = CARTESIAN_POINT('',(12.499996062992,-52.45012499996,0.));
#4329 = VECTOR('',#4330,1.);
#4330 = DIRECTION('',(0.,0.,1.));
#4331 = ORIENTED_EDGE('',*,*,#2975,.F.);
#4332 = ORIENTED_EDGE('',*,*,#4210,.T.);
#4333 = ORIENTED_EDGE('',*,*,#2388,.T.);
#4334 = PLANE('',#4335);
#4335 = AXIS2_PLACEMENT_3D('',#4336,#4337,#4338);
#4336 = CARTESIAN_POINT('',(6.149996062992,-52.44999999996,0.));
#4337 = DIRECTION('',(1.96850393658E-05,0.999999999806,0.));
#4338 = DIRECTION('',(0.999999999806,-1.96850393658E-05,0.));
#4339 = ADVANCED_FACE('',(#4340),#4351,.T.);
#4340 = FACE_BOUND('',#4341,.F.);
#4341 = EDGE_LOOP('',(#4342,#4343,#4344,#4350));
#4342 = ORIENTED_EDGE('',*,*,#4312,.T.);
#4343 = ORIENTED_EDGE('',*,*,#2447,.T.);
#4344 = ORIENTED_EDGE('',*,*,#4345,.F.);
#4345 = EDGE_CURVE('',#2916,#2440,#4346,.T.);
#4346 = LINE('',#4347,#4348);
#4347 = CARTESIAN_POINT('',(21.24863221226,-33.76957266279,0.));
#4348 = VECTOR('',#4349,1.);
#4349 = DIRECTION('',(0.,0.,1.));
#4350 = ORIENTED_EDGE('',*,*,#2915,.T.);
#4351 = CYLINDRICAL_SURFACE('',#4352,2.);
#4352 = AXIS2_PLACEMENT_3D('',#4353,#4354,#4355);
#4353 = CARTESIAN_POINT('',(22.646443942425,-35.2,0.));
#4354 = DIRECTION('',(0.,0.,1.));
#4355 = DIRECTION('',(-0.715213668601,-0.698905865082,0.));
#4356 = ADVANCED_FACE('',(#4357),#4368,.F.);
#4357 = FACE_BOUND('',#4358,.T.);
#4358 = EDGE_LOOP('',(#4359,#4365,#4366,#4367));
#4359 = ORIENTED_EDGE('',*,*,#4360,.F.);
#4360 = EDGE_CURVE('',#2959,#2397,#4361,.T.);
#4361 = LINE('',#4362,#4363);
#4362 = CARTESIAN_POINT('',(12.641651062136,-52.39131627662,0.));
#4363 = VECTOR('',#4364,1.);
#4364 = DIRECTION('',(0.,0.,1.));
#4365 = ORIENTED_EDGE('',*,*,#2966,.F.);
#4366 = ORIENTED_EDGE('',*,*,#4326,.T.);
#4367 = ORIENTED_EDGE('',*,*,#2396,.F.);
#4368 = CYLINDRICAL_SURFACE('',#4369,0.2);
#4369 = AXIS2_PLACEMENT_3D('',#4370,#4371,#4372);
#4370 = CARTESIAN_POINT('',(12.5,-52.250125,0.));
#4371 = DIRECTION('',(0.,0.,-1.));
#4372 = DIRECTION('',(0.705956383138,0.70825531068,0.));
#4373 = ADVANCED_FACE('',(#4374),#4385,.T.);
#4374 = FACE_BOUND('',#4375,.T.);
#4375 = EDGE_LOOP('',(#4376,#4377,#4378,#4384));
#4376 = ORIENTED_EDGE('',*,*,#4345,.F.);
#4377 = ORIENTED_EDGE('',*,*,#2924,.F.);
#4378 = ORIENTED_EDGE('',*,*,#4379,.T.);
#4379 = EDGE_CURVE('',#2925,#2431,#4380,.T.);
#4380 = LINE('',#4381,#4382);
#4381 = CARTESIAN_POINT('',(19.482188269835,-35.49573938178,0.));
#4382 = VECTOR('',#4383,1.);
#4383 = DIRECTION('',(0.,0.,1.));
#4384 = ORIENTED_EDGE('',*,*,#2439,.T.);
#4385 = PLANE('',#4386);
#4386 = AXIS2_PLACEMENT_3D('',#4387,#4388,#4389);
#4387 = CARTESIAN_POINT('',(19.482188269835,-35.49573938178,0.));
#4388 = DIRECTION('',(-0.698905865082,0.715213668601,0.));
#4389 = DIRECTION('',(0.715213668601,0.698905865082,0.));
#4390 = ADVANCED_FACE('',(#4391),#4402,.T.);
#4391 = FACE_BOUND('',#4392,.T.);
#4392 = EDGE_LOOP('',(#4393,#4399,#4400,#4401));
#4393 = ORIENTED_EDGE('',*,*,#4394,.F.);
#4394 = EDGE_CURVE('',#2950,#2406,#4395,.T.);
#4395 = LINE('',#4396,#4397);
#4396 = CARTESIAN_POINT('',(18.821651062136,-46.19119127662,0.));
#4397 = VECTOR('',#4398,1.);
#4398 = DIRECTION('',(0.,0.,1.));
#4399 = ORIENTED_EDGE('',*,*,#2958,.F.);
#4400 = ORIENTED_EDGE('',*,*,#4360,.T.);
#4401 = ORIENTED_EDGE('',*,*,#2405,.T.);
#4402 = PLANE('',#4403);
#4403 = AXIS2_PLACEMENT_3D('',#4404,#4405,#4406);
#4404 = CARTESIAN_POINT('',(12.641651062136,-52.39131627662,0.));
#4405 = DIRECTION('',(-0.70825531068,0.705956383138,0.));
#4406 = DIRECTION('',(0.705956383138,0.70825531068,0.));
#4407 = ADVANCED_FACE('',(#4408),#4419,.T.);
#4408 = FACE_BOUND('',#4409,.F.);
#4409 = EDGE_LOOP('',(#4410,#4411,#4412,#4418));
#4410 = ORIENTED_EDGE('',*,*,#4379,.T.);
#4411 = ORIENTED_EDGE('',*,*,#2430,.T.);
#4412 = ORIENTED_EDGE('',*,*,#4413,.F.);
#4413 = EDGE_CURVE('',#2933,#2423,#4414,.T.);
#4414 = LINE('',#4415,#4416);
#4415 = CARTESIAN_POINT('',(18.88,-36.92616671898,0.));
#4416 = VECTOR('',#4417,1.);
#4417 = DIRECTION('',(0.,0.,1.));
#4418 = ORIENTED_EDGE('',*,*,#2932,.T.);
#4419 = CYLINDRICAL_SURFACE('',#4420,2.);
#4420 = AXIS2_PLACEMENT_3D('',#4421,#4422,#4423);
#4421 = CARTESIAN_POINT('',(20.88,-36.92616671898,0.));
#4422 = DIRECTION('',(0.,0.,1.));
#4423 = DIRECTION('',(-1.1E-16,-1.,0.));
#4424 = ADVANCED_FACE('',(#4425),#4436,.F.);
#4425 = FACE_BOUND('',#4426,.T.);
#4426 = EDGE_LOOP('',(#4427,#4433,#4434,#4435));
#4427 = ORIENTED_EDGE('',*,*,#4428,.F.);
#4428 = EDGE_CURVE('',#2942,#2414,#4429,.T.);
#4429 = LINE('',#4430,#4431);
#4430 = CARTESIAN_POINT('',(18.88,-46.05,0.));
#4431 = VECTOR('',#4432,1.);
#4432 = DIRECTION('',(0.,0.,1.));
#4433 = ORIENTED_EDGE('',*,*,#2949,.F.);
#4434 = ORIENTED_EDGE('',*,*,#4394,.T.);
#4435 = ORIENTED_EDGE('',*,*,#2413,.F.);
#4436 = CYLINDRICAL_SURFACE('',#4437,0.2);
#4437 = AXIS2_PLACEMENT_3D('',#4438,#4439,#4440);
#4438 = CARTESIAN_POINT('',(18.68,-46.05,0.));
#4439 = DIRECTION('',(0.,0.,-1.));
#4440 = DIRECTION('',(1.1E-16,1.,0.));
#4441 = ADVANCED_FACE('',(#4442),#4448,.T.);
#4442 = FACE_BOUND('',#4443,.T.);
#4443 = EDGE_LOOP('',(#4444,#4445,#4446,#4447));
#4444 = ORIENTED_EDGE('',*,*,#4413,.F.);
#4445 = ORIENTED_EDGE('',*,*,#2941,.F.);
#4446 = ORIENTED_EDGE('',*,*,#4428,.T.);
#4447 = ORIENTED_EDGE('',*,*,#2422,.T.);
#4448 = PLANE('',#4449);
#4449 = AXIS2_PLACEMENT_3D('',#4450,#4451,#4452);
#4450 = CARTESIAN_POINT('',(18.88,-46.05,0.));
#4451 = DIRECTION('',(-1.,0.,0.));
#4452 = DIRECTION('',(0.,1.,0.));
#4453 = ADVANCED_FACE('',(#4454),#4473,.T.);
#4454 = FACE_BOUND('',#4455,.F.);
#4455 = EDGE_LOOP('',(#4456,#4464,#4471,#4472));
#4456 = ORIENTED_EDGE('',*,*,#4457,.T.);
#4457 = EDGE_CURVE('',#2545,#4458,#4460,.T.);
#4458 = VERTEX_POINT('',#4459);
#4459 = CARTESIAN_POINT('',(6.033274,-26.4,0.));
#4460 = LINE('',#4461,#4462);
#4461 = CARTESIAN_POINT('',(6.033274,-26.4,8.003));
#4462 = VECTOR('',#4463,1.);
#4463 = DIRECTION('',(0.,-1.2E-16,-1.));
#4464 = ORIENTED_EDGE('',*,*,#4465,.T.);
#4465 = EDGE_CURVE('',#4458,#4458,#4466,.T.);
#4466 = CIRCLE('',#4467,3.);
#4467 = AXIS2_PLACEMENT_3D('',#4468,#4469,#4470);
#4468 = CARTESIAN_POINT('',(3.033274,-26.4,0.));
#4469 = DIRECTION('',(0.,0.,-1.));
#4470 = DIRECTION('',(1.,0.,0.));
#4471 = ORIENTED_EDGE('',*,*,#4457,.F.);
#4472 = ORIENTED_EDGE('',*,*,#2544,.F.);
#4473 = CYLINDRICAL_SURFACE('',#4474,3.);
#4474 = AXIS2_PLACEMENT_3D('',#4475,#4476,#4477);
#4475 = CARTESIAN_POINT('',(3.033274,-26.4,8.003));
#4476 = DIRECTION('',(0.,1.2E-16,1.));
#4477 = DIRECTION('',(1.,0.,0.));
#4478 = ADVANCED_FACE('',(#4479),#4498,.T.);
#4479 = FACE_BOUND('',#4480,.F.);
#4480 = EDGE_LOOP('',(#4481,#4489,#4496,#4497));
#4481 = ORIENTED_EDGE('',*,*,#4482,.T.);
#4482 = EDGE_CURVE('',#2556,#4483,#4485,.T.);
#4483 = VERTEX_POINT('',#4484);
#4484 = CARTESIAN_POINT('',(26.45,-29.9,0.));
#4485 = LINE('',#4486,#4487);
#4486 = CARTESIAN_POINT('',(26.45,-29.9,8.003));
#4487 = VECTOR('',#4488,1.);
#4488 = DIRECTION('',(0.,-1.2E-16,-1.));
#4489 = ORIENTED_EDGE('',*,*,#4490,.T.);
#4490 = EDGE_CURVE('',#4483,#4483,#4491,.T.);
#4491 = CIRCLE('',#4492,3.);
#4492 = AXIS2_PLACEMENT_3D('',#4493,#4494,#4495);
#4493 = CARTESIAN_POINT('',(23.45,-29.9,0.));
#4494 = DIRECTION('',(0.,0.,-1.));
#4495 = DIRECTION('',(1.,0.,0.));
#4496 = ORIENTED_EDGE('',*,*,#4482,.F.);
#4497 = ORIENTED_EDGE('',*,*,#2555,.F.);
#4498 = CYLINDRICAL_SURFACE('',#4499,3.);
#4499 = AXIS2_PLACEMENT_3D('',#4500,#4501,#4502);
#4500 = CARTESIAN_POINT('',(23.45,-29.9,8.003));
#4501 = DIRECTION('',(0.,1.2E-16,1.));
#4502 = DIRECTION('',(1.,0.,0.));
#4503 = ADVANCED_FACE('',(#4504),#4523,.T.);
#4504 = FACE_BOUND('',#4505,.F.);
#4505 = EDGE_LOOP('',(#4506,#4514,#4521,#4522));
#4506 = ORIENTED_EDGE('',*,*,#4507,.T.);
#4507 = EDGE_CURVE('',#2590,#4508,#4510,.T.);
#4508 = VERTEX_POINT('',#4509);
#4509 = CARTESIAN_POINT('',(82.983274,-16.486726,0.));
#4510 = LINE('',#4511,#4512);
#4511 = CARTESIAN_POINT('',(82.983274,-16.486726,8.003));
#4512 = VECTOR('',#4513,1.);
#4513 = DIRECTION('',(0.,-1.2E-16,-1.));
#4514 = ORIENTED_EDGE('',*,*,#4515,.T.);
#4515 = EDGE_CURVE('',#4508,#4508,#4516,.T.);
#4516 = CIRCLE('',#4517,3.);
#4517 = AXIS2_PLACEMENT_3D('',#4518,#4519,#4520);
#4518 = CARTESIAN_POINT('',(79.983274,-16.486726,0.));
#4519 = DIRECTION('',(0.,0.,-1.));
#4520 = DIRECTION('',(1.,0.,0.));
#4521 = ORIENTED_EDGE('',*,*,#4507,.F.);
#4522 = ORIENTED_EDGE('',*,*,#2589,.F.);
#4523 = CYLINDRICAL_SURFACE('',#4524,3.);
#4524 = AXIS2_PLACEMENT_3D('',#4525,#4526,#4527);
#4525 = CARTESIAN_POINT('',(79.983274,-16.486726,8.003));
#4526 = DIRECTION('',(0.,1.2E-16,1.));
#4527 = DIRECTION('',(1.,0.,0.));
#4528 = ADVANCED_FACE('',(#4529),#4548,.T.);
#4529 = FACE_BOUND('',#4530,.F.);
#4530 = EDGE_LOOP('',(#4531,#4539,#4546,#4547));
#4531 = ORIENTED_EDGE('',*,*,#4532,.T.);
#4532 = EDGE_CURVE('',#2601,#4533,#4535,.T.);
#4533 = VERTEX_POINT('',#4534);
#4534 = CARTESIAN_POINT('',(62.633274,-3.05,0.));
#4535 = LINE('',#4536,#4537);
#4536 = CARTESIAN_POINT('',(62.633274,-3.05,8.003));
#4537 = VECTOR('',#4538,1.);
#4538 = DIRECTION('',(0.,-1.2E-16,-1.));
#4539 = ORIENTED_EDGE('',*,*,#4540,.T.);
#4540 = EDGE_CURVE('',#4533,#4533,#4541,.T.);
#4541 = CIRCLE('',#4542,3.);
#4542 = AXIS2_PLACEMENT_3D('',#4543,#4544,#4545);
#4543 = CARTESIAN_POINT('',(59.633274,-3.05,0.));
#4544 = DIRECTION('',(0.,0.,-1.));
#4545 = DIRECTION('',(1.,0.,0.));
#4546 = ORIENTED_EDGE('',*,*,#4532,.F.);
#4547 = ORIENTED_EDGE('',*,*,#2600,.F.);
#4548 = CYLINDRICAL_SURFACE('',#4549,3.);
#4549 = AXIS2_PLACEMENT_3D('',#4550,#4551,#4552);
#4550 = CARTESIAN_POINT('',(59.633274,-3.05,8.003));
#4551 = DIRECTION('',(0.,1.2E-16,1.));
#4552 = DIRECTION('',(1.,0.,0.));
#4553 = ADVANCED_FACE('',(#4554),#4565,.F.);
#4554 = FACE_BOUND('',#4555,.F.);
#4555 = EDGE_LOOP('',(#4556,#4557,#4558,#4564));
#4556 = ORIENTED_EDGE('',*,*,#2764,.T.);
#4557 = ORIENTED_EDGE('',*,*,#4230,.T.);
#4558 = ORIENTED_EDGE('',*,*,#4559,.F.);
#4559 = EDGE_CURVE('',#2789,#4231,#4560,.T.);
#4560 = LINE('',#4561,#4562);
#4561 = CARTESIAN_POINT('',(64.185104,-35.2,2.391973));
#4562 = VECTOR('',#4563,1.);
#4563 = DIRECTION('',(0.,1.,-2.2E-16));
#4564 = ORIENTED_EDGE('',*,*,#2788,.F.);
#4565 = PLANE('',#4566);
#4566 = AXIS2_PLACEMENT_3D('',#4567,#4568,#4569);
#4567 = CARTESIAN_POINT('',(64.185104,-35.2,0.));
#4568 = DIRECTION('',(1.,0.,0.));
#4569 = DIRECTION('',(0.,2.2E-16,1.));
#4570 = ADVANCED_FACE('',(#4571),#4582,.F.);
#4571 = FACE_BOUND('',#4572,.F.);
#4572 = EDGE_LOOP('',(#4573,#4579,#4580,#4581));
#4573 = ORIENTED_EDGE('',*,*,#4574,.T.);
#4574 = EDGE_CURVE('',#3274,#3817,#4575,.T.);
#4575 = LINE('',#4576,#4577);
#4576 = CARTESIAN_POINT('',(73.,2.2,3.268232296657));
#4577 = VECTOR('',#4578,1.);
#4578 = DIRECTION('',(0.,-1.,2.2E-16));
#4579 = ORIENTED_EDGE('',*,*,#3816,.F.);
#4580 = ORIENTED_EDGE('',*,*,#2654,.F.);
#4581 = ORIENTED_EDGE('',*,*,#3281,.F.);
#4582 = PLANE('',#4583);
#4583 = AXIS2_PLACEMENT_3D('',#4584,#4585,#4586);
#4584 = CARTESIAN_POINT('',(73.,2.2,3.268232296657));
#4585 = DIRECTION('',(1.,0.,0.));
#4586 = DIRECTION('',(0.,-2.2E-16,-1.));
#4587 = ADVANCED_FACE('',(#4588),#4599,.F.);
#4588 = FACE_BOUND('',#4589,.F.);
#4589 = EDGE_LOOP('',(#4590,#4591,#4592,#4598));
#4590 = ORIENTED_EDGE('',*,*,#4559,.T.);
#4591 = ORIENTED_EDGE('',*,*,#4238,.T.);
#4592 = ORIENTED_EDGE('',*,*,#4593,.F.);
#4593 = EDGE_CURVE('',#2815,#4239,#4594,.T.);
#4594 = LINE('',#4595,#4596);
#4595 = CARTESIAN_POINT('',(63.791109,-35.2,2.785968));
#4596 = VECTOR('',#4597,1.);
#4597 = DIRECTION('',(0.,1.,-2.2E-16));
#4598 = ORIENTED_EDGE('',*,*,#2823,.F.);
#4599 = CYLINDRICAL_SURFACE('',#4600,0.393995);
#4600 = AXIS2_PLACEMENT_3D('',#4601,#4602,#4603);
#4601 = CARTESIAN_POINT('',(63.791109,-35.2,2.391973));
#4602 = DIRECTION('',(0.,-1.,2.2E-16));
#4603 = DIRECTION('',(1.,0.,0.));
#4604 = ADVANCED_FACE('',(#4605),#4616,.F.);
#4605 = FACE_BOUND('',#4606,.F.);
#4606 = EDGE_LOOP('',(#4607,#4608,#4609,#4615));
#4607 = ORIENTED_EDGE('',*,*,#4593,.T.);
#4608 = ORIENTED_EDGE('',*,*,#4247,.T.);
#4609 = ORIENTED_EDGE('',*,*,#4610,.F.);
#4610 = EDGE_CURVE('',#2840,#4248,#4611,.T.);
#4611 = LINE('',#4612,#4613);
#4612 = CARTESIAN_POINT('',(56.445051,-35.2,2.785968));
#4613 = VECTOR('',#4614,1.);
#4614 = DIRECTION('',(0.,1.,-2.2E-16));
#4615 = ORIENTED_EDGE('',*,*,#2839,.F.);
#4616 = PLANE('',#4617);
#4617 = AXIS2_PLACEMENT_3D('',#4618,#4619,#4620);
#4618 = CARTESIAN_POINT('',(63.791109,-35.2,2.785968));
#4619 = DIRECTION('',(0.,2.2E-16,1.));
#4620 = DIRECTION('',(-1.,0.,0.));
#4621 = ADVANCED_FACE('',(#4622),#4633,.F.);
#4622 = FACE_BOUND('',#4623,.F.);
#4623 = EDGE_LOOP('',(#4624,#4625,#4626,#4632));
#4624 = ORIENTED_EDGE('',*,*,#4610,.T.);
#4625 = ORIENTED_EDGE('',*,*,#4255,.T.);
#4626 = ORIENTED_EDGE('',*,*,#4627,.F.);
#4627 = EDGE_CURVE('',#2866,#4256,#4628,.T.);
#4628 = LINE('',#4629,#4630);
#4629 = CARTESIAN_POINT('',(56.051056,-35.2,2.391973));
#4630 = VECTOR('',#4631,1.);
#4631 = DIRECTION('',(0.,1.,-2.2E-16));
#4632 = ORIENTED_EDGE('',*,*,#2874,.F.);
#4633 = CYLINDRICAL_SURFACE('',#4634,0.393995);
#4634 = AXIS2_PLACEMENT_3D('',#4635,#4636,#4637);
#4635 = CARTESIAN_POINT('',(56.445051,-35.2,2.391973));
#4636 = DIRECTION('',(0.,-1.,2.2E-16));
#4637 = DIRECTION('',(1.,0.,0.));
#4638 = ADVANCED_FACE('',(#4639),#4650,.F.);
#4639 = FACE_BOUND('',#4640,.F.);
#4640 = EDGE_LOOP('',(#4641,#4647,#4648,#4649));
#4641 = ORIENTED_EDGE('',*,*,#4642,.T.);
#4642 = EDGE_CURVE('',#3114,#4297,#4643,.T.);
#4643 = LINE('',#4644,#4645);
#4644 = CARTESIAN_POINT('',(38.857155,-35.2,2.420986));
#4645 = VECTOR('',#4646,1.);
#4646 = DIRECTION('',(0.,1.,-2.2E-16));
#4647 = ORIENTED_EDGE('',*,*,#4305,.T.);
#4648 = ORIENTED_EDGE('',*,*,#2899,.F.);
#4649 = ORIENTED_EDGE('',*,*,#3122,.F.);
#4650 = PLANE('',#4651);
#4651 = AXIS2_PLACEMENT_3D('',#4652,#4653,#4654);
#4652 = CARTESIAN_POINT('',(38.857155,-35.2,2.420986));
#4653 = DIRECTION('',(-1.,0.,0.));
#4654 = DIRECTION('',(-0.,-2.2E-16,-1.));
#4655 = ADVANCED_FACE('',(#4656),#4667,.F.);
#4656 = FACE_BOUND('',#4657,.F.);
#4657 = EDGE_LOOP('',(#4658,#4659,#4660,#4666));
#4658 = ORIENTED_EDGE('',*,*,#3051,.T.);
#4659 = ORIENTED_EDGE('',*,*,#3866,.T.);
#4660 = ORIENTED_EDGE('',*,*,#4661,.F.);
#4661 = EDGE_CURVE('',#3349,#3867,#4662,.T.);
#4662 = LINE('',#4663,#4664);
#4663 = CARTESIAN_POINT('',(5.823962678119,2.2,4.952106242387));
#4664 = VECTOR('',#4665,1.);
#4665 = DIRECTION('',(0.,-1.,2.2E-16));
#4666 = ORIENTED_EDGE('',*,*,#3348,.F.);
#4667 = PLANE('',#4668);
#4668 = AXIS2_PLACEMENT_3D('',#4669,#4670,#4671);
#4669 = CARTESIAN_POINT('',(5.823962678119,2.2,-1.4E-15));
#4670 = DIRECTION('',(-1.,0.,0.));
#4671 = DIRECTION('',(0.,2.2E-16,1.));
#4672 = ADVANCED_FACE('',(#4673),#4679,.F.);
#4673 = FACE_BOUND('',#4674,.F.);
#4674 = EDGE_LOOP('',(#4675,#4676,#4677,#4678));
#4675 = ORIENTED_EDGE('',*,*,#4627,.T.);
#4676 = ORIENTED_EDGE('',*,*,#4264,.T.);
#4677 = ORIENTED_EDGE('',*,*,#3140,.F.);
#4678 = ORIENTED_EDGE('',*,*,#3089,.F.);
#4679 = PLANE('',#4680);
#4680 = AXIS2_PLACEMENT_3D('',#4681,#4682,#4683);
#4681 = CARTESIAN_POINT('',(56.051056,-35.2,2.391973));
#4682 = DIRECTION('',(-1.,0.,0.));
#4683 = DIRECTION('',(-0.,-2.2E-16,-1.));
#4684 = ADVANCED_FACE('',(#4685),#4696,.F.);
#4685 = FACE_BOUND('',#4686,.F.);
#4686 = EDGE_LOOP('',(#4687,#4688,#4689,#4695));
#4687 = ORIENTED_EDGE('',*,*,#3156,.T.);
#4688 = ORIENTED_EDGE('',*,*,#4271,.T.);
#4689 = ORIENTED_EDGE('',*,*,#4690,.F.);
#4690 = EDGE_CURVE('',#3207,#4272,#4691,.T.);
#4691 = LINE('',#4692,#4693);
#4692 = CARTESIAN_POINT('',(49.502907,-35.2,2.420986));
#4693 = VECTOR('',#4694,1.);
#4694 = DIRECTION('',(0.,1.,-2.2E-16));
#4695 = ORIENTED_EDGE('',*,*,#3206,.F.);
#4696 = PLANE('',#4697);
#4697 = AXIS2_PLACEMENT_3D('',#4698,#4699,#4700);
#4698 = CARTESIAN_POINT('',(49.502907,-35.2,0.));
#4699 = DIRECTION('',(1.,0.,0.));
#4700 = DIRECTION('',(0.,2.2E-16,1.));
#4701 = ADVANCED_FACE('',(#4702),#4713,.F.);
#4702 = FACE_BOUND('',#4703,.F.);
#4703 = EDGE_LOOP('',(#4704,#4710,#4711,#4712));
#4704 = ORIENTED_EDGE('',*,*,#4705,.T.);
#4705 = EDGE_CURVE('',#3180,#4289,#4706,.T.);
#4706 = LINE('',#4707,#4708);
#4707 = CARTESIAN_POINT('',(39.255929,-35.2,2.81976));
#4708 = VECTOR('',#4709,1.);
#4709 = DIRECTION('',(0.,1.,-2.2E-16));
#4710 = ORIENTED_EDGE('',*,*,#4296,.T.);
#4711 = ORIENTED_EDGE('',*,*,#4642,.F.);
#4712 = ORIENTED_EDGE('',*,*,#3190,.F.);
#4713 = CYLINDRICAL_SURFACE('',#4714,0.398774);
#4714 = AXIS2_PLACEMENT_3D('',#4715,#4716,#4717);
#4715 = CARTESIAN_POINT('',(39.255929,-35.2,2.420986));
#4716 = DIRECTION('',(0.,-1.,2.2E-16));
#4717 = DIRECTION('',(1.,0.,0.));
#4718 = ADVANCED_FACE('',(#4719),#4730,.F.);
#4719 = FACE_BOUND('',#4720,.F.);
#4720 = EDGE_LOOP('',(#4721,#4727,#4728,#4729));
#4721 = ORIENTED_EDGE('',*,*,#4722,.T.);
#4722 = EDGE_CURVE('',#3231,#4280,#4723,.T.);
#4723 = LINE('',#4724,#4725);
#4724 = CARTESIAN_POINT('',(49.104133,-35.2,2.81976));
#4725 = VECTOR('',#4726,1.);
#4726 = DIRECTION('',(0.,1.,-2.2E-16));
#4727 = ORIENTED_EDGE('',*,*,#4288,.T.);
#4728 = ORIENTED_EDGE('',*,*,#4705,.F.);
#4729 = ORIENTED_EDGE('',*,*,#3239,.F.);
#4730 = PLANE('',#4731);
#4731 = AXIS2_PLACEMENT_3D('',#4732,#4733,#4734);
#4732 = CARTESIAN_POINT('',(49.104133,-35.2,2.81976));
#4733 = DIRECTION('',(0.,2.2E-16,1.));
#4734 = DIRECTION('',(-1.,0.,0.));
#4735 = ADVANCED_FACE('',(#4736),#4742,.F.);
#4736 = FACE_BOUND('',#4737,.F.);
#4737 = EDGE_LOOP('',(#4738,#4739,#4740,#4741));
#4738 = ORIENTED_EDGE('',*,*,#4690,.T.);
#4739 = ORIENTED_EDGE('',*,*,#4279,.T.);
#4740 = ORIENTED_EDGE('',*,*,#4722,.F.);
#4741 = ORIENTED_EDGE('',*,*,#3258,.F.);
#4742 = CYLINDRICAL_SURFACE('',#4743,0.398774);
#4743 = AXIS2_PLACEMENT_3D('',#4744,#4745,#4746);
#4744 = CARTESIAN_POINT('',(49.104133,-35.2,2.420986));
#4745 = DIRECTION('',(0.,-1.,2.2E-16));
#4746 = DIRECTION('',(1.,0.,0.));
#4747 = ADVANCED_FACE('',(#4748),#4760,.F.);
#4748 = FACE_BOUND('',#4749,.F.);
#4749 = EDGE_LOOP('',(#4750,#4756,#4757,#4758,#4759));
#4750 = ORIENTED_EDGE('',*,*,#4751,.T.);
#4751 = EDGE_CURVE('',#3450,#3966,#4752,.T.);
#4752 = LINE('',#4753,#4754);
#4753 = CARTESIAN_POINT('',(72.461671,2.2,3.806561296657));
#4754 = VECTOR('',#4755,1.);
#4755 = DIRECTION('',(0.,-1.,2.2E-16));
#4756 = ORIENTED_EDGE('',*,*,#3973,.T.);
#4757 = ORIENTED_EDGE('',*,*,#4574,.F.);
#4758 = ORIENTED_EDGE('',*,*,#3306,.F.);
#4759 = ORIENTED_EDGE('',*,*,#3460,.F.);
#4760 = CYLINDRICAL_SURFACE('',#4761,0.538329);
#4761 = AXIS2_PLACEMENT_3D('',#4762,#4763,#4764);
#4762 = CARTESIAN_POINT('',(72.461671,2.2,3.268232296657));
#4763 = DIRECTION('',(0.,1.,-2.2E-16));
#4764 = DIRECTION('',(-1.,0.,0.));
#4765 = ADVANCED_FACE('',(#4766),#4777,.F.);
#4766 = FACE_BOUND('',#4767,.F.);
#4767 = EDGE_LOOP('',(#4768,#4769,#4770,#4776));
#4768 = ORIENTED_EDGE('',*,*,#4661,.T.);
#4769 = ORIENTED_EDGE('',*,*,#3874,.T.);
#4770 = ORIENTED_EDGE('',*,*,#4771,.F.);
#4771 = EDGE_CURVE('',#3375,#3875,#4772,.T.);
#4772 = LINE('',#4773,#4774);
#4773 = CARTESIAN_POINT('',(6.571856435732,2.2,5.7));
#4774 = VECTOR('',#4775,1.);
#4775 = DIRECTION('',(0.,-1.,2.2E-16));
#4776 = ORIENTED_EDGE('',*,*,#3383,.F.);
#4777 = CYLINDRICAL_SURFACE('',#4778,0.747893757613);
#4778 = AXIS2_PLACEMENT_3D('',#4779,#4780,#4781);
#4779 = CARTESIAN_POINT('',(6.571856435732,2.2,4.952106242387));
#4780 = DIRECTION('',(0.,1.,-2.2E-16));
#4781 = DIRECTION('',(-1.,0.,0.));
#4782 = ADVANCED_FACE('',(#4783),#4794,.F.);
#4783 = FACE_BOUND('',#4784,.F.);
#4784 = EDGE_LOOP('',(#4785,#4786,#4787,#4793));
#4785 = ORIENTED_EDGE('',*,*,#4771,.T.);
#4786 = ORIENTED_EDGE('',*,*,#3883,.T.);
#4787 = ORIENTED_EDGE('',*,*,#4788,.F.);
#4788 = EDGE_CURVE('',#3400,#3884,#4789,.T.);
#4789 = LINE('',#4790,#4791);
#4790 = CARTESIAN_POINT('',(15.602160268594,2.2,5.7));
#4791 = VECTOR('',#4792,1.);
#4792 = DIRECTION('',(0.,-1.,2.2E-16));
#4793 = ORIENTED_EDGE('',*,*,#3399,.F.);
#4794 = PLANE('',#4795);
#4795 = AXIS2_PLACEMENT_3D('',#4796,#4797,#4798);
#4796 = CARTESIAN_POINT('',(6.571856435732,2.2,5.7));
#4797 = DIRECTION('',(0.,2.2E-16,1.));
#4798 = DIRECTION('',(1.,0.,0.));
#4799 = ADVANCED_FACE('',(#4800),#4811,.F.);
#4800 = FACE_BOUND('',#4801,.F.);
#4801 = EDGE_LOOP('',(#4802,#4803,#4804,#4810));
#4802 = ORIENTED_EDGE('',*,*,#4788,.T.);
#4803 = ORIENTED_EDGE('',*,*,#3891,.T.);
#4804 = ORIENTED_EDGE('',*,*,#4805,.F.);
#4805 = EDGE_CURVE('',#3426,#3892,#4806,.T.);
#4806 = LINE('',#4807,#4808);
#4807 = CARTESIAN_POINT('',(16.848454493461,2.2,4.45370577513));
#4808 = VECTOR('',#4809,1.);
#4809 = DIRECTION('',(0.,-1.,2.2E-16));
#4810 = ORIENTED_EDGE('',*,*,#3434,.F.);
#4811 = CYLINDRICAL_SURFACE('',#4812,1.246294224866);
#4812 = AXIS2_PLACEMENT_3D('',#4813,#4814,#4815);
#4813 = CARTESIAN_POINT('',(15.602160268594,2.2,4.453705775134));
#4814 = DIRECTION('',(0.,1.,-2.2E-16));
#4815 = DIRECTION('',(-1.,0.,0.));
#4816 = ADVANCED_FACE('',(#4817),#4823,.F.);
#4817 = FACE_BOUND('',#4818,.F.);
#4818 = EDGE_LOOP('',(#4819,#4820,#4821,#4822));
#4819 = ORIENTED_EDGE('',*,*,#4805,.T.);
#4820 = ORIENTED_EDGE('',*,*,#3900,.T.);
#4821 = ORIENTED_EDGE('',*,*,#3544,.F.);
#4822 = ORIENTED_EDGE('',*,*,#3476,.F.);
#4823 = PLANE('',#4824);
#4824 = AXIS2_PLACEMENT_3D('',#4825,#4826,#4827);
#4825 = CARTESIAN_POINT('',(16.848454493461,2.2,4.45370577513));
#4826 = DIRECTION('',(1.,0.,0.));
#4827 = DIRECTION('',(0.,-2.2E-16,-1.));
#4828 = ADVANCED_FACE('',(#4829),#4840,.F.);
#4829 = FACE_BOUND('',#4830,.F.);
#4830 = EDGE_LOOP('',(#4831,#4837,#4838,#4839));
#4831 = ORIENTED_EDGE('',*,*,#4832,.T.);
#4832 = EDGE_CURVE('',#3501,#3957,#4833,.T.);
#4833 = LINE('',#4834,#4835);
#4834 = CARTESIAN_POINT('',(63.500949,2.2,3.806561296657));
#4835 = VECTOR('',#4836,1.);
#4836 = DIRECTION('',(0.,-1.,2.2E-16));
#4837 = ORIENTED_EDGE('',*,*,#3965,.T.);
#4838 = ORIENTED_EDGE('',*,*,#4751,.F.);
#4839 = ORIENTED_EDGE('',*,*,#3509,.F.);
#4840 = PLANE('',#4841);
#4841 = AXIS2_PLACEMENT_3D('',#4842,#4843,#4844);
#4842 = CARTESIAN_POINT('',(63.500949,2.2,3.806561296657));
#4843 = DIRECTION('',(0.,2.2E-16,1.));
#4844 = DIRECTION('',(1.,0.,0.));
#4845 = ADVANCED_FACE('',(#4846),#4857,.F.);
#4846 = FACE_BOUND('',#4847,.F.);
#4847 = EDGE_LOOP('',(#4848,#4849,#4850,#4856));
#4848 = ORIENTED_EDGE('',*,*,#3525,.T.);
#4849 = ORIENTED_EDGE('',*,*,#3907,.T.);
#4850 = ORIENTED_EDGE('',*,*,#4851,.F.);
#4851 = EDGE_CURVE('',#3594,#3908,#4852,.T.);
#4852 = LINE('',#4853,#4854);
#4853 = CARTESIAN_POINT('',(22.059414,2.2,2.222));
#4854 = VECTOR('',#4855,1.);
#4855 = DIRECTION('',(0.,-1.,2.2E-16));
#4856 = ORIENTED_EDGE('',*,*,#3593,.F.);
#4857 = PLANE('',#4858);
#4858 = AXIS2_PLACEMENT_3D('',#4859,#4860,#4861);
#4859 = CARTESIAN_POINT('',(22.059414,2.2,0.));
#4860 = DIRECTION('',(-1.,0.,0.));
#4861 = DIRECTION('',(0.,2.2E-16,1.));
#4862 = ADVANCED_FACE('',(#4863),#4874,.F.);
#4863 = FACE_BOUND('',#4864,.F.);
#4864 = EDGE_LOOP('',(#4865,#4871,#4872,#4873));
#4865 = ORIENTED_EDGE('',*,*,#4866,.T.);
#4866 = EDGE_CURVE('',#3567,#3949,#4867,.T.);
#4867 = LINE('',#4868,#4869);
#4868 = CARTESIAN_POINT('',(62.96262,2.2,3.268232296657));
#4869 = VECTOR('',#4870,1.);
#4870 = DIRECTION('',(0.,-1.,2.2E-16));
#4871 = ORIENTED_EDGE('',*,*,#3956,.T.);
#4872 = ORIENTED_EDGE('',*,*,#4832,.F.);
#4873 = ORIENTED_EDGE('',*,*,#3577,.F.);
#4874 = CYLINDRICAL_SURFACE('',#4875,0.538329);
#4875 = AXIS2_PLACEMENT_3D('',#4876,#4877,#4878);
#4876 = CARTESIAN_POINT('',(63.500949,2.2,3.268232296657));
#4877 = DIRECTION('',(0.,1.,-2.2E-16));
#4878 = DIRECTION('',(-1.,0.,0.));
#4879 = ADVANCED_FACE('',(#4880),#4886,.F.);
#4880 = FACE_BOUND('',#4881,.F.);
#4881 = EDGE_LOOP('',(#4882,#4883,#4884,#4885));
#4882 = ORIENTED_EDGE('',*,*,#3668,.T.);
#4883 = ORIENTED_EDGE('',*,*,#3948,.T.);
#4884 = ORIENTED_EDGE('',*,*,#4866,.F.);
#4885 = ORIENTED_EDGE('',*,*,#3626,.F.);
#4886 = PLANE('',#4887);
#4887 = AXIS2_PLACEMENT_3D('',#4888,#4889,#4890);
#4888 = CARTESIAN_POINT('',(62.96262,2.2,-6.22E-15));
#4889 = DIRECTION('',(-1.,0.,0.));
#4890 = DIRECTION('',(0.,2.2E-16,1.));
#4891 = ADVANCED_FACE('',(#4892),#4903,.F.);
#4892 = FACE_BOUND('',#4893,.F.);
#4893 = EDGE_LOOP('',(#4894,#4895,#4896,#4902));
#4894 = ORIENTED_EDGE('',*,*,#4851,.T.);
#4895 = ORIENTED_EDGE('',*,*,#3915,.T.);
#4896 = ORIENTED_EDGE('',*,*,#4897,.F.);
#4897 = EDGE_CURVE('',#3645,#3916,#4898,.T.);
#4898 = LINE('',#4899,#4900);
#4899 = CARTESIAN_POINT('',(22.425412,2.2,2.587998));
#4900 = VECTOR('',#4901,1.);
#4901 = DIRECTION('',(0.,-1.,2.2E-16));
#4902 = ORIENTED_EDGE('',*,*,#3653,.F.);
#4903 = CYLINDRICAL_SURFACE('',#4904,0.365998);
#4904 = AXIS2_PLACEMENT_3D('',#4905,#4906,#4907);
#4905 = CARTESIAN_POINT('',(22.425412,2.2,2.222));
#4906 = DIRECTION('',(0.,1.,-2.2E-16));
#4907 = DIRECTION('',(-1.,0.,0.));
#4908 = ADVANCED_FACE('',(#4909),#4920,.F.);
#4909 = FACE_BOUND('',#4910,.F.);
#4910 = EDGE_LOOP('',(#4911,#4917,#4918,#4919));
#4911 = ORIENTED_EDGE('',*,*,#4912,.T.);
#4912 = EDGE_CURVE('',#3735,#3933,#4913,.T.);
#4913 = LINE('',#4914,#4915);
#4914 = CARTESIAN_POINT('',(28.750465,2.2,2.222));
#4915 = VECTOR('',#4916,1.);
#4916 = DIRECTION('',(0.,-1.,2.2E-16));
#4917 = ORIENTED_EDGE('',*,*,#3941,.T.);
#4918 = ORIENTED_EDGE('',*,*,#3687,.F.);
#4919 = ORIENTED_EDGE('',*,*,#3743,.F.);
#4920 = PLANE('',#4921);
#4921 = AXIS2_PLACEMENT_3D('',#4922,#4923,#4924);
#4922 = CARTESIAN_POINT('',(28.750465,2.2,2.222));
#4923 = DIRECTION('',(1.,0.,0.));
#4924 = DIRECTION('',(0.,-2.2E-16,-1.));
#4925 = ADVANCED_FACE('',(#4926),#4937,.F.);
#4926 = FACE_BOUND('',#4927,.F.);
#4927 = EDGE_LOOP('',(#4928,#4929,#4930,#4936));
#4928 = ORIENTED_EDGE('',*,*,#4897,.T.);
#4929 = ORIENTED_EDGE('',*,*,#3924,.T.);
#4930 = ORIENTED_EDGE('',*,*,#4931,.F.);
#4931 = EDGE_CURVE('',#3711,#3925,#4932,.T.);
#4932 = LINE('',#4933,#4934);
#4933 = CARTESIAN_POINT('',(28.384467,2.2,2.587998));
#4934 = VECTOR('',#4935,1.);
#4935 = DIRECTION('',(0.,-1.,2.2E-16));
#4936 = ORIENTED_EDGE('',*,*,#3710,.F.);
#4937 = PLANE('',#4938);
#4938 = AXIS2_PLACEMENT_3D('',#4939,#4940,#4941);
#4939 = CARTESIAN_POINT('',(22.425412,2.2,2.587998));
#4940 = DIRECTION('',(0.,2.2E-16,1.));
#4941 = DIRECTION('',(1.,0.,0.));
#4942 = ADVANCED_FACE('',(#4943),#4949,.F.);
#4943 = FACE_BOUND('',#4944,.F.);
#4944 = EDGE_LOOP('',(#4945,#4946,#4947,#4948));
#4945 = ORIENTED_EDGE('',*,*,#4931,.T.);
#4946 = ORIENTED_EDGE('',*,*,#3932,.T.);
#4947 = ORIENTED_EDGE('',*,*,#4912,.F.);
#4948 = ORIENTED_EDGE('',*,*,#3762,.F.);
#4949 = CYLINDRICAL_SURFACE('',#4950,0.365998);
#4950 = AXIS2_PLACEMENT_3D('',#4951,#4952,#4953);
#4951 = CARTESIAN_POINT('',(28.384467,2.2,2.222));
#4952 = DIRECTION('',(0.,1.,-2.2E-16));
#4953 = DIRECTION('',(-1.,0.,0.));
#4954 = ADVANCED_FACE('',(#4955,#4958),#4969,.F.);
#4955 = FACE_BOUND('',#4956,.T.);
#4956 = EDGE_LOOP('',(#4957));
#4957 = ORIENTED_EDGE('',*,*,#4465,.T.);
#4958 = FACE_BOUND('',#4959,.F.);
#4959 = EDGE_LOOP('',(#4960));
#4960 = ORIENTED_EDGE('',*,*,#4961,.T.);
#4961 = EDGE_CURVE('',#4962,#4962,#4964,.T.);
#4962 = VERTEX_POINT('',#4963);
#4963 = CARTESIAN_POINT('',(4.733274,-26.4,0.));
#4964 = CIRCLE('',#4965,1.7);
#4965 = AXIS2_PLACEMENT_3D('',#4966,#4967,#4968);
#4966 = CARTESIAN_POINT('',(3.033274,-26.4,0.));
#4967 = DIRECTION('',(0.,0.,-1.));
#4968 = DIRECTION('',(1.,0.,0.));
#4969 = PLANE('',#4970);
#4970 = AXIS2_PLACEMENT_3D('',#4971,#4972,#4973);
#4971 = CARTESIAN_POINT('',(41.5249555,-18.9591815,3.552713678801E-15));
#4972 = DIRECTION('',(0.,0.,1.));
#4973 = DIRECTION('',(1.,0.,0.));
#4974 = ADVANCED_FACE('',(#4975,#4978),#4989,.F.);
#4975 = FACE_BOUND('',#4976,.T.);
#4976 = EDGE_LOOP('',(#4977));
#4977 = ORIENTED_EDGE('',*,*,#4490,.T.);
#4978 = FACE_BOUND('',#4979,.F.);
#4979 = EDGE_LOOP('',(#4980));
#4980 = ORIENTED_EDGE('',*,*,#4981,.T.);
#4981 = EDGE_CURVE('',#4982,#4982,#4984,.T.);
#4982 = VERTEX_POINT('',#4983);
#4983 = CARTESIAN_POINT('',(25.15,-29.9,0.));
#4984 = CIRCLE('',#4985,1.7);
#4985 = AXIS2_PLACEMENT_3D('',#4986,#4987,#4988);
#4986 = CARTESIAN_POINT('',(23.45,-29.9,0.));
#4987 = DIRECTION('',(0.,0.,-1.));
#4988 = DIRECTION('',(1.,0.,0.));
#4989 = PLANE('',#4990);
#4990 = AXIS2_PLACEMENT_3D('',#4991,#4992,#4993);
#4991 = CARTESIAN_POINT('',(41.5249555,-18.9591815,3.552713678801E-15));
#4992 = DIRECTION('',(0.,0.,1.));
#4993 = DIRECTION('',(1.,0.,0.));
#4994 = ADVANCED_FACE('',(#4995,#4998),#5009,.F.);
#4995 = FACE_BOUND('',#4996,.T.);
#4996 = EDGE_LOOP('',(#4997));
#4997 = ORIENTED_EDGE('',*,*,#4515,.T.);
#4998 = FACE_BOUND('',#4999,.F.);
#4999 = EDGE_LOOP('',(#5000));
#5000 = ORIENTED_EDGE('',*,*,#5001,.T.);
#5001 = EDGE_CURVE('',#5002,#5002,#5004,.T.);
#5002 = VERTEX_POINT('',#5003);
#5003 = CARTESIAN_POINT('',(81.683274,-16.486726,0.));
#5004 = CIRCLE('',#5005,1.7);
#5005 = AXIS2_PLACEMENT_3D('',#5006,#5007,#5008);
#5006 = CARTESIAN_POINT('',(79.983274,-16.486726,0.));
#5007 = DIRECTION('',(0.,0.,-1.));
#5008 = DIRECTION('',(1.,0.,0.));
#5009 = PLANE('',#5010);
#5010 = AXIS2_PLACEMENT_3D('',#5011,#5012,#5013);
#5011 = CARTESIAN_POINT('',(41.5249555,-18.9591815,3.552713678801E-15));
#5012 = DIRECTION('',(0.,0.,1.));
#5013 = DIRECTION('',(1.,0.,0.));
#5014 = ADVANCED_FACE('',(#5015,#5018),#5029,.F.);
#5015 = FACE_BOUND('',#5016,.T.);
#5016 = EDGE_LOOP('',(#5017));
#5017 = ORIENTED_EDGE('',*,*,#4540,.T.);
#5018 = FACE_BOUND('',#5019,.F.);
#5019 = EDGE_LOOP('',(#5020));
#5020 = ORIENTED_EDGE('',*,*,#5021,.T.);
#5021 = EDGE_CURVE('',#5022,#5022,#5024,.T.);
#5022 = VERTEX_POINT('',#5023);
#5023 = CARTESIAN_POINT('',(61.333274,-3.05,0.));
#5024 = CIRCLE('',#5025,1.7);
#5025 = AXIS2_PLACEMENT_3D('',#5026,#5027,#5028);
#5026 = CARTESIAN_POINT('',(59.633274,-3.05,0.));
#5027 = DIRECTION('',(0.,0.,-1.));
#5028 = DIRECTION('',(1.,0.,0.));
#5029 = PLANE('',#5030);
#5030 = AXIS2_PLACEMENT_3D('',#5031,#5032,#5033);
#5031 = CARTESIAN_POINT('',(41.5249555,-18.9591815,3.552713678801E-15));
#5032 = DIRECTION('',(0.,0.,1.));
#5033 = DIRECTION('',(1.,0.,0.));
#5034 = ADVANCED_FACE('',(#5035),#5054,.F.);
#5035 = FACE_BOUND('',#5036,.T.);
#5036 = EDGE_LOOP('',(#5037,#5045,#5046,#5047));
#5037 = ORIENTED_EDGE('',*,*,#5038,.T.);
#5038 = EDGE_CURVE('',#5039,#4962,#5041,.T.);
#5039 = VERTEX_POINT('',#5040);
#5040 = CARTESIAN_POINT('',(4.733274,-26.4,8.003));
#5041 = LINE('',#5042,#5043);
#5042 = CARTESIAN_POINT('',(4.733274,-26.4,8.003));
#5043 = VECTOR('',#5044,1.);
#5044 = DIRECTION('',(0.,-1.2E-16,-1.));
#5045 = ORIENTED_EDGE('',*,*,#4961,.T.);
#5046 = ORIENTED_EDGE('',*,*,#5038,.F.);
#5047 = ORIENTED_EDGE('',*,*,#5048,.F.);
#5048 = EDGE_CURVE('',#5039,#5039,#5049,.T.);
#5049 = CIRCLE('',#5050,1.7);
#5050 = AXIS2_PLACEMENT_3D('',#5051,#5052,#5053);
#5051 = CARTESIAN_POINT('',(3.033274,-26.4,8.003));
#5052 = DIRECTION('',(0.,0.,-1.));
#5053 = DIRECTION('',(1.,0.,0.));
#5054 = CYLINDRICAL_SURFACE('',#5055,1.7);
#5055 = AXIS2_PLACEMENT_3D('',#5056,#5057,#5058);
#5056 = CARTESIAN_POINT('',(3.033274,-26.4,8.003));
#5057 = DIRECTION('',(0.,1.2E-16,1.));
#5058 = DIRECTION('',(1.,0.,0.));
#5059 = ADVANCED_FACE('',(#5060),#5079,.F.);
#5060 = FACE_BOUND('',#5061,.T.);
#5061 = EDGE_LOOP('',(#5062,#5070,#5071,#5072));
#5062 = ORIENTED_EDGE('',*,*,#5063,.T.);
#5063 = EDGE_CURVE('',#5064,#4982,#5066,.T.);
#5064 = VERTEX_POINT('',#5065);
#5065 = CARTESIAN_POINT('',(25.15,-29.9,8.003));
#5066 = LINE('',#5067,#5068);
#5067 = CARTESIAN_POINT('',(25.15,-29.9,8.003));
#5068 = VECTOR('',#5069,1.);
#5069 = DIRECTION('',(0.,-1.2E-16,-1.));
#5070 = ORIENTED_EDGE('',*,*,#4981,.T.);
#5071 = ORIENTED_EDGE('',*,*,#5063,.F.);
#5072 = ORIENTED_EDGE('',*,*,#5073,.F.);
#5073 = EDGE_CURVE('',#5064,#5064,#5074,.T.);
#5074 = CIRCLE('',#5075,1.7);
#5075 = AXIS2_PLACEMENT_3D('',#5076,#5077,#5078);
#5076 = CARTESIAN_POINT('',(23.45,-29.9,8.003));
#5077 = DIRECTION('',(0.,0.,-1.));
#5078 = DIRECTION('',(1.,0.,0.));
#5079 = CYLINDRICAL_SURFACE('',#5080,1.7);
#5080 = AXIS2_PLACEMENT_3D('',#5081,#5082,#5083);
#5081 = CARTESIAN_POINT('',(23.45,-29.9,8.003));
#5082 = DIRECTION('',(0.,1.2E-16,1.));
#5083 = DIRECTION('',(1.,0.,0.));
#5084 = ADVANCED_FACE('',(#5085),#5104,.F.);
#5085 = FACE_BOUND('',#5086,.T.);
#5086 = EDGE_LOOP('',(#5087,#5095,#5096,#5097));
#5087 = ORIENTED_EDGE('',*,*,#5088,.T.);
#5088 = EDGE_CURVE('',#5089,#5002,#5091,.T.);
#5089 = VERTEX_POINT('',#5090);
#5090 = CARTESIAN_POINT('',(81.683274,-16.486726,8.003));
#5091 = LINE('',#5092,#5093);
#5092 = CARTESIAN_POINT('',(81.683274,-16.486726,8.003));
#5093 = VECTOR('',#5094,1.);
#5094 = DIRECTION('',(0.,-1.2E-16,-1.));
#5095 = ORIENTED_EDGE('',*,*,#5001,.T.);
#5096 = ORIENTED_EDGE('',*,*,#5088,.F.);
#5097 = ORIENTED_EDGE('',*,*,#5098,.F.);
#5098 = EDGE_CURVE('',#5089,#5089,#5099,.T.);
#5099 = CIRCLE('',#5100,1.7);
#5100 = AXIS2_PLACEMENT_3D('',#5101,#5102,#5103);
#5101 = CARTESIAN_POINT('',(79.983274,-16.486726,8.003));
#5102 = DIRECTION('',(0.,0.,-1.));
#5103 = DIRECTION('',(1.,0.,0.));
#5104 = CYLINDRICAL_SURFACE('',#5105,1.7);
#5105 = AXIS2_PLACEMENT_3D('',#5106,#5107,#5108);
#5106 = CARTESIAN_POINT('',(79.983274,-16.486726,8.003));
#5107 = DIRECTION('',(0.,1.2E-16,1.));
#5108 = DIRECTION('',(1.,0.,0.));
#5109 = ADVANCED_FACE('',(#5110),#5129,.F.);
#5110 = FACE_BOUND('',#5111,.T.);
#5111 = EDGE_LOOP('',(#5112,#5120,#5121,#5122));
#5112 = ORIENTED_EDGE('',*,*,#5113,.T.);
#5113 = EDGE_CURVE('',#5114,#5022,#5116,.T.);
#5114 = VERTEX_POINT('',#5115);
#5115 = CARTESIAN_POINT('',(61.333274,-3.05,8.003));
#5116 = LINE('',#5117,#5118);
#5117 = CARTESIAN_POINT('',(61.333274,-3.05,8.003));
#5118 = VECTOR('',#5119,1.);
#5119 = DIRECTION('',(0.,-1.2E-16,-1.));
#5120 = ORIENTED_EDGE('',*,*,#5021,.T.);
#5121 = ORIENTED_EDGE('',*,*,#5113,.F.);
#5122 = ORIENTED_EDGE('',*,*,#5123,.F.);
#5123 = EDGE_CURVE('',#5114,#5114,#5124,.T.);
#5124 = CIRCLE('',#5125,1.7);
#5125 = AXIS2_PLACEMENT_3D('',#5126,#5127,#5128);
#5126 = CARTESIAN_POINT('',(59.633274,-3.05,8.003));
#5127 = DIRECTION('',(0.,0.,-1.));
#5128 = DIRECTION('',(1.,0.,0.));
#5129 = CYLINDRICAL_SURFACE('',#5130,1.7);
#5130 = AXIS2_PLACEMENT_3D('',#5131,#5132,#5133);
#5131 = CARTESIAN_POINT('',(59.633274,-3.05,8.003));
#5132 = DIRECTION('',(0.,1.2E-16,1.));
#5133 = DIRECTION('',(1.,0.,0.));
#5134 = ADVANCED_FACE('',(#5135),#5138,.F.);
#5135 = FACE_BOUND('',#5136,.F.);
#5136 = EDGE_LOOP('',(#5137));
#5137 = ORIENTED_EDGE('',*,*,#5048,.F.);
#5138 = PLANE('',#5139);
#5139 = AXIS2_PLACEMENT_3D('',#5140,#5141,#5142);
#5140 = CARTESIAN_POINT('',(37.549030748326,-22.17427246828,8.003));
#5141 = DIRECTION('',(0.,0.,1.));
#5142 = DIRECTION('',(1.,0.,0.));
#5143 = ADVANCED_FACE('',(#5144),#5147,.F.);
#5144 = FACE_BOUND('',#5145,.F.);
#5145 = EDGE_LOOP('',(#5146));
#5146 = ORIENTED_EDGE('',*,*,#5073,.F.);
#5147 = PLANE('',#5148);
#5148 = AXIS2_PLACEMENT_3D('',#5149,#5150,#5151);
#5149 = CARTESIAN_POINT('',(37.549030748326,-22.17427246828,8.003));
#5150 = DIRECTION('',(0.,0.,1.));
#5151 = DIRECTION('',(1.,0.,0.));
#5152 = ADVANCED_FACE('',(#5153),#5156,.F.);
#5153 = FACE_BOUND('',#5154,.F.);
#5154 = EDGE_LOOP('',(#5155));
#5155 = ORIENTED_EDGE('',*,*,#5098,.F.);
#5156 = PLANE('',#5157);
#5157 = AXIS2_PLACEMENT_3D('',#5158,#5159,#5160);
#5158 = CARTESIAN_POINT('',(37.549030748326,-22.17427246828,8.003));
#5159 = DIRECTION('',(0.,0.,1.));
#5160 = DIRECTION('',(1.,0.,0.));
#5161 = ADVANCED_FACE('',(#5162),#5165,.F.);
#5162 = FACE_BOUND('',#5163,.F.);
#5163 = EDGE_LOOP('',(#5164));
#5164 = ORIENTED_EDGE('',*,*,#5123,.F.);
#5165 = PLANE('',#5166);
#5166 = AXIS2_PLACEMENT_3D('',#5167,#5168,#5169);
#5167 = CARTESIAN_POINT('',(37.549030748326,-22.17427246828,8.003));
#5168 = DIRECTION('',(0.,0.,1.));
#5169 = DIRECTION('',(1.,0.,0.));
#5170 = ( GEOMETRIC_REPRESENTATION_CONTEXT(3) 
GLOBAL_UNCERTAINTY_ASSIGNED_CONTEXT((#5174)) 
GLOBAL_UNIT_ASSIGNED_CONTEXT((#5171,#5172,#5173)) REPRESENTATION_CONTEXT
('Context #1','3D Context with UNIT and UNCERTAINTY') );
#5171 = ( LENGTH_UNIT() NAMED_UNIT(*) SI_UNIT(.MILLI.,.METRE.) );
#5172 = ( NAMED_UNIT(*) PLANE_ANGLE_UNIT() SI_UNIT($,.RADIAN.) );
#5173 = ( NAMED_UNIT(*) SI_UNIT($,.STERADIAN.) SOLID_ANGLE_UNIT() );
#5174 = UNCERTAINTY_MEASURE_WITH_UNIT(LENGTH_MEASURE(2.E-04),#5171,
  'distance_accuracy_value','confusion accuracy');
#5175 = CONTEXT_DEPENDENT_SHAPE_REPRESENTATION(#5176,#5178);
#5176 = ( REPRESENTATION_RELATIONSHIP('','',#198,#32) 
REPRESENTATION_RELATIONSHIP_WITH_TRANSFORMATION(#5177) 
SHAPE_REPRESENTATION_RELATIONSHIP() );
#5177 = ITEM_DEFINED_TRANSFORMATION('','',#11,#49);
#5178 = PRODUCT_DEFINITION_SHAPE('Placement','Placement of an item',
  #5179);
#5179 = NEXT_ASSEMBLY_USAGE_OCCURRENCE('5','top002','',#27,#193,$);
#5180 = PRODUCT_RELATED_PRODUCT_CATEGORY('part',$,(#195));
#5181 = MECHANICAL_DESIGN_GEOMETRIC_PRESENTATION_REPRESENTATION('',(
    #5182),#5170);
#5182 = STYLED_ITEM('color',(#5183),#199);
#5183 = PRESENTATION_STYLE_ASSIGNMENT((#5184,#5192));
#5184 = SURFACE_STYLE_USAGE(.BOTH.,#5185);
#5185 = SURFACE_SIDE_STYLE('',(#5186,#5190));
#5186 = SURFACE_STYLE_FILL_AREA(#5187);
#5187 = FILL_AREA_STYLE('',(#5188));
#5188 = FILL_AREA_STYLE_COLOUR('',#5189);
#5189 = COLOUR_RGB('',0.447058818107,0.474509808674,0.501960817233);
#5190 = SURFACE_STYLE_RENDERING_WITH_PROPERTIES(.NORMAL_SHADING.,#5189,(
    #5191));
#5191 = SURFACE_STYLE_TRANSPARENT(0.699999988079);
#5192 = CURVE_STYLE('',#5193,POSITIVE_LENGTH_MEASURE(0.1),#5194);
#5193 = DRAUGHTING_PRE_DEFINED_CURVE_FONT('continuous');
#5194 = COLOUR_RGB('',9.803921802644E-02,9.803921802644E-02,
  9.803921802644E-02);
#5195 = MECHANICAL_DESIGN_GEOMETRIC_PRESENTATION_REPRESENTATION('',(
    #5196),#165);
#5196 = STYLED_ITEM('color',(#5197),#72);
#5197 = PRESENTATION_STYLE_ASSIGNMENT((#5198,#5205));
#5198 = SURFACE_STYLE_USAGE(.BOTH.,#5199);
#5199 = SURFACE_SIDE_STYLE('',(#5200,#5203));
#5200 = SURFACE_STYLE_FILL_AREA(#5201);
#5201 = FILL_AREA_STYLE('',(#5202));
#5202 = FILL_AREA_STYLE_COLOUR('',#5189);
#5203 = SURFACE_STYLE_RENDERING_WITH_PROPERTIES(.NORMAL_SHADING.,#5189,(
    #5204));
#5204 = SURFACE_STYLE_TRANSPARENT(0.699999988079);
#5205 = CURVE_STYLE('',#5206,POSITIVE_LENGTH_MEASURE(0.1),#5194);
#5206 = DRAUGHTING_PRE_DEFINED_CURVE_FONT('continuous');
ENDSEC;
END-ISO-10303-21;
