ISO-10303-21;
HEADER;
FILE_DESCRIPTION(('FreeCAD Model'),'2;1');
FILE_NAME('Open CASCADE Shape Model','2025-09-15T15:55:19',(''),(''),
  'Open CASCADE STEP processor 7.8','FreeCAD','Unknown');
FILE_SCHEMA(('AUTOMOTIVE_DESIGN { 1 0 10303 214 1 1 1 1 }'));
ENDSEC;
DATA;
#1 = APPLICATION_PROTOCOL_DEFINITION('international standard',
  'automotive_design',2000,#2);
#2 = APPLICATION_CONTEXT(
  'core data for automotive mechanical design processes');
#3 = SHAPE_DEFINITION_REPRESENTATION(#4,#10);
#4 = PRODUCT_DEFINITION_SHAPE('','',#5);
#5 = PRODUCT_DEFINITION('design','',#6,#9);
#6 = PRODUCT_DEFINITION_FORMATION('','',#7);
#7 = PRODUCT('top-stick-right-print','top-stick-right-print','',(#8));
#8 = PRODUCT_CONTEXT('',#2,'mechanical');
#9 = PRODUCT_DEFINITION_CONTEXT('part definition',#2,'design');
#10 = SHAPE_REPRESENTATION('',(#11,#15),#19);
#11 = AXIS2_PLACEMENT_3D('',#12,#13,#14);
#12 = CARTESIAN_POINT('',(0.,0.,0.));
#13 = DIRECTION('',(0.,0.,1.));
#14 = DIRECTION('',(1.,0.,-0.));
#15 = AXIS2_PLACEMENT_3D('',#16,#17,#18);
#16 = CARTESIAN_POINT('',(0.,0.,0.));
#17 = DIRECTION('',(7.657137397854E-16,0.,-1.));
#18 = DIRECTION('',(-1.,0.,-7.657137397854E-16));
#19 = ( GEOMETRIC_REPRESENTATION_CONTEXT(3) 
GLOBAL_UNCERTAINTY_ASSIGNED_CONTEXT((#23)) GLOBAL_UNIT_ASSIGNED_CONTEXT(
(#20,#21,#22)) REPRESENTATION_CONTEXT('Context #1',
  '3D Context with UNIT and UNCERTAINTY') );
#20 = ( LENGTH_UNIT() NAMED_UNIT(*) SI_UNIT(.MILLI.,.METRE.) );
#21 = ( NAMED_UNIT(*) PLANE_ANGLE_UNIT() SI_UNIT($,.RADIAN.) );
#22 = ( NAMED_UNIT(*) SI_UNIT($,.STERADIAN.) SOLID_ANGLE_UNIT() );
#23 = UNCERTAINTY_MEASURE_WITH_UNIT(LENGTH_MEASURE(1.E-04),#20,
  'distance_accuracy_value','confusion accuracy');
#24 = PRODUCT_RELATED_PRODUCT_CATEGORY('part',$,(#7));
#25 = SHAPE_DEFINITION_REPRESENTATION(#26,#32);
#26 = PRODUCT_DEFINITION_SHAPE('','',#27);
#27 = PRODUCT_DEFINITION('design','',#28,#31);
#28 = PRODUCT_DEFINITION_FORMATION('','',#29);
#29 = PRODUCT('top-stick-right-print2','top-stick-right-print2','',(#30)
  );
#30 = PRODUCT_CONTEXT('',#2,'mechanical');
#31 = PRODUCT_DEFINITION_CONTEXT('part definition',#2,'design');
#32 = SHAPE_REPRESENTATION('',(#11,#33,#126,#219,#312,#405),#5596);
#33 = MANIFOLD_SOLID_BREP('',#34);
#34 = CLOSED_SHELL('',(#35,#63,#88,#108));
#35 = ADVANCED_FACE('',(#36,#47),#58,.T.);
#36 = FACE_BOUND('',#37,.T.);
#37 = EDGE_LOOP('',(#38));
#38 = ORIENTED_EDGE('',*,*,#39,.T.);
#39 = EDGE_CURVE('',#40,#40,#42,.T.);
#40 = VERTEX_POINT('',#41);
#41 = CARTESIAN_POINT('',(-12.51227766016,-37.5,9.));
#42 = CIRCLE('',#43,3.162277660168);
#43 = AXIS2_PLACEMENT_3D('',#44,#45,#46);
#44 = CARTESIAN_POINT('',(-9.35,-37.5,9.));
#45 = DIRECTION('',(-0.,4.4E-16,1.));
#46 = DIRECTION('',(-1.,-0.,-0.));
#47 = FACE_BOUND('',#48,.T.);
#48 = EDGE_LOOP('',(#49));
#49 = ORIENTED_EDGE('',*,*,#50,.F.);
#50 = EDGE_CURVE('',#51,#51,#53,.T.);
#51 = VERTEX_POINT('',#52);
#52 = CARTESIAN_POINT('',(-16.35,-37.5,9.));
#53 = CIRCLE('',#54,7.);
#54 = AXIS2_PLACEMENT_3D('',#55,#56,#57);
#55 = CARTESIAN_POINT('',(-9.35,-37.5,9.));
#56 = DIRECTION('',(-0.,4.4E-16,1.));
#57 = DIRECTION('',(-1.,-0.,-0.));
#58 = PLANE('',#59);
#59 = AXIS2_PLACEMENT_3D('',#60,#61,#62);
#60 = CARTESIAN_POINT('',(-9.35,-37.5,9.));
#61 = DIRECTION('',(-0.,-4.4E-16,-1.));
#62 = DIRECTION('',(1.,0.,0.));
#63 = ADVANCED_FACE('',(#64),#83,.T.);
#64 = FACE_BOUND('',#65,.F.);
#65 = EDGE_LOOP('',(#66,#75,#81,#82));
#66 = ORIENTED_EDGE('',*,*,#67,.T.);
#67 = EDGE_CURVE('',#68,#68,#70,.T.);
#68 = VERTEX_POINT('',#69);
#69 = CARTESIAN_POINT('',(-16.35,-37.5,10.));
#70 = CIRCLE('',#71,7.);
#71 = AXIS2_PLACEMENT_3D('',#72,#73,#74);
#72 = CARTESIAN_POINT('',(-9.35,-37.5,10.));
#73 = DIRECTION('',(-0.,4.4E-16,1.));
#74 = DIRECTION('',(-1.,-0.,-0.));
#75 = ORIENTED_EDGE('',*,*,#76,.T.);
#76 = EDGE_CURVE('',#68,#51,#77,.T.);
#77 = LINE('',#78,#79);
#78 = CARTESIAN_POINT('',(-16.35,-37.5,10.));
#79 = VECTOR('',#80,1.);
#80 = DIRECTION('',(-0.,-0.,-1.));
#81 = ORIENTED_EDGE('',*,*,#50,.F.);
#82 = ORIENTED_EDGE('',*,*,#76,.F.);
#83 = CYLINDRICAL_SURFACE('',#84,7.);
#84 = AXIS2_PLACEMENT_3D('',#85,#86,#87);
#85 = CARTESIAN_POINT('',(-9.35,-37.5,10.));
#86 = DIRECTION('',(-0.,-4.4E-16,-1.));
#87 = DIRECTION('',(-1.,-0.,-0.));
#88 = ADVANCED_FACE('',(#89,#92),#103,.F.);
#89 = FACE_BOUND('',#90,.T.);
#90 = EDGE_LOOP('',(#91));
#91 = ORIENTED_EDGE('',*,*,#67,.T.);
#92 = FACE_BOUND('',#93,.T.);
#93 = EDGE_LOOP('',(#94));
#94 = ORIENTED_EDGE('',*,*,#95,.F.);
#95 = EDGE_CURVE('',#96,#96,#98,.T.);
#96 = VERTEX_POINT('',#97);
#97 = CARTESIAN_POINT('',(-11.79948974278,-37.5,10.));
#98 = CIRCLE('',#99,2.449489742783);
#99 = AXIS2_PLACEMENT_3D('',#100,#101,#102);
#100 = CARTESIAN_POINT('',(-9.35,-37.5,10.));
#101 = DIRECTION('',(-0.,4.4E-16,1.));
#102 = DIRECTION('',(-1.,-0.,-0.));
#103 = PLANE('',#104);
#104 = AXIS2_PLACEMENT_3D('',#105,#106,#107);
#105 = CARTESIAN_POINT('',(-9.35,-37.5,10.));
#106 = DIRECTION('',(-0.,-4.4E-16,-1.));
#107 = DIRECTION('',(1.,0.,0.));
#108 = ADVANCED_FACE('',(#109),#121,.F.);
#109 = FACE_BOUND('',#110,.F.);
#110 = EDGE_LOOP('',(#111,#112,#119,#120));
#111 = ORIENTED_EDGE('',*,*,#39,.T.);
#112 = ORIENTED_EDGE('',*,*,#113,.T.);
#113 = EDGE_CURVE('',#40,#96,#114,.T.);
#114 = CIRCLE('',#115,3.5);
#115 = AXIS2_PLACEMENT_3D('',#116,#117,#118);
#116 = CARTESIAN_POINT('',(-9.35,-37.5,7.5));
#117 = DIRECTION('',(0.,1.,0.));
#118 = DIRECTION('',(-1.,-0.,-0.));
#119 = ORIENTED_EDGE('',*,*,#95,.F.);
#120 = ORIENTED_EDGE('',*,*,#113,.F.);
#121 = SPHERICAL_SURFACE('',#122,3.5);
#122 = AXIS2_PLACEMENT_3D('',#123,#124,#125);
#123 = CARTESIAN_POINT('',(-9.35,-37.5,7.5));
#124 = DIRECTION('',(0.,4.4E-16,1.));
#125 = DIRECTION('',(-1.,-0.,-0.));
#126 = MANIFOLD_SOLID_BREP('',#127);
#127 = CLOSED_SHELL('',(#128,#156,#181,#201));
#128 = ADVANCED_FACE('',(#129,#140),#151,.T.);
#129 = FACE_BOUND('',#130,.T.);
#130 = EDGE_LOOP('',(#131));
#131 = ORIENTED_EDGE('',*,*,#132,.T.);
#132 = EDGE_CURVE('',#133,#133,#135,.T.);
#133 = VERTEX_POINT('',#134);
#134 = CARTESIAN_POINT('',(-34.95627766016,-18.09,9.));
#135 = CIRCLE('',#136,3.162277660168);
#136 = AXIS2_PLACEMENT_3D('',#137,#138,#139);
#137 = CARTESIAN_POINT('',(-31.794,-18.09,9.));
#138 = DIRECTION('',(-0.,4.4E-16,1.));
#139 = DIRECTION('',(-1.,-0.,-0.));
#140 = FACE_BOUND('',#141,.T.);
#141 = EDGE_LOOP('',(#142));
#142 = ORIENTED_EDGE('',*,*,#143,.F.);
#143 = EDGE_CURVE('',#144,#144,#146,.T.);
#144 = VERTEX_POINT('',#145);
#145 = CARTESIAN_POINT('',(-38.794,-18.09,9.));
#146 = CIRCLE('',#147,7.);
#147 = AXIS2_PLACEMENT_3D('',#148,#149,#150);
#148 = CARTESIAN_POINT('',(-31.794,-18.09,9.));
#149 = DIRECTION('',(-0.,4.4E-16,1.));
#150 = DIRECTION('',(-1.,-0.,-0.));
#151 = PLANE('',#152);
#152 = AXIS2_PLACEMENT_3D('',#153,#154,#155);
#153 = CARTESIAN_POINT('',(-31.794,-18.09,9.));
#154 = DIRECTION('',(-0.,-4.4E-16,-1.));
#155 = DIRECTION('',(1.,0.,0.));
#156 = ADVANCED_FACE('',(#157),#176,.T.);
#157 = FACE_BOUND('',#158,.F.);
#158 = EDGE_LOOP('',(#159,#168,#174,#175));
#159 = ORIENTED_EDGE('',*,*,#160,.T.);
#160 = EDGE_CURVE('',#161,#161,#163,.T.);
#161 = VERTEX_POINT('',#162);
#162 = CARTESIAN_POINT('',(-38.794,-18.09,10.));
#163 = CIRCLE('',#164,7.);
#164 = AXIS2_PLACEMENT_3D('',#165,#166,#167);
#165 = CARTESIAN_POINT('',(-31.794,-18.09,10.));
#166 = DIRECTION('',(-0.,4.4E-16,1.));
#167 = DIRECTION('',(-1.,-0.,-0.));
#168 = ORIENTED_EDGE('',*,*,#169,.T.);
#169 = EDGE_CURVE('',#161,#144,#170,.T.);
#170 = LINE('',#171,#172);
#171 = CARTESIAN_POINT('',(-38.794,-18.09,10.));
#172 = VECTOR('',#173,1.);
#173 = DIRECTION('',(-0.,-0.,-1.));
#174 = ORIENTED_EDGE('',*,*,#143,.F.);
#175 = ORIENTED_EDGE('',*,*,#169,.F.);
#176 = CYLINDRICAL_SURFACE('',#177,7.);
#177 = AXIS2_PLACEMENT_3D('',#178,#179,#180);
#178 = CARTESIAN_POINT('',(-31.794,-18.09,10.));
#179 = DIRECTION('',(-0.,-4.4E-16,-1.));
#180 = DIRECTION('',(-1.,-0.,-0.));
#181 = ADVANCED_FACE('',(#182,#185),#196,.F.);
#182 = FACE_BOUND('',#183,.T.);
#183 = EDGE_LOOP('',(#184));
#184 = ORIENTED_EDGE('',*,*,#160,.T.);
#185 = FACE_BOUND('',#186,.T.);
#186 = EDGE_LOOP('',(#187));
#187 = ORIENTED_EDGE('',*,*,#188,.F.);
#188 = EDGE_CURVE('',#189,#189,#191,.T.);
#189 = VERTEX_POINT('',#190);
#190 = CARTESIAN_POINT('',(-34.24348974278,-18.09,10.));
#191 = CIRCLE('',#192,2.449489742783);
#192 = AXIS2_PLACEMENT_3D('',#193,#194,#195);
#193 = CARTESIAN_POINT('',(-31.794,-18.09,10.));
#194 = DIRECTION('',(-0.,4.4E-16,1.));
#195 = DIRECTION('',(-1.,-0.,-0.));
#196 = PLANE('',#197);
#197 = AXIS2_PLACEMENT_3D('',#198,#199,#200);
#198 = CARTESIAN_POINT('',(-31.794,-18.09,10.));
#199 = DIRECTION('',(-0.,-4.4E-16,-1.));
#200 = DIRECTION('',(1.,0.,0.));
#201 = ADVANCED_FACE('',(#202),#214,.F.);
#202 = FACE_BOUND('',#203,.F.);
#203 = EDGE_LOOP('',(#204,#205,#212,#213));
#204 = ORIENTED_EDGE('',*,*,#132,.T.);
#205 = ORIENTED_EDGE('',*,*,#206,.T.);
#206 = EDGE_CURVE('',#133,#189,#207,.T.);
#207 = CIRCLE('',#208,3.5);
#208 = AXIS2_PLACEMENT_3D('',#209,#210,#211);
#209 = CARTESIAN_POINT('',(-31.794,-18.09,7.5));
#210 = DIRECTION('',(0.,1.,0.));
#211 = DIRECTION('',(-1.,-0.,-0.));
#212 = ORIENTED_EDGE('',*,*,#188,.F.);
#213 = ORIENTED_EDGE('',*,*,#206,.F.);
#214 = SPHERICAL_SURFACE('',#215,3.5);
#215 = AXIS2_PLACEMENT_3D('',#216,#217,#218);
#216 = CARTESIAN_POINT('',(-31.794,-18.09,7.5));
#217 = DIRECTION('',(0.,4.4E-16,1.));
#218 = DIRECTION('',(-1.,-0.,-0.));
#219 = MANIFOLD_SOLID_BREP('',#220);
#220 = CLOSED_SHELL('',(#221,#249,#274,#294));
#221 = ADVANCED_FACE('',(#222,#233),#244,.T.);
#222 = FACE_BOUND('',#223,.T.);
#223 = EDGE_LOOP('',(#224));
#224 = ORIENTED_EDGE('',*,*,#225,.T.);
#225 = EDGE_CURVE('',#226,#226,#228,.T.);
#226 = VERTEX_POINT('',#227);
#227 = CARTESIAN_POINT('',(-56.01226850489,-15.09,9.));
#228 = CIRCLE('',#229,3.162277660168);
#229 = AXIS2_PLACEMENT_3D('',#230,#231,#232);
#230 = CARTESIAN_POINT('',(-52.84999084472,-15.09,9.));
#231 = DIRECTION('',(-0.,4.4E-16,1.));
#232 = DIRECTION('',(-1.,-0.,-0.));
#233 = FACE_BOUND('',#234,.T.);
#234 = EDGE_LOOP('',(#235));
#235 = ORIENTED_EDGE('',*,*,#236,.F.);
#236 = EDGE_CURVE('',#237,#237,#239,.T.);
#237 = VERTEX_POINT('',#238);
#238 = CARTESIAN_POINT('',(-59.84999084472,-15.09,9.));
#239 = CIRCLE('',#240,7.);
#240 = AXIS2_PLACEMENT_3D('',#241,#242,#243);
#241 = CARTESIAN_POINT('',(-52.84999084472,-15.09,9.));
#242 = DIRECTION('',(-0.,4.4E-16,1.));
#243 = DIRECTION('',(-1.,-0.,-0.));
#244 = PLANE('',#245);
#245 = AXIS2_PLACEMENT_3D('',#246,#247,#248);
#246 = CARTESIAN_POINT('',(-52.84999084472,-15.09,9.));
#247 = DIRECTION('',(-0.,-4.4E-16,-1.));
#248 = DIRECTION('',(1.,0.,0.));
#249 = ADVANCED_FACE('',(#250),#269,.T.);
#250 = FACE_BOUND('',#251,.F.);
#251 = EDGE_LOOP('',(#252,#261,#267,#268));
#252 = ORIENTED_EDGE('',*,*,#253,.T.);
#253 = EDGE_CURVE('',#254,#254,#256,.T.);
#254 = VERTEX_POINT('',#255);
#255 = CARTESIAN_POINT('',(-59.84999084472,-15.09,10.));
#256 = CIRCLE('',#257,7.);
#257 = AXIS2_PLACEMENT_3D('',#258,#259,#260);
#258 = CARTESIAN_POINT('',(-52.84999084472,-15.09,10.));
#259 = DIRECTION('',(-0.,4.4E-16,1.));
#260 = DIRECTION('',(-1.,-0.,-0.));
#261 = ORIENTED_EDGE('',*,*,#262,.T.);
#262 = EDGE_CURVE('',#254,#237,#263,.T.);
#263 = LINE('',#264,#265);
#264 = CARTESIAN_POINT('',(-59.84999084472,-15.09,10.));
#265 = VECTOR('',#266,1.);
#266 = DIRECTION('',(-0.,-0.,-1.));
#267 = ORIENTED_EDGE('',*,*,#236,.F.);
#268 = ORIENTED_EDGE('',*,*,#262,.F.);
#269 = CYLINDRICAL_SURFACE('',#270,7.);
#270 = AXIS2_PLACEMENT_3D('',#271,#272,#273);
#271 = CARTESIAN_POINT('',(-52.84999084472,-15.09,10.));
#272 = DIRECTION('',(-0.,-4.4E-16,-1.));
#273 = DIRECTION('',(-1.,-0.,-0.));
#274 = ADVANCED_FACE('',(#275,#278),#289,.F.);
#275 = FACE_BOUND('',#276,.T.);
#276 = EDGE_LOOP('',(#277));
#277 = ORIENTED_EDGE('',*,*,#253,.T.);
#278 = FACE_BOUND('',#279,.T.);
#279 = EDGE_LOOP('',(#280));
#280 = ORIENTED_EDGE('',*,*,#281,.F.);
#281 = EDGE_CURVE('',#282,#282,#284,.T.);
#282 = VERTEX_POINT('',#283);
#283 = CARTESIAN_POINT('',(-55.29948058751,-15.09,10.));
#284 = CIRCLE('',#285,2.449489742783);
#285 = AXIS2_PLACEMENT_3D('',#286,#287,#288);
#286 = CARTESIAN_POINT('',(-52.84999084472,-15.09,10.));
#287 = DIRECTION('',(-0.,4.4E-16,1.));
#288 = DIRECTION('',(-1.,-0.,-0.));
#289 = PLANE('',#290);
#290 = AXIS2_PLACEMENT_3D('',#291,#292,#293);
#291 = CARTESIAN_POINT('',(-52.84999084472,-15.09,10.));
#292 = DIRECTION('',(-0.,-4.4E-16,-1.));
#293 = DIRECTION('',(1.,0.,0.));
#294 = ADVANCED_FACE('',(#295),#307,.F.);
#295 = FACE_BOUND('',#296,.F.);
#296 = EDGE_LOOP('',(#297,#298,#305,#306));
#297 = ORIENTED_EDGE('',*,*,#225,.T.);
#298 = ORIENTED_EDGE('',*,*,#299,.T.);
#299 = EDGE_CURVE('',#226,#282,#300,.T.);
#300 = CIRCLE('',#301,3.5);
#301 = AXIS2_PLACEMENT_3D('',#302,#303,#304);
#302 = CARTESIAN_POINT('',(-52.84999084472,-15.09,7.5));
#303 = DIRECTION('',(0.,1.,0.));
#304 = DIRECTION('',(-1.,-0.,-0.));
#305 = ORIENTED_EDGE('',*,*,#281,.F.);
#306 = ORIENTED_EDGE('',*,*,#299,.F.);
#307 = SPHERICAL_SURFACE('',#308,3.5);
#308 = AXIS2_PLACEMENT_3D('',#309,#310,#311);
#309 = CARTESIAN_POINT('',(-52.84999084472,-15.09,7.5));
#310 = DIRECTION('',(0.,4.4E-16,1.));
#311 = DIRECTION('',(-1.,-0.,-0.));
#312 = MANIFOLD_SOLID_BREP('',#313);
#313 = CLOSED_SHELL('',(#314,#342,#367,#387));
#314 = ADVANCED_FACE('',(#315,#326),#337,.T.);
#315 = FACE_BOUND('',#316,.T.);
#316 = EDGE_LOOP('',(#317));
#317 = ORIENTED_EDGE('',*,*,#318,.T.);
#318 = EDGE_CURVE('',#319,#319,#321,.T.);
#319 = VERTEX_POINT('',#320);
#320 = CARTESIAN_POINT('',(-76.91227766016,-24.42,9.));
#321 = CIRCLE('',#322,3.162277660168);
#322 = AXIS2_PLACEMENT_3D('',#323,#324,#325);
#323 = CARTESIAN_POINT('',(-73.75,-24.42,9.));
#324 = DIRECTION('',(-0.,4.4E-16,1.));
#325 = DIRECTION('',(-1.,-0.,-0.));
#326 = FACE_BOUND('',#327,.T.);
#327 = EDGE_LOOP('',(#328));
#328 = ORIENTED_EDGE('',*,*,#329,.F.);
#329 = EDGE_CURVE('',#330,#330,#332,.T.);
#330 = VERTEX_POINT('',#331);
#331 = CARTESIAN_POINT('',(-80.75,-24.42,9.));
#332 = CIRCLE('',#333,7.);
#333 = AXIS2_PLACEMENT_3D('',#334,#335,#336);
#334 = CARTESIAN_POINT('',(-73.75,-24.42,9.));
#335 = DIRECTION('',(-0.,4.4E-16,1.));
#336 = DIRECTION('',(-1.,-0.,-0.));
#337 = PLANE('',#338);
#338 = AXIS2_PLACEMENT_3D('',#339,#340,#341);
#339 = CARTESIAN_POINT('',(-73.75,-24.42,9.));
#340 = DIRECTION('',(-0.,-4.4E-16,-1.));
#341 = DIRECTION('',(1.,0.,0.));
#342 = ADVANCED_FACE('',(#343),#362,.T.);
#343 = FACE_BOUND('',#344,.F.);
#344 = EDGE_LOOP('',(#345,#354,#360,#361));
#345 = ORIENTED_EDGE('',*,*,#346,.T.);
#346 = EDGE_CURVE('',#347,#347,#349,.T.);
#347 = VERTEX_POINT('',#348);
#348 = CARTESIAN_POINT('',(-80.75,-24.42,10.));
#349 = CIRCLE('',#350,7.);
#350 = AXIS2_PLACEMENT_3D('',#351,#352,#353);
#351 = CARTESIAN_POINT('',(-73.75,-24.42,10.));
#352 = DIRECTION('',(-0.,4.4E-16,1.));
#353 = DIRECTION('',(-1.,-0.,-0.));
#354 = ORIENTED_EDGE('',*,*,#355,.T.);
#355 = EDGE_CURVE('',#347,#330,#356,.T.);
#356 = LINE('',#357,#358);
#357 = CARTESIAN_POINT('',(-80.75,-24.42,10.));
#358 = VECTOR('',#359,1.);
#359 = DIRECTION('',(-0.,-0.,-1.));
#360 = ORIENTED_EDGE('',*,*,#329,.F.);
#361 = ORIENTED_EDGE('',*,*,#355,.F.);
#362 = CYLINDRICAL_SURFACE('',#363,7.);
#363 = AXIS2_PLACEMENT_3D('',#364,#365,#366);
#364 = CARTESIAN_POINT('',(-73.75,-24.42,10.));
#365 = DIRECTION('',(-0.,-4.4E-16,-1.));
#366 = DIRECTION('',(-1.,-0.,-0.));
#367 = ADVANCED_FACE('',(#368,#371),#382,.F.);
#368 = FACE_BOUND('',#369,.T.);
#369 = EDGE_LOOP('',(#370));
#370 = ORIENTED_EDGE('',*,*,#346,.T.);
#371 = FACE_BOUND('',#372,.T.);
#372 = EDGE_LOOP('',(#373));
#373 = ORIENTED_EDGE('',*,*,#374,.F.);
#374 = EDGE_CURVE('',#375,#375,#377,.T.);
#375 = VERTEX_POINT('',#376);
#376 = CARTESIAN_POINT('',(-76.19948974278,-24.42,10.));
#377 = CIRCLE('',#378,2.449489742783);
#378 = AXIS2_PLACEMENT_3D('',#379,#380,#381);
#379 = CARTESIAN_POINT('',(-73.75,-24.42,10.));
#380 = DIRECTION('',(-0.,4.4E-16,1.));
#381 = DIRECTION('',(-1.,-0.,-0.));
#382 = PLANE('',#383);
#383 = AXIS2_PLACEMENT_3D('',#384,#385,#386);
#384 = CARTESIAN_POINT('',(-73.75,-24.42,10.));
#385 = DIRECTION('',(-0.,-4.4E-16,-1.));
#386 = DIRECTION('',(1.,0.,0.));
#387 = ADVANCED_FACE('',(#388),#400,.F.);
#388 = FACE_BOUND('',#389,.F.);
#389 = EDGE_LOOP('',(#390,#391,#398,#399));
#390 = ORIENTED_EDGE('',*,*,#318,.T.);
#391 = ORIENTED_EDGE('',*,*,#392,.T.);
#392 = EDGE_CURVE('',#319,#375,#393,.T.);
#393 = CIRCLE('',#394,3.5);
#394 = AXIS2_PLACEMENT_3D('',#395,#396,#397);
#395 = CARTESIAN_POINT('',(-73.75,-24.42,7.5));
#396 = DIRECTION('',(0.,1.,0.));
#397 = DIRECTION('',(-1.,-0.,-0.));
#398 = ORIENTED_EDGE('',*,*,#374,.F.);
#399 = ORIENTED_EDGE('',*,*,#392,.F.);
#400 = SPHERICAL_SURFACE('',#401,3.5);
#401 = AXIS2_PLACEMENT_3D('',#402,#403,#404);
#402 = CARTESIAN_POINT('',(-73.75,-24.42,7.5));
#403 = DIRECTION('',(0.,4.4E-16,1.));
#404 = DIRECTION('',(-1.,-0.,-0.));
#405 = MANIFOLD_SOLID_BREP('',#406);
#406 = CLOSED_SHELL('',(#407,#692,#718,#751,#776,#801,#826,#864,#902,
    #927,#952,#990,#1028,#1053,#1078,#1116,#1154,#1179,#1204,#1242,#1280
    ,#1305,#1330,#1368,#1406,#1431,#1456,#1486,#1511,#1536,#1561,#1586,
    #1612,#1637,#1768,#1792,#1816,#1840,#1865,#1890,#1914,#1938,#1963,
    #1988,#2012,#2036,#2061,#2086,#2110,#2134,#2159,#2184,#2208,#2232,
    #2278,#2303,#2461,#2485,#2503,#2873,#2890,#3070,#3095,#3121,#3146,
    #3172,#3442,#3467,#3492,#3533,#3559,#3584,#3609,#3627,#3651,#3701,
    #3726,#3752,#3777,#3803,#3829,#3854,#3879,#3920,#3946,#3971,#3996,
    #4022,#4107,#4132,#4157,#4175,#4197,#4214,#4231,#4248,#4273,#4290,
    #4339,#4356,#4373,#4390,#4407,#4424,#4441,#4458,#4557,#4574,#4591,
    #4608,#4625,#4642,#4659,#4758,#4775,#4792,#4809,#4826,#4843,#4860,
    #4877,#4894,#4911,#4928,#4945,#4962,#4979,#4996,#5013,#5030,#5047,
    #5059,#5076,#5093,#5118,#5135,#5152,#5169,#5186,#5203,#5228,#5253,
    #5265,#5282,#5299,#5316,#5328,#5346,#5363,#5380,#5397,#5409,#5426,
    #5443,#5460,#5472,#5489,#5506,#5531,#5548,#5560,#5569,#5578,#5587));
#407 = ADVANCED_FACE('',(#408,#419,#632,#643,#654,#665,#676),#687,.T.);
#408 = FACE_BOUND('',#409,.F.);
#409 = EDGE_LOOP('',(#410));
#410 = ORIENTED_EDGE('',*,*,#411,.F.);
#411 = EDGE_CURVE('',#412,#412,#414,.T.);
#412 = VERTEX_POINT('',#413);
#413 = CARTESIAN_POINT('',(-18.899926,-1.519071,10.003));
#414 = CIRCLE('',#415,1.7);
#415 = AXIS2_PLACEMENT_3D('',#416,#417,#418);
#416 = CARTESIAN_POINT('',(-17.199926,-1.519071,10.003));
#417 = DIRECTION('',(0.,0.,-1.));
#418 = DIRECTION('',(-1.,1.7080354225E-16,0.));
#419 = FACE_BOUND('',#420,.F.);
#420 = EDGE_LOOP('',(#421,#431,#439,#448,#456,#465,#473,#482,#490,#499,
    #507,#516,#524,#533,#541,#550,#558,#567,#575,#584,#592,#601,#609,
    #618,#626));
#421 = ORIENTED_EDGE('',*,*,#422,.T.);
#422 = EDGE_CURVE('',#423,#425,#427,.T.);
#423 = VERTEX_POINT('',#424);
#424 = CARTESIAN_POINT('',(-21.83149490385,-33.2,10.003));
#425 = VERTEX_POINT('',#426);
#426 = CARTESIAN_POINT('',(-65.91003199181,-33.2,10.003));
#427 = LINE('',#428,#429);
#428 = CARTESIAN_POINT('',(-22.64644394242,-33.2,10.003));
#429 = VECTOR('',#430,1.);
#430 = DIRECTION('',(-1.,-0.,-0.));
#431 = ORIENTED_EDGE('',*,*,#432,.T.);
#432 = EDGE_CURVE('',#425,#433,#435,.T.);
#433 = VERTEX_POINT('',#434);
#434 = CARTESIAN_POINT('',(-70.54003071934,-39.3700409482,10.003));
#435 = LINE('',#436,#437);
#436 = CARTESIAN_POINT('',(-66.51004471647,-33.99959051794,10.003));
#437 = VECTOR('',#438,1.);
#438 = DIRECTION('',(-0.600204741026,-0.799846403286,-0.));
#439 = ORIENTED_EDGE('',*,*,#440,.T.);
#440 = EDGE_CURVE('',#433,#441,#443,.T.);
#441 = VERTEX_POINT('',#442);
#442 = CARTESIAN_POINT('',(-70.7,-39.45,10.003));
#443 = CIRCLE('',#444,0.2);
#444 = AXIS2_PLACEMENT_3D('',#445,#446,#447);
#445 = CARTESIAN_POINT('',(-70.7,-39.25,10.003));
#446 = DIRECTION('',(0.,0.,-1.));
#447 = DIRECTION('',(0.799846403286,-0.600204741026,0.));
#448 = ORIENTED_EDGE('',*,*,#449,.T.);
#449 = EDGE_CURVE('',#441,#450,#452,.T.);
#450 = VERTEX_POINT('',#451);
#451 = CARTESIAN_POINT('',(-76.9,-39.45,10.003));
#452 = LINE('',#453,#454);
#453 = CARTESIAN_POINT('',(-70.7,-39.45,10.003));
#454 = VECTOR('',#455,1.);
#455 = DIRECTION('',(-1.,-0.,-0.));
#456 = ORIENTED_EDGE('',*,*,#457,.T.);
#457 = EDGE_CURVE('',#450,#458,#460,.T.);
#458 = VERTEX_POINT('',#459);
#459 = CARTESIAN_POINT('',(-77.04355268679,-39.38925740955,10.003));
#460 = CIRCLE('',#461,0.2);
#461 = AXIS2_PLACEMENT_3D('',#462,#463,#464);
#462 = CARTESIAN_POINT('',(-76.9,-39.25,10.003));
#463 = DIRECTION('',(0.,0.,-1.));
#464 = DIRECTION('',(-0.,-1.,-0.));
#465 = ORIENTED_EDGE('',*,*,#466,.T.);
#466 = EDGE_CURVE('',#458,#467,#469,.T.);
#467 = VERTEX_POINT('',#468);
#468 = CARTESIAN_POINT('',(-83.20355268679,-33.03925740955,10.003));
#469 = LINE('',#470,#471);
#470 = CARTESIAN_POINT('',(-77.04355268679,-39.38925740955,10.003));
#471 = VECTOR('',#472,1.);
#472 = DIRECTION('',(-0.69628704775,0.717763433963,0.));
#473 = ORIENTED_EDGE('',*,*,#474,.T.);
#474 = EDGE_CURVE('',#467,#475,#477,.T.);
#475 = VERTEX_POINT('',#476);
#476 = CARTESIAN_POINT('',(-83.26,-32.9,10.003));
#477 = CIRCLE('',#478,0.2);
#478 = AXIS2_PLACEMENT_3D('',#479,#480,#481);
#479 = CARTESIAN_POINT('',(-83.06,-32.9,10.003));
#480 = DIRECTION('',(0.,0.,-1.));
#481 = DIRECTION('',(-0.717763433963,-0.69628704775,-0.));
#482 = ORIENTED_EDGE('',*,*,#483,.T.);
#483 = EDGE_CURVE('',#475,#484,#486,.T.);
#484 = VERTEX_POINT('',#485);
#485 = CARTESIAN_POINT('',(-83.26,-14.5,10.003));
#486 = LINE('',#487,#488);
#487 = CARTESIAN_POINT('',(-83.26,-32.9,10.003));
#488 = VECTOR('',#489,1.);
#489 = DIRECTION('',(0.,1.,0.));
#490 = ORIENTED_EDGE('',*,*,#491,.T.);
#491 = EDGE_CURVE('',#484,#492,#494,.T.);
#492 = VERTEX_POINT('',#493);
#493 = CARTESIAN_POINT('',(-83.22432412194,-14.38599305746,10.003));
#494 = CIRCLE('',#495,0.2);
#495 = AXIS2_PLACEMENT_3D('',#496,#497,#498);
#496 = CARTESIAN_POINT('',(-83.06,-14.5,10.003));
#497 = DIRECTION('',(0.,0.,-1.));
#498 = DIRECTION('',(-1.,-0.,-0.));
#499 = ORIENTED_EDGE('',*,*,#500,.T.);
#500 = EDGE_CURVE('',#492,#501,#503,.T.);
#501 = VERTEX_POINT('',#502);
#502 = CARTESIAN_POINT('',(-73.16432412194,0.114006942537,10.003));
#503 = LINE('',#504,#505);
#504 = CARTESIAN_POINT('',(-83.22432412194,-14.38599305746,10.003));
#505 = VECTOR('',#506,1.);
#506 = DIRECTION('',(0.570034712683,0.821620609732,0.));
#507 = ORIENTED_EDGE('',*,*,#508,.T.);
#508 = EDGE_CURVE('',#501,#509,#511,.T.);
#509 = VERTEX_POINT('',#510);
#510 = CARTESIAN_POINT('',(-73.,0.2,10.003));
#511 = CIRCLE('',#512,0.2);
#512 = AXIS2_PLACEMENT_3D('',#513,#514,#515);
#513 = CARTESIAN_POINT('',(-73.,0.,10.003));
#514 = DIRECTION('',(0.,0.,-1.));
#515 = DIRECTION('',(-0.821620609732,0.570034712683,0.));
#516 = ORIENTED_EDGE('',*,*,#517,.T.);
#517 = EDGE_CURVE('',#509,#518,#520,.T.);
#518 = VERTEX_POINT('',#519);
#519 = CARTESIAN_POINT('',(-1.7,0.2,10.003));
#520 = LINE('',#521,#522);
#521 = CARTESIAN_POINT('',(-73.,0.2,10.003));
#522 = VECTOR('',#523,1.);
#523 = DIRECTION('',(1.,0.,0.));
#524 = ORIENTED_EDGE('',*,*,#525,.T.);
#525 = EDGE_CURVE('',#518,#526,#528,.T.);
#526 = VERTEX_POINT('',#527);
#527 = CARTESIAN_POINT('',(-1.549245454018,0.131427040086,10.003));
#528 = CIRCLE('',#529,0.2);
#529 = AXIS2_PLACEMENT_3D('',#530,#531,#532);
#530 = CARTESIAN_POINT('',(-1.7,0.,10.003));
#531 = DIRECTION('',(0.,0.,-1.));
#532 = DIRECTION('',(0.,1.,0.));
#533 = ORIENTED_EDGE('',*,*,#534,.T.);
#534 = EDGE_CURVE('',#526,#535,#537,.T.);
#535 = VERTEX_POINT('',#536);
#536 = CARTESIAN_POINT('',(0.150754545982,-1.818572959914,10.003));
#537 = LINE('',#538,#539);
#538 = CARTESIAN_POINT('',(-1.549245454018,0.131427040086,10.003));
#539 = VECTOR('',#540,1.);
#540 = DIRECTION('',(0.657135200432,-0.753772729908,0.));
#541 = ORIENTED_EDGE('',*,*,#542,.T.);
#542 = EDGE_CURVE('',#535,#543,#545,.T.);
#543 = VERTEX_POINT('',#544);
#544 = CARTESIAN_POINT('',(0.2,-1.95,10.003));
#545 = CIRCLE('',#546,0.2);
#546 = AXIS2_PLACEMENT_3D('',#547,#548,#549);
#547 = CARTESIAN_POINT('',(0.,-1.95,10.003));
#548 = DIRECTION('',(0.,0.,-1.));
#549 = DIRECTION('',(0.753772729908,0.657135200432,0.));
#550 = ORIENTED_EDGE('',*,*,#551,.T.);
#551 = EDGE_CURVE('',#543,#552,#554,.T.);
#552 = VERTEX_POINT('',#553);
#553 = CARTESIAN_POINT('',(0.2,-46.05,10.003));
#554 = LINE('',#555,#556);
#555 = CARTESIAN_POINT('',(0.2,-1.95,10.003));
#556 = VECTOR('',#557,1.);
#557 = DIRECTION('',(-0.,-1.,-0.));
#558 = ORIENTED_EDGE('',*,*,#559,.T.);
#559 = EDGE_CURVE('',#552,#560,#562,.T.);
#560 = VERTEX_POINT('',#561);
#561 = CARTESIAN_POINT('',(0.141992748637,-46.19084764582,10.003));
#562 = CIRCLE('',#563,0.2);
#563 = AXIS2_PLACEMENT_3D('',#564,#565,#566);
#564 = CARTESIAN_POINT('',(0.,-46.05,10.003));
#565 = DIRECTION('',(0.,0.,-1.));
#566 = DIRECTION('',(1.,0.,0.));
#567 = ORIENTED_EDGE('',*,*,#568,.T.);
#568 = EDGE_CURVE('',#560,#569,#571,.T.);
#569 = VERTEX_POINT('',#570);
#570 = CARTESIAN_POINT('',(-6.008007251363,-52.39084764582,10.003));
#571 = LINE('',#572,#573);
#572 = CARTESIAN_POINT('',(0.141992748637,-46.19084764582,10.003));
#573 = VECTOR('',#574,1.);
#574 = DIRECTION('',(-0.704238229127,-0.709963743185,-0.));
#575 = ORIENTED_EDGE('',*,*,#576,.T.);
#576 = EDGE_CURVE('',#569,#577,#579,.T.);
#577 = VERTEX_POINT('',#578);
#578 = CARTESIAN_POINT('',(-6.149996062992,-52.44999999996,10.003));
#579 = CIRCLE('',#580,0.2);
#580 = AXIS2_PLACEMENT_3D('',#581,#582,#583);
#581 = CARTESIAN_POINT('',(-6.15,-52.25,10.003));
#582 = DIRECTION('',(0.,0.,-1.));
#583 = DIRECTION('',(0.709963743185,-0.704238229127,0.));
#584 = ORIENTED_EDGE('',*,*,#585,.T.);
#585 = EDGE_CURVE('',#577,#586,#588,.T.);
#586 = VERTEX_POINT('',#587);
#587 = CARTESIAN_POINT('',(-12.49999606299,-52.45012499996,10.003));
#588 = LINE('',#589,#590);
#589 = CARTESIAN_POINT('',(-6.149996062992,-52.44999999996,10.003));
#590 = VECTOR('',#591,1.);
#591 = DIRECTION('',(-0.999999999806,-1.96850393658E-05,-0.));
#592 = ORIENTED_EDGE('',*,*,#593,.T.);
#593 = EDGE_CURVE('',#586,#594,#596,.T.);
#594 = VERTEX_POINT('',#595);
#595 = CARTESIAN_POINT('',(-12.64165106213,-52.39131627662,10.003));
#596 = CIRCLE('',#597,0.2);
#597 = AXIS2_PLACEMENT_3D('',#598,#599,#600);
#598 = CARTESIAN_POINT('',(-12.5,-52.250125,10.003));
#599 = DIRECTION('',(0.,0.,-1.));
#600 = DIRECTION('',(1.968503936502E-05,-0.999999999806,0.));
#601 = ORIENTED_EDGE('',*,*,#602,.T.);
#602 = EDGE_CURVE('',#594,#603,#605,.T.);
#603 = VERTEX_POINT('',#604);
#604 = CARTESIAN_POINT('',(-18.82165106213,-46.19119127662,10.003));
#605 = LINE('',#606,#607);
#606 = CARTESIAN_POINT('',(-12.64165106213,-52.39131627662,10.003));
#607 = VECTOR('',#608,1.);
#608 = DIRECTION('',(-0.705956383138,0.70825531068,0.));
#609 = ORIENTED_EDGE('',*,*,#610,.T.);
#610 = EDGE_CURVE('',#603,#611,#613,.T.);
#611 = VERTEX_POINT('',#612);
#612 = CARTESIAN_POINT('',(-18.88,-46.05,10.003));
#613 = CIRCLE('',#614,0.2);
#614 = AXIS2_PLACEMENT_3D('',#615,#616,#617);
#615 = CARTESIAN_POINT('',(-18.68,-46.05,10.003));
#616 = DIRECTION('',(0.,0.,-1.));
#617 = DIRECTION('',(-0.70825531068,-0.705956383138,-0.));
#618 = ORIENTED_EDGE('',*,*,#619,.T.);
#619 = EDGE_CURVE('',#611,#620,#622,.T.);
#620 = VERTEX_POINT('',#621);
#621 = CARTESIAN_POINT('',(-18.88,-36.08419697445,10.003));
#622 = LINE('',#623,#624);
#623 = CARTESIAN_POINT('',(-18.88,-46.05,10.003));
#624 = VECTOR('',#625,1.);
#625 = DIRECTION('',(0.,1.,0.));
#626 = ORIENTED_EDGE('',*,*,#627,.T.);
#627 = EDGE_CURVE('',#620,#423,#628,.T.);
#628 = LINE('',#629,#630);
#629 = CARTESIAN_POINT('',(-19.48218826983,-35.49573938178,10.003));
#630 = VECTOR('',#631,1.);
#631 = DIRECTION('',(-0.715213668601,0.698905865082,0.));
#632 = FACE_BOUND('',#633,.F.);
#633 = EDGE_LOOP('',(#634));
#634 = ORIENTED_EDGE('',*,*,#635,.F.);
#635 = EDGE_CURVE('',#636,#636,#638,.T.);
#636 = VERTEX_POINT('',#637);
#637 = CARTESIAN_POINT('',(-16.3,-37.5,10.003));
#638 = CIRCLE('',#639,6.95);
#639 = AXIS2_PLACEMENT_3D('',#640,#641,#642);
#640 = CARTESIAN_POINT('',(-9.35,-37.5,10.003));
#641 = DIRECTION('',(0.,0.,-1.));
#642 = DIRECTION('',(-1.,-0.,-0.));
#643 = FACE_BOUND('',#644,.F.);
#644 = EDGE_LOOP('',(#645));
#645 = ORIENTED_EDGE('',*,*,#646,.F.);
#646 = EDGE_CURVE('',#647,#647,#649,.T.);
#647 = VERTEX_POINT('',#648);
#648 = CARTESIAN_POINT('',(-80.7,-24.42,10.003));
#649 = CIRCLE('',#650,6.95);
#650 = AXIS2_PLACEMENT_3D('',#651,#652,#653);
#651 = CARTESIAN_POINT('',(-73.75,-24.42,10.003));
#652 = DIRECTION('',(0.,0.,-1.));
#653 = DIRECTION('',(-1.,-0.,-0.));
#654 = FACE_BOUND('',#655,.F.);
#655 = EDGE_LOOP('',(#656));
#656 = ORIENTED_EDGE('',*,*,#657,.F.);
#657 = EDGE_CURVE('',#658,#658,#660,.T.);
#658 = VERTEX_POINT('',#659);
#659 = CARTESIAN_POINT('',(-38.7437,-18.09,10.003));
#660 = CIRCLE('',#661,6.95);
#661 = AXIS2_PLACEMENT_3D('',#662,#663,#664);
#662 = CARTESIAN_POINT('',(-31.7937,-18.09,10.003));
#663 = DIRECTION('',(0.,0.,-1.));
#664 = DIRECTION('',(-1.,-0.,-0.));
#665 = FACE_BOUND('',#666,.F.);
#666 = EDGE_LOOP('',(#667));
#667 = ORIENTED_EDGE('',*,*,#668,.F.);
#668 = EDGE_CURVE('',#669,#669,#671,.T.);
#669 = VERTEX_POINT('',#670);
#670 = CARTESIAN_POINT('',(-59.8,-15.09,10.003));
#671 = CIRCLE('',#672,6.95);
#672 = AXIS2_PLACEMENT_3D('',#673,#674,#675);
#673 = CARTESIAN_POINT('',(-52.85,-15.09,10.003));
#674 = DIRECTION('',(0.,0.,-1.));
#675 = DIRECTION('',(-1.,-0.,-0.));
#676 = FACE_BOUND('',#677,.F.);
#677 = EDGE_LOOP('',(#678));
#678 = ORIENTED_EDGE('',*,*,#679,.F.);
#679 = EDGE_CURVE('',#680,#680,#682,.T.);
#680 = VERTEX_POINT('',#681);
#681 = CARTESIAN_POINT('',(-7.042341,-1.517642,10.003));
#682 = CIRCLE('',#683,1.7);
#683 = AXIS2_PLACEMENT_3D('',#684,#685,#686);
#684 = CARTESIAN_POINT('',(-5.342341,-1.517642,10.003));
#685 = DIRECTION('',(0.,0.,-1.));
#686 = DIRECTION('',(-1.,-1.0248212535E-15,-0.));
#687 = PLANE('',#688);
#688 = AXIS2_PLACEMENT_3D('',#689,#690,#691);
#689 = CARTESIAN_POINT('',(-37.54903074832,-22.17427246828,10.003));
#690 = DIRECTION('',(0.,0.,1.));
#691 = DIRECTION('',(1.,0.,0.));
#692 = ADVANCED_FACE('',(#693),#713,.T.);
#693 = FACE_BOUND('',#694,.F.);
#694 = EDGE_LOOP('',(#695,#704,#705,#706));
#695 = ORIENTED_EDGE('',*,*,#696,.F.);
#696 = EDGE_CURVE('',#412,#697,#699,.T.);
#697 = VERTEX_POINT('',#698);
#698 = CARTESIAN_POINT('',(-18.499926,-1.519071,9.603));
#699 = CIRCLE('',#700,0.4);
#700 = AXIS2_PLACEMENT_3D('',#701,#702,#703);
#701 = CARTESIAN_POINT('',(-18.899926,-1.519071,9.603));
#702 = DIRECTION('',(1.7080354225E-16,1.,-0.));
#703 = DIRECTION('',(-1.,1.7080354225E-16,0.));
#704 = ORIENTED_EDGE('',*,*,#411,.F.);
#705 = ORIENTED_EDGE('',*,*,#696,.T.);
#706 = ORIENTED_EDGE('',*,*,#707,.T.);
#707 = EDGE_CURVE('',#697,#697,#708,.T.);
#708 = CIRCLE('',#709,1.3);
#709 = AXIS2_PLACEMENT_3D('',#710,#711,#712);
#710 = CARTESIAN_POINT('',(-17.199926,-1.519071,9.603));
#711 = DIRECTION('',(0.,0.,-1.));
#712 = DIRECTION('',(-1.,1.7080354225E-16,0.));
#713 = TOROIDAL_SURFACE('',#714,1.7,0.4);
#714 = AXIS2_PLACEMENT_3D('',#715,#716,#717);
#715 = CARTESIAN_POINT('',(-17.199926,-1.519071,9.603));
#716 = DIRECTION('',(0.,0.,1.));
#717 = DIRECTION('',(-1.,1.7080354225E-16,0.));
#718 = ADVANCED_FACE('',(#719),#746,.T.);
#719 = FACE_BOUND('',#720,.F.);
#720 = EDGE_LOOP('',(#721,#730,#738,#745));
#721 = ORIENTED_EDGE('',*,*,#722,.T.);
#722 = EDGE_CURVE('',#423,#723,#725,.T.);
#723 = VERTEX_POINT('',#724);
#724 = CARTESIAN_POINT('',(-22.64644394242,-35.2,8.003));
#725 = ELLIPSE('',#726,2.159662458687,2.);
#726 = AXIS2_PLACEMENT_3D('',#727,#728,#729);
#727 = CARTESIAN_POINT('',(-21.83149490385,-33.2,8.003));
#728 = DIRECTION('',(0.926070642176,-0.377350189744,0.));
#729 = DIRECTION('',(-0.377350189744,-0.926070642176,-0.));
#730 = ORIENTED_EDGE('',*,*,#731,.T.);
#731 = EDGE_CURVE('',#723,#732,#734,.T.);
#732 = VERTEX_POINT('',#733);
#733 = CARTESIAN_POINT('',(-64.9103519099,-35.2,8.003));
#734 = LINE('',#735,#736);
#735 = CARTESIAN_POINT('',(-22.64644394242,-35.2,8.003));
#736 = VECTOR('',#737,1.);
#737 = DIRECTION('',(-1.,-0.,-0.));
#738 = ORIENTED_EDGE('',*,*,#739,.F.);
#739 = EDGE_CURVE('',#425,#732,#740,.T.);
#740 = ELLIPSE('',#741,2.235924924088,2.);
#741 = AXIS2_PLACEMENT_3D('',#742,#743,#744);
#742 = CARTESIAN_POINT('',(-65.91003199181,-33.2,8.003));
#743 = DIRECTION('',(0.894484416026,0.447099127137,-0.));
#744 = DIRECTION('',(-0.447099127137,0.894484416026,0.));
#745 = ORIENTED_EDGE('',*,*,#422,.F.);
#746 = CYLINDRICAL_SURFACE('',#747,2.);
#747 = AXIS2_PLACEMENT_3D('',#748,#749,#750);
#748 = CARTESIAN_POINT('',(-22.64644394242,-33.2,8.003));
#749 = DIRECTION('',(-1.,-0.,-0.));
#750 = DIRECTION('',(0.,0.,1.));
#751 = ADVANCED_FACE('',(#752),#771,.T.);
#752 = FACE_BOUND('',#753,.F.);
#753 = EDGE_LOOP('',(#754,#763,#769,#770));
#754 = ORIENTED_EDGE('',*,*,#755,.T.);
#755 = EDGE_CURVE('',#620,#756,#758,.T.);
#756 = VERTEX_POINT('',#757);
#757 = CARTESIAN_POINT('',(-20.88,-36.92616671898,8.003));
#758 = ELLIPSE('',#759,2.170003007072,2.);
#759 = AXIS2_PLACEMENT_3D('',#760,#761,#762);
#760 = CARTESIAN_POINT('',(-18.88,-36.08419697445,8.003));
#761 = DIRECTION('',(0.388003952891,-0.92165770899,0.));
#762 = DIRECTION('',(0.92165770899,0.388003952891,0.));
#763 = ORIENTED_EDGE('',*,*,#764,.T.);
#764 = EDGE_CURVE('',#756,#723,#765,.T.);
#765 = LINE('',#766,#767);
#766 = CARTESIAN_POINT('',(-20.88,-36.92616671898,8.003));
#767 = VECTOR('',#768,1.);
#768 = DIRECTION('',(-0.715213668601,0.698905865082,0.));
#769 = ORIENTED_EDGE('',*,*,#722,.F.);
#770 = ORIENTED_EDGE('',*,*,#627,.F.);
#771 = CYLINDRICAL_SURFACE('',#772,2.);
#772 = AXIS2_PLACEMENT_3D('',#773,#774,#775);
#773 = CARTESIAN_POINT('',(-19.48218826983,-35.49573938178,8.003));
#774 = DIRECTION('',(-0.715213668601,0.698905865082,0.));
#775 = DIRECTION('',(0.,0.,1.));
#776 = ADVANCED_FACE('',(#777),#796,.T.);
#777 = FACE_BOUND('',#778,.F.);
#778 = EDGE_LOOP('',(#779,#780,#788,#795));
#779 = ORIENTED_EDGE('',*,*,#739,.T.);
#780 = ORIENTED_EDGE('',*,*,#781,.T.);
#781 = EDGE_CURVE('',#732,#782,#784,.T.);
#782 = VERTEX_POINT('',#783);
#783 = CARTESIAN_POINT('',(-68.94033791277,-40.57045043025,8.003));
#784 = LINE('',#785,#786);
#785 = CARTESIAN_POINT('',(-64.9103519099,-35.2,8.003));
#786 = VECTOR('',#787,1.);
#787 = DIRECTION('',(-0.600204741026,-0.799846403286,-0.));
#788 = ORIENTED_EDGE('',*,*,#789,.F.);
#789 = EDGE_CURVE('',#433,#782,#790,.T.);
#790 = CIRCLE('',#791,2.);
#791 = AXIS2_PLACEMENT_3D('',#792,#793,#794);
#792 = CARTESIAN_POINT('',(-70.54003071934,-39.3700409482,8.003));
#793 = DIRECTION('',(0.600204741026,0.799846403286,-0.));
#794 = DIRECTION('',(0.,0.,1.));
#795 = ORIENTED_EDGE('',*,*,#432,.F.);
#796 = CYLINDRICAL_SURFACE('',#797,2.);
#797 = AXIS2_PLACEMENT_3D('',#798,#799,#800);
#798 = CARTESIAN_POINT('',(-66.51004471647,-33.99959051794,8.003));
#799 = DIRECTION('',(-0.600204741026,-0.799846403286,-0.));
#800 = DIRECTION('',(0.,0.,1.));
#801 = ADVANCED_FACE('',(#802),#821,.T.);
#802 = FACE_BOUND('',#803,.F.);
#803 = EDGE_LOOP('',(#804,#813,#819,#820));
#804 = ORIENTED_EDGE('',*,*,#805,.T.);
#805 = EDGE_CURVE('',#611,#806,#808,.T.);
#806 = VERTEX_POINT('',#807);
#807 = CARTESIAN_POINT('',(-20.88,-46.05,8.003));
#808 = CIRCLE('',#809,2.);
#809 = AXIS2_PLACEMENT_3D('',#810,#811,#812);
#810 = CARTESIAN_POINT('',(-18.88,-46.05,8.003));
#811 = DIRECTION('',(1.498801083244E-15,-1.,0.));
#812 = DIRECTION('',(-1.,-1.498801083244E-15,-0.));
#813 = ORIENTED_EDGE('',*,*,#814,.T.);
#814 = EDGE_CURVE('',#806,#756,#815,.T.);
#815 = LINE('',#816,#817);
#816 = CARTESIAN_POINT('',(-20.88,-46.05,8.003));
#817 = VECTOR('',#818,1.);
#818 = DIRECTION('',(0.,1.,0.));
#819 = ORIENTED_EDGE('',*,*,#755,.F.);
#820 = ORIENTED_EDGE('',*,*,#619,.F.);
#821 = CYLINDRICAL_SURFACE('',#822,2.);
#822 = AXIS2_PLACEMENT_3D('',#823,#824,#825);
#823 = CARTESIAN_POINT('',(-18.88,-46.05,8.003));
#824 = DIRECTION('',(0.,1.,0.));
#825 = DIRECTION('',(0.,0.,1.));
#826 = ADVANCED_FACE('',(#827),#847,.T.);
#827 = FACE_BOUND('',#828,.T.);
#828 = EDGE_LOOP('',(#829,#830,#831,#840));
#829 = ORIENTED_EDGE('',*,*,#789,.F.);
#830 = ORIENTED_EDGE('',*,*,#440,.T.);
#831 = ORIENTED_EDGE('',*,*,#832,.T.);
#832 = EDGE_CURVE('',#441,#833,#835,.T.);
#833 = VERTEX_POINT('',#834);
#834 = CARTESIAN_POINT('',(-70.7,-41.45,8.003));
#835 = CIRCLE('',#836,2.);
#836 = AXIS2_PLACEMENT_3D('',#837,#838,#839);
#837 = CARTESIAN_POINT('',(-70.7,-39.45,8.003));
#838 = DIRECTION('',(1.,-1.110223024625E-16,0.));
#839 = DIRECTION('',(-1.110223024625E-16,-1.,-0.));
#840 = ORIENTED_EDGE('',*,*,#841,.F.);
#841 = EDGE_CURVE('',#782,#833,#842,.T.);
#842 = CIRCLE('',#843,2.2);
#843 = AXIS2_PLACEMENT_3D('',#844,#845,#846);
#844 = CARTESIAN_POINT('',(-70.7,-39.25,8.003));
#845 = DIRECTION('',(0.,0.,-1.));
#846 = DIRECTION('',(0.799846403286,-0.600204741026,0.));
#847 = SURFACE_OF_REVOLUTION('',#848,#861);
#848 = B_SPLINE_CURVE_WITH_KNOTS('',6,(#849,#850,#851,#852,#853,#854,
    #855,#856,#857,#858,#859,#860),.UNSPECIFIED.,.F.,.F.,(7,5,7),(
    4.712388980385,5.497787143782,6.28318530718),.UNSPECIFIED.);
#849 = CARTESIAN_POINT('',(-70.54003071934,-39.3700409482,10.003));
#850 = CARTESIAN_POINT('',(-70.33063142062,-39.52717418196,10.003));
#851 = CARTESIAN_POINT('',(-70.12123247167,-39.68430715325,
    9.961876809637));
#852 = CARTESIAN_POINT('',(-69.91828984879,-39.83659529746,9.87962935758
    ));
#853 = CARTESIAN_POINT('',(-69.72827049193,-39.97918582285,
    9.758375011249));
#854 = CARTESIAN_POINT('',(-69.55694475209,-40.10774865802,
    9.602333684796));
#855 = CARTESIAN_POINT('',(-69.2608094239,-40.3299686083,9.23209343995)
  );
#856 = CARTESIAN_POINT('',(-69.13600033017,-40.42362535223,
    9.017895139958));
#857 = CARTESIAN_POINT('',(-69.03901547738,-40.49640278577,
    8.780325331457));
#858 = CARTESIAN_POINT('',(-68.97323014867,-40.54576809643,
    8.526598338322));
#859 = CARTESIAN_POINT('',(-68.94033791277,-40.57045043025,
    8.264799387799));
#860 = CARTESIAN_POINT('',(-68.94033791277,-40.57045043025,8.003));
#861 = AXIS1_PLACEMENT('',#862,#863);
#862 = CARTESIAN_POINT('',(-70.7,-39.25,8.003));
#863 = DIRECTION('',(0.,0.,-1.));
#864 = ADVANCED_FACE('',(#865),#885,.T.);
#865 = FACE_BOUND('',#866,.T.);
#866 = EDGE_LOOP('',(#867,#876,#877,#878));
#867 = ORIENTED_EDGE('',*,*,#868,.F.);
#868 = EDGE_CURVE('',#603,#869,#871,.T.);
#869 = VERTEX_POINT('',#870);
#870 = CARTESIAN_POINT('',(-20.23816168349,-47.6031040429,8.003));
#871 = CIRCLE('',#872,2.);
#872 = AXIS2_PLACEMENT_3D('',#873,#874,#875);
#873 = CARTESIAN_POINT('',(-18.82165106213,-46.19119127662,8.003));
#874 = DIRECTION('',(0.705956383138,-0.70825531068,0.));
#875 = DIRECTION('',(0.,0.,1.));
#876 = ORIENTED_EDGE('',*,*,#610,.T.);
#877 = ORIENTED_EDGE('',*,*,#805,.T.);
#878 = ORIENTED_EDGE('',*,*,#879,.F.);
#879 = EDGE_CURVE('',#869,#806,#880,.T.);
#880 = CIRCLE('',#881,2.2);
#881 = AXIS2_PLACEMENT_3D('',#882,#883,#884);
#882 = CARTESIAN_POINT('',(-18.68,-46.05,8.003));
#883 = DIRECTION('',(0.,0.,-1.));
#884 = DIRECTION('',(-0.70825531068,-0.705956383138,-0.));
#885 = SURFACE_OF_REVOLUTION('',#886,#899);
#886 = B_SPLINE_CURVE_WITH_KNOTS('',6,(#887,#888,#889,#890,#891,#892,
    #893,#894,#895,#896,#897,#898),.UNSPECIFIED.,.F.,.F.,(7,5,7),(
    4.712388980385,5.497787143782,6.28318530718),.UNSPECIFIED.);
#887 = CARTESIAN_POINT('',(-18.82165106213,-46.19119127662,10.003));
#888 = CARTESIAN_POINT('',(-19.00707186887,-46.37601022554,10.003));
#889 = CARTESIAN_POINT('',(-19.19249236591,-46.56082886576,
    9.961876809637));
#890 = CARTESIAN_POINT('',(-19.37219585626,-46.73994905614,9.87962935758
    ));
#891 = CARTESIAN_POINT('',(-19.54045593479,-46.90766297889,
    9.758375011249));
#892 = CARTESIAN_POINT('',(-19.6921630183,-47.05887763603,9.602333684796
    ));
#893 = CARTESIAN_POINT('',(-19.95438763794,-47.32025110017,9.23209343995
    ));
#894 = CARTESIAN_POINT('',(-20.06490473608,-47.43040947062,
    9.017895139958));
#895 = CARTESIAN_POINT('',(-20.15078377082,-47.51600975039,
    8.780325331457));
#896 = CARTESIAN_POINT('',(-20.20903596553,-47.57407286417,
    8.526598338322));
#897 = CARTESIAN_POINT('',(-20.23816168349,-47.6031040429,8.264799387799
    ));
#898 = CARTESIAN_POINT('',(-20.23816168349,-47.6031040429,8.003));
#899 = AXIS1_PLACEMENT('',#900,#901);
#900 = CARTESIAN_POINT('',(-18.68,-46.05,8.003));
#901 = DIRECTION('',(0.,0.,-1.));
#902 = ADVANCED_FACE('',(#903),#922,.T.);
#903 = FACE_BOUND('',#904,.F.);
#904 = EDGE_LOOP('',(#905,#906,#914,#921));
#905 = ORIENTED_EDGE('',*,*,#832,.T.);
#906 = ORIENTED_EDGE('',*,*,#907,.T.);
#907 = EDGE_CURVE('',#833,#908,#910,.T.);
#908 = VERTEX_POINT('',#909);
#909 = CARTESIAN_POINT('',(-76.9,-41.45,8.003));
#910 = LINE('',#911,#912);
#911 = CARTESIAN_POINT('',(-70.7,-41.45,8.003));
#912 = VECTOR('',#913,1.);
#913 = DIRECTION('',(-1.,-0.,-0.));
#914 = ORIENTED_EDGE('',*,*,#915,.F.);
#915 = EDGE_CURVE('',#450,#908,#916,.T.);
#916 = CIRCLE('',#917,2.);
#917 = AXIS2_PLACEMENT_3D('',#918,#919,#920);
#918 = CARTESIAN_POINT('',(-76.9,-39.45,8.003));
#919 = DIRECTION('',(1.,0.,0.));
#920 = DIRECTION('',(0.,0.,1.));
#921 = ORIENTED_EDGE('',*,*,#449,.F.);
#922 = CYLINDRICAL_SURFACE('',#923,2.);
#923 = AXIS2_PLACEMENT_3D('',#924,#925,#926);
#924 = CARTESIAN_POINT('',(-70.7,-39.45,8.003));
#925 = DIRECTION('',(-1.,-0.,-0.));
#926 = DIRECTION('',(0.,0.,1.));
#927 = ADVANCED_FACE('',(#928),#947,.T.);
#928 = FACE_BOUND('',#929,.F.);
#929 = EDGE_LOOP('',(#930,#939,#945,#946));
#930 = ORIENTED_EDGE('',*,*,#931,.T.);
#931 = EDGE_CURVE('',#594,#932,#934,.T.);
#932 = VERTEX_POINT('',#933);
#933 = CARTESIAN_POINT('',(-14.05816168349,-53.8032290429,8.003));
#934 = CIRCLE('',#935,2.);
#935 = AXIS2_PLACEMENT_3D('',#936,#937,#938);
#936 = CARTESIAN_POINT('',(-12.64165106213,-52.39131627662,8.003));
#937 = DIRECTION('',(0.705956383138,-0.70825531068,0.));
#938 = DIRECTION('',(-0.70825531068,-0.705956383138,-0.));
#939 = ORIENTED_EDGE('',*,*,#940,.T.);
#940 = EDGE_CURVE('',#932,#869,#941,.T.);
#941 = LINE('',#942,#943);
#942 = CARTESIAN_POINT('',(-14.05816168349,-53.8032290429,8.003));
#943 = VECTOR('',#944,1.);
#944 = DIRECTION('',(-0.705956383138,0.70825531068,0.));
#945 = ORIENTED_EDGE('',*,*,#868,.F.);
#946 = ORIENTED_EDGE('',*,*,#602,.F.);
#947 = CYLINDRICAL_SURFACE('',#948,2.);
#948 = AXIS2_PLACEMENT_3D('',#949,#950,#951);
#949 = CARTESIAN_POINT('',(-12.64165106213,-52.39131627662,8.003));
#950 = DIRECTION('',(-0.705956383138,0.70825531068,0.));
#951 = DIRECTION('',(0.,0.,1.));
#952 = ADVANCED_FACE('',(#953),#973,.T.);
#953 = FACE_BOUND('',#954,.T.);
#954 = EDGE_LOOP('',(#955,#956,#957,#966));
#955 = ORIENTED_EDGE('',*,*,#915,.F.);
#956 = ORIENTED_EDGE('',*,*,#457,.T.);
#957 = ORIENTED_EDGE('',*,*,#958,.T.);
#958 = EDGE_CURVE('',#458,#959,#961,.T.);
#959 = VERTEX_POINT('',#960);
#960 = CARTESIAN_POINT('',(-78.47907955472,-40.78183150505,8.003));
#961 = CIRCLE('',#962,2.);
#962 = AXIS2_PLACEMENT_3D('',#963,#964,#965);
#963 = CARTESIAN_POINT('',(-77.04355268679,-39.38925740955,8.003));
#964 = DIRECTION('',(0.69628704775,-0.717763433963,0.));
#965 = DIRECTION('',(-0.717763433963,-0.69628704775,-0.));
#966 = ORIENTED_EDGE('',*,*,#967,.F.);
#967 = EDGE_CURVE('',#908,#959,#968,.T.);
#968 = CIRCLE('',#969,2.2);
#969 = AXIS2_PLACEMENT_3D('',#970,#971,#972);
#970 = CARTESIAN_POINT('',(-76.9,-39.25,8.003));
#971 = DIRECTION('',(0.,0.,-1.));
#972 = DIRECTION('',(-0.,-1.,-0.));
#973 = SURFACE_OF_REVOLUTION('',#974,#987);
#974 = B_SPLINE_CURVE_WITH_KNOTS('',6,(#975,#976,#977,#978,#979,#980,
    #981,#982,#983,#984,#985,#986),.UNSPECIFIED.,.F.,.F.,(7,5,7),(
    4.712388980385,5.497787143782,6.28318530718),.UNSPECIFIED.);
#975 = CARTESIAN_POINT('',(-76.9,-39.45,10.003));
#976 = CARTESIAN_POINT('',(-76.9,-39.71179938779,10.003));
#977 = CARTESIAN_POINT('',(-76.9,-39.97359833832,9.961876809637));
#978 = CARTESIAN_POINT('',(-76.9,-40.22732533145,9.87962935758));
#979 = CARTESIAN_POINT('',(-76.9,-40.46489513995,9.758375011249));
#980 = CARTESIAN_POINT('',(-76.9,-40.67909343995,9.602333684796));
#981 = CARTESIAN_POINT('',(-76.9,-41.04933368479,9.23209343995));
#982 = CARTESIAN_POINT('',(-76.9,-41.20537501124,9.017895139958));
#983 = CARTESIAN_POINT('',(-76.9,-41.32662935758,8.780325331457));
#984 = CARTESIAN_POINT('',(-76.9,-41.40887680963,8.526598338322));
#985 = CARTESIAN_POINT('',(-76.9,-41.45,8.264799387799));
#986 = CARTESIAN_POINT('',(-76.9,-41.45,8.003));
#987 = AXIS1_PLACEMENT('',#988,#989);
#988 = CARTESIAN_POINT('',(-76.9,-39.25,8.003));
#989 = DIRECTION('',(0.,0.,-1.));
#990 = ADVANCED_FACE('',(#991),#1011,.T.);
#991 = FACE_BOUND('',#992,.T.);
#992 = EDGE_LOOP('',(#993,#1002,#1003,#1004));
#993 = ORIENTED_EDGE('',*,*,#994,.F.);
#994 = EDGE_CURVE('',#586,#995,#997,.T.);
#995 = VERTEX_POINT('',#996);
#996 = CARTESIAN_POINT('',(-12.49995669291,-54.45012499957,8.003));
#997 = CIRCLE('',#998,2.);
#998 = AXIS2_PLACEMENT_3D('',#999,#1000,#1001);
#999 = CARTESIAN_POINT('',(-12.49999606299,-52.45012499996,8.003));
#1000 = DIRECTION('',(0.999999999806,1.96850393658E-05,-0.));
#1001 = DIRECTION('',(0.,0.,1.));
#1002 = ORIENTED_EDGE('',*,*,#593,.T.);
#1003 = ORIENTED_EDGE('',*,*,#931,.T.);
#1004 = ORIENTED_EDGE('',*,*,#1005,.F.);
#1005 = EDGE_CURVE('',#995,#932,#1006,.T.);
#1006 = CIRCLE('',#1007,2.2);
#1007 = AXIS2_PLACEMENT_3D('',#1008,#1009,#1010);
#1008 = CARTESIAN_POINT('',(-12.5,-52.250125,8.003));
#1009 = DIRECTION('',(0.,0.,-1.));
#1010 = DIRECTION('',(1.968503936502E-05,-0.999999999806,0.));
#1011 = SURFACE_OF_REVOLUTION('',#1012,#1025);
#1012 = B_SPLINE_CURVE_WITH_KNOTS('',6,(#1013,#1014,#1015,#1016,#1017,
    #1018,#1019,#1020,#1021,#1022,#1023,#1024),.UNSPECIFIED.,.F.,.F.,(7,
    5,7),(4.712388980385,5.497787143782,6.28318530718),.UNSPECIFIED.);
#1013 = CARTESIAN_POINT('',(-12.49999606299,-52.45012499996,10.003));
#1014 = CARTESIAN_POINT('',(-12.49999090946,-52.71192438771,10.003));
#1015 = CARTESIAN_POINT('',(-12.49998575593,-52.97372333818,
    9.961876809637));
#1016 = CARTESIAN_POINT('',(-12.49998076131,-53.22745033126,
    9.87962935758));
#1017 = CARTESIAN_POINT('',(-12.49997608474,-53.46502013972,
    9.758375011249));
#1018 = CARTESIAN_POINT('',(-12.49997186823,-53.67921843967,
    9.602333684796));
#1019 = CARTESIAN_POINT('',(-12.49996458004,-54.04945868444,
    9.23209343995));
#1020 = CARTESIAN_POINT('',(-12.49996150836,-54.20550001087,
    9.017895139958));
#1021 = CARTESIAN_POINT('',(-12.49995912146,-54.32675435717,
    8.780325331457));
#1022 = CARTESIAN_POINT('',(-12.49995750242,-54.40900180921,
    8.526598338322));
#1023 = CARTESIAN_POINT('',(-12.49995669291,-54.45012499957,
    8.264799387799));
#1024 = CARTESIAN_POINT('',(-12.49995669291,-54.45012499957,8.003));
#1025 = AXIS1_PLACEMENT('',#1026,#1027);
#1026 = CARTESIAN_POINT('',(-12.5,-52.250125,8.003));
#1027 = DIRECTION('',(0.,0.,-1.));
#1028 = ADVANCED_FACE('',(#1029),#1048,.T.);
#1029 = FACE_BOUND('',#1030,.F.);
#1030 = EDGE_LOOP('',(#1031,#1032,#1040,#1047));
#1031 = ORIENTED_EDGE('',*,*,#958,.T.);
#1032 = ORIENTED_EDGE('',*,*,#1033,.T.);
#1033 = EDGE_CURVE('',#959,#1034,#1036,.T.);
#1034 = VERTEX_POINT('',#1035);
#1035 = CARTESIAN_POINT('',(-84.63907955472,-34.43183150505,8.003));
#1036 = LINE('',#1037,#1038);
#1037 = CARTESIAN_POINT('',(-78.47907955472,-40.78183150505,8.003));
#1038 = VECTOR('',#1039,1.);
#1039 = DIRECTION('',(-0.69628704775,0.717763433963,0.));
#1040 = ORIENTED_EDGE('',*,*,#1041,.F.);
#1041 = EDGE_CURVE('',#467,#1034,#1042,.T.);
#1042 = CIRCLE('',#1043,2.);
#1043 = AXIS2_PLACEMENT_3D('',#1044,#1045,#1046);
#1044 = CARTESIAN_POINT('',(-83.20355268679,-33.03925740955,8.003));
#1045 = DIRECTION('',(0.69628704775,-0.717763433963,0.));
#1046 = DIRECTION('',(0.,0.,1.));
#1047 = ORIENTED_EDGE('',*,*,#466,.F.);
#1048 = CYLINDRICAL_SURFACE('',#1049,2.);
#1049 = AXIS2_PLACEMENT_3D('',#1050,#1051,#1052);
#1050 = CARTESIAN_POINT('',(-77.04355268679,-39.38925740955,8.003));
#1051 = DIRECTION('',(-0.69628704775,0.717763433963,0.));
#1052 = DIRECTION('',(0.,0.,1.));
#1053 = ADVANCED_FACE('',(#1054),#1073,.T.);
#1054 = FACE_BOUND('',#1055,.F.);
#1055 = EDGE_LOOP('',(#1056,#1065,#1071,#1072));
#1056 = ORIENTED_EDGE('',*,*,#1057,.T.);
#1057 = EDGE_CURVE('',#577,#1058,#1060,.T.);
#1058 = VERTEX_POINT('',#1059);
#1059 = CARTESIAN_POINT('',(-6.149956692913,-54.44999999957,8.003));
#1060 = CIRCLE('',#1061,2.);
#1061 = AXIS2_PLACEMENT_3D('',#1062,#1063,#1064);
#1062 = CARTESIAN_POINT('',(-6.149996062992,-52.44999999996,8.003));
#1063 = DIRECTION('',(0.999999999806,1.9685039366E-05,-0.));
#1064 = DIRECTION('',(1.9685039366E-05,-0.999999999806,0.));
#1065 = ORIENTED_EDGE('',*,*,#1066,.T.);
#1066 = EDGE_CURVE('',#1058,#995,#1067,.T.);
#1067 = LINE('',#1068,#1069);
#1068 = CARTESIAN_POINT('',(-6.149956692913,-54.44999999957,8.003));
#1069 = VECTOR('',#1070,1.);
#1070 = DIRECTION('',(-0.999999999806,-1.96850393658E-05,-0.));
#1071 = ORIENTED_EDGE('',*,*,#994,.F.);
#1072 = ORIENTED_EDGE('',*,*,#585,.F.);
#1073 = CYLINDRICAL_SURFACE('',#1074,2.);
#1074 = AXIS2_PLACEMENT_3D('',#1075,#1076,#1077);
#1075 = CARTESIAN_POINT('',(-6.149996062992,-52.44999999996,8.003));
#1076 = DIRECTION('',(-0.999999999806,-1.96850393658E-05,-0.));
#1077 = DIRECTION('',(0.,0.,1.));
#1078 = ADVANCED_FACE('',(#1079),#1099,.T.);
#1079 = FACE_BOUND('',#1080,.T.);
#1080 = EDGE_LOOP('',(#1081,#1082,#1083,#1092));
#1081 = ORIENTED_EDGE('',*,*,#1041,.F.);
#1082 = ORIENTED_EDGE('',*,*,#474,.T.);
#1083 = ORIENTED_EDGE('',*,*,#1084,.T.);
#1084 = EDGE_CURVE('',#475,#1085,#1087,.T.);
#1085 = VERTEX_POINT('',#1086);
#1086 = CARTESIAN_POINT('',(-85.26,-32.9,8.003));
#1087 = CIRCLE('',#1088,2.);
#1088 = AXIS2_PLACEMENT_3D('',#1089,#1090,#1091);
#1089 = CARTESIAN_POINT('',(-83.26,-32.9,8.003));
#1090 = DIRECTION('',(6.661338147751E-16,-1.,0.));
#1091 = DIRECTION('',(-1.,-6.661338147751E-16,-0.));
#1092 = ORIENTED_EDGE('',*,*,#1093,.F.);
#1093 = EDGE_CURVE('',#1034,#1085,#1094,.T.);
#1094 = CIRCLE('',#1095,2.2);
#1095 = AXIS2_PLACEMENT_3D('',#1096,#1097,#1098);
#1096 = CARTESIAN_POINT('',(-83.06,-32.9,8.003));
#1097 = DIRECTION('',(0.,0.,-1.));
#1098 = DIRECTION('',(-0.717763433963,-0.69628704775,-0.));
#1099 = SURFACE_OF_REVOLUTION('',#1100,#1113);
#1100 = B_SPLINE_CURVE_WITH_KNOTS('',6,(#1101,#1102,#1103,#1104,#1105,
    #1106,#1107,#1108,#1109,#1110,#1111,#1112),.UNSPECIFIED.,.F.,.F.,(7,
    5,7),(4.712388980385,5.497787143782,6.28318530718),.UNSPECIFIED.);
#1101 = CARTESIAN_POINT('',(-83.20355268679,-33.03925740955,10.003));
#1102 = CARTESIAN_POINT('',(-83.39146271438,-33.22154493238,10.003));
#1103 = CARTESIAN_POINT('',(-83.57937242812,-33.40383215074,
    9.961876809637));
#1104 = CARTESIAN_POINT('',(-83.761488386,-33.58049896973,9.87962935758)
  );
#1105 = CARTESIAN_POINT('',(-83.93200730756,-33.74591575032,
    9.758375011249));
#1106 = CARTESIAN_POINT('',(-84.08575101491,-33.89505925226,
    9.602333684796));
#1107 = CARTESIAN_POINT('',(-84.35149592444,-34.1528527393,9.23209343995
    ));
#1108 = CARTESIAN_POINT('',(-84.46349668276,-34.26150229382,
    9.017895139958));
#1109 = CARTESIAN_POINT('',(-84.55052861876,-34.34593012466,
    8.780325331457));
#1110 = CARTESIAN_POINT('',(-84.60956283238,-34.40319796023,
    8.526598338322));
#1111 = CARTESIAN_POINT('',(-84.63907955472,-34.43183150505,
    8.264799387799));
#1112 = CARTESIAN_POINT('',(-84.63907955472,-34.43183150505,8.003));
#1113 = AXIS1_PLACEMENT('',#1114,#1115);
#1114 = CARTESIAN_POINT('',(-83.06,-32.9,8.003));
#1115 = DIRECTION('',(0.,0.,-1.));
#1116 = ADVANCED_FACE('',(#1117),#1137,.T.);
#1117 = FACE_BOUND('',#1118,.T.);
#1118 = EDGE_LOOP('',(#1119,#1128,#1129,#1130));
#1119 = ORIENTED_EDGE('',*,*,#1120,.F.);
#1120 = EDGE_CURVE('',#569,#1121,#1123,.T.);
#1121 = VERTEX_POINT('',#1122);
#1122 = CARTESIAN_POINT('',(-4.588079764994,-53.79932410407,8.003));
#1123 = CIRCLE('',#1124,2.);
#1124 = AXIS2_PLACEMENT_3D('',#1125,#1126,#1127);
#1125 = CARTESIAN_POINT('',(-6.008007251363,-52.39084764582,8.003));
#1126 = DIRECTION('',(0.704238229127,0.709963743185,-0.));
#1127 = DIRECTION('',(0.,0.,1.));
#1128 = ORIENTED_EDGE('',*,*,#576,.T.);
#1129 = ORIENTED_EDGE('',*,*,#1057,.T.);
#1130 = ORIENTED_EDGE('',*,*,#1131,.F.);
#1131 = EDGE_CURVE('',#1121,#1058,#1132,.T.);
#1132 = CIRCLE('',#1133,2.2);
#1133 = AXIS2_PLACEMENT_3D('',#1134,#1135,#1136);
#1134 = CARTESIAN_POINT('',(-6.15,-52.25,8.003));
#1135 = DIRECTION('',(0.,0.,-1.));
#1136 = DIRECTION('',(0.709963743185,-0.704238229127,0.));
#1137 = SURFACE_OF_REVOLUTION('',#1138,#1151);
#1138 = B_SPLINE_CURVE_WITH_KNOTS('',6,(#1139,#1140,#1141,#1142,#1143,
    #1144,#1145,#1146,#1147,#1148,#1149,#1150),.UNSPECIFIED.,.F.,.F.,(7,
    5,7),(4.712388980385,5.497787143782,6.28318530718),.UNSPECIFIED.);
#1139 = CARTESIAN_POINT('',(-6.008007251363,-52.39084764582,10.003));
#1140 = CARTESIAN_POINT('',(-5.822139178038,-52.57521678307,10.003));
#1141 = CARTESIAN_POINT('',(-5.636271415163,-52.75958561237,
    9.961876809637));
#1142 = CARTESIAN_POINT('',(-5.45613444937,-52.9382698607,9.87962935758)
  );
#1143 = CARTESIAN_POINT('',(-5.287468498858,-53.10557560193,
    9.758375011249));
#1144 = CARTESIAN_POINT('',(-5.135395472013,-53.2564222334,
    9.602333684796));
#1145 = CARTESIAN_POINT('',(-4.872538321904,-53.51715956778,
    9.23209343995));
#1146 = CARTESIAN_POINT('',(-4.761754637684,-53.6270498352,
    9.017895139958));
#1147 = CARTESIAN_POINT('',(-4.675668448086,-53.71244178133,
    8.780325331457));
#1148 = CARTESIAN_POINT('',(-4.617275739156,-53.77036358132,
    8.526598338322));
#1149 = CARTESIAN_POINT('',(-4.588079764994,-53.79932410407,
    8.264799387799));
#1150 = CARTESIAN_POINT('',(-4.588079764994,-53.79932410407,8.003));
#1151 = AXIS1_PLACEMENT('',#1152,#1153);
#1152 = CARTESIAN_POINT('',(-6.15,-52.25,8.003));
#1153 = DIRECTION('',(0.,0.,-1.));
#1154 = ADVANCED_FACE('',(#1155),#1174,.T.);
#1155 = FACE_BOUND('',#1156,.F.);
#1156 = EDGE_LOOP('',(#1157,#1158,#1166,#1173));
#1157 = ORIENTED_EDGE('',*,*,#1084,.T.);
#1158 = ORIENTED_EDGE('',*,*,#1159,.T.);
#1159 = EDGE_CURVE('',#1085,#1160,#1162,.T.);
#1160 = VERTEX_POINT('',#1161);
#1161 = CARTESIAN_POINT('',(-85.26,-14.5,8.003));
#1162 = LINE('',#1163,#1164);
#1163 = CARTESIAN_POINT('',(-85.26,-32.9,8.003));
#1164 = VECTOR('',#1165,1.);
#1165 = DIRECTION('',(0.,1.,0.));
#1166 = ORIENTED_EDGE('',*,*,#1167,.F.);
#1167 = EDGE_CURVE('',#484,#1160,#1168,.T.);
#1168 = CIRCLE('',#1169,2.);
#1169 = AXIS2_PLACEMENT_3D('',#1170,#1171,#1172);
#1170 = CARTESIAN_POINT('',(-83.26,-14.5,8.003));
#1171 = DIRECTION('',(0.,-1.,0.));
#1172 = DIRECTION('',(0.,0.,1.));
#1173 = ORIENTED_EDGE('',*,*,#483,.F.);
#1174 = CYLINDRICAL_SURFACE('',#1175,2.);
#1175 = AXIS2_PLACEMENT_3D('',#1176,#1177,#1178);
#1176 = CARTESIAN_POINT('',(-83.26,-32.9,8.003));
#1177 = DIRECTION('',(0.,1.,0.));
#1178 = DIRECTION('',(0.,0.,1.));
#1179 = ADVANCED_FACE('',(#1180),#1199,.T.);
#1180 = FACE_BOUND('',#1181,.F.);
#1181 = EDGE_LOOP('',(#1182,#1191,#1197,#1198));
#1182 = ORIENTED_EDGE('',*,*,#1183,.T.);
#1183 = EDGE_CURVE('',#560,#1184,#1186,.T.);
#1184 = VERTEX_POINT('',#1185);
#1185 = CARTESIAN_POINT('',(1.561920235006,-47.59932410407,8.003));
#1186 = CIRCLE('',#1187,2.);
#1187 = AXIS2_PLACEMENT_3D('',#1188,#1189,#1190);
#1188 = CARTESIAN_POINT('',(0.141992748637,-46.19084764582,8.003));
#1189 = DIRECTION('',(0.704238229127,0.709963743185,-0.));
#1190 = DIRECTION('',(0.709963743185,-0.704238229127,0.));
#1191 = ORIENTED_EDGE('',*,*,#1192,.T.);
#1192 = EDGE_CURVE('',#1184,#1121,#1193,.T.);
#1193 = LINE('',#1194,#1195);
#1194 = CARTESIAN_POINT('',(1.561920235006,-47.59932410407,8.003));
#1195 = VECTOR('',#1196,1.);
#1196 = DIRECTION('',(-0.704238229127,-0.709963743185,-0.));
#1197 = ORIENTED_EDGE('',*,*,#1120,.F.);
#1198 = ORIENTED_EDGE('',*,*,#568,.F.);
#1199 = CYLINDRICAL_SURFACE('',#1200,2.);
#1200 = AXIS2_PLACEMENT_3D('',#1201,#1202,#1203);
#1201 = CARTESIAN_POINT('',(0.141992748637,-46.19084764582,8.003));
#1202 = DIRECTION('',(-0.704238229127,-0.709963743185,-0.));
#1203 = DIRECTION('',(0.,0.,1.));
#1204 = ADVANCED_FACE('',(#1205),#1225,.T.);
#1205 = FACE_BOUND('',#1206,.T.);
#1206 = EDGE_LOOP('',(#1207,#1208,#1209,#1218));
#1207 = ORIENTED_EDGE('',*,*,#1167,.F.);
#1208 = ORIENTED_EDGE('',*,*,#491,.T.);
#1209 = ORIENTED_EDGE('',*,*,#1210,.T.);
#1210 = EDGE_CURVE('',#492,#1211,#1213,.T.);
#1211 = VERTEX_POINT('',#1212);
#1212 = CARTESIAN_POINT('',(-84.86756534141,-13.24592363209,8.003));
#1213 = CIRCLE('',#1214,2.);
#1214 = AXIS2_PLACEMENT_3D('',#1215,#1216,#1217);
#1215 = CARTESIAN_POINT('',(-83.22432412194,-14.38599305746,8.003));
#1216 = DIRECTION('',(-0.570034712683,-0.821620609732,0.));
#1217 = DIRECTION('',(-0.821620609732,0.570034712683,0.));
#1218 = ORIENTED_EDGE('',*,*,#1219,.F.);
#1219 = EDGE_CURVE('',#1160,#1211,#1220,.T.);
#1220 = CIRCLE('',#1221,2.2);
#1221 = AXIS2_PLACEMENT_3D('',#1222,#1223,#1224);
#1222 = CARTESIAN_POINT('',(-83.06,-14.5,8.003));
#1223 = DIRECTION('',(0.,0.,-1.));
#1224 = DIRECTION('',(-1.,-0.,-0.));
#1225 = SURFACE_OF_REVOLUTION('',#1226,#1239);
#1226 = B_SPLINE_CURVE_WITH_KNOTS('',6,(#1227,#1228,#1229,#1230,#1231,
    #1232,#1233,#1234,#1235,#1236,#1237,#1238),.UNSPECIFIED.,.F.,.F.,(7,
    5,7),(4.712388980385,5.497787143782,6.28318530718),.UNSPECIFIED.);
#1227 = CARTESIAN_POINT('',(-83.26,-14.5,10.003));
#1228 = CARTESIAN_POINT('',(-83.52179938779,-14.5,10.003));
#1229 = CARTESIAN_POINT('',(-83.78359833832,-14.5,9.961876809637));
#1230 = CARTESIAN_POINT('',(-84.03732533145,-14.5,9.87962935758));
#1231 = CARTESIAN_POINT('',(-84.27489513995,-14.5,9.758375011249));
#1232 = CARTESIAN_POINT('',(-84.48909343995,-14.5,9.602333684796));
#1233 = CARTESIAN_POINT('',(-84.85933368479,-14.5,9.23209343995));
#1234 = CARTESIAN_POINT('',(-85.01537501124,-14.5,9.017895139958));
#1235 = CARTESIAN_POINT('',(-85.13662935758,-14.5,8.780325331457));
#1236 = CARTESIAN_POINT('',(-85.21887680963,-14.5,8.526598338322));
#1237 = CARTESIAN_POINT('',(-85.26,-14.5,8.264799387799));
#1238 = CARTESIAN_POINT('',(-85.26,-14.5,8.003));
#1239 = AXIS1_PLACEMENT('',#1240,#1241);
#1240 = CARTESIAN_POINT('',(-83.06,-14.5,8.003));
#1241 = DIRECTION('',(0.,0.,-1.));
#1242 = ADVANCED_FACE('',(#1243),#1263,.T.);
#1243 = FACE_BOUND('',#1244,.T.);
#1244 = EDGE_LOOP('',(#1245,#1254,#1255,#1256));
#1245 = ORIENTED_EDGE('',*,*,#1246,.F.);
#1246 = EDGE_CURVE('',#552,#1247,#1249,.T.);
#1247 = VERTEX_POINT('',#1248);
#1248 = CARTESIAN_POINT('',(2.2,-46.05,8.003));
#1249 = CIRCLE('',#1250,2.);
#1250 = AXIS2_PLACEMENT_3D('',#1251,#1252,#1253);
#1251 = CARTESIAN_POINT('',(0.2,-46.05,8.003));
#1252 = DIRECTION('',(0.,1.,0.));
#1253 = DIRECTION('',(0.,0.,1.));
#1254 = ORIENTED_EDGE('',*,*,#559,.T.);
#1255 = ORIENTED_EDGE('',*,*,#1183,.T.);
#1256 = ORIENTED_EDGE('',*,*,#1257,.F.);
#1257 = EDGE_CURVE('',#1247,#1184,#1258,.T.);
#1258 = CIRCLE('',#1259,2.2);
#1259 = AXIS2_PLACEMENT_3D('',#1260,#1261,#1262);
#1260 = CARTESIAN_POINT('',(0.,-46.05,8.003));
#1261 = DIRECTION('',(0.,0.,-1.));
#1262 = DIRECTION('',(1.,0.,0.));
#1263 = SURFACE_OF_REVOLUTION('',#1264,#1277);
#1264 = B_SPLINE_CURVE_WITH_KNOTS('',6,(#1265,#1266,#1267,#1268,#1269,
    #1270,#1271,#1272,#1273,#1274,#1275,#1276),.UNSPECIFIED.,.F.,.F.,(7,
    5,7),(4.712388980385,5.497787143782,6.28318530718),.UNSPECIFIED.);
#1265 = CARTESIAN_POINT('',(0.2,-46.05,10.003));
#1266 = CARTESIAN_POINT('',(0.461799387799,-46.05,10.003));
#1267 = CARTESIAN_POINT('',(0.723598338322,-46.05,9.961876809637));
#1268 = CARTESIAN_POINT('',(0.977325331457,-46.05,9.87962935758));
#1269 = CARTESIAN_POINT('',(1.214895139958,-46.05,9.758375011249));
#1270 = CARTESIAN_POINT('',(1.42909343995,-46.05,9.602333684796));
#1271 = CARTESIAN_POINT('',(1.799333684796,-46.05,9.23209343995));
#1272 = CARTESIAN_POINT('',(1.955375011249,-46.05,9.017895139958));
#1273 = CARTESIAN_POINT('',(2.07662935758,-46.05,8.780325331457));
#1274 = CARTESIAN_POINT('',(2.158876809637,-46.05,8.526598338322));
#1275 = CARTESIAN_POINT('',(2.2,-46.05,8.264799387799));
#1276 = CARTESIAN_POINT('',(2.2,-46.05,8.003));
#1277 = AXIS1_PLACEMENT('',#1278,#1279);
#1278 = CARTESIAN_POINT('',(0.,-46.05,8.003));
#1279 = DIRECTION('',(0.,0.,-1.));
#1280 = ADVANCED_FACE('',(#1281),#1300,.T.);
#1281 = FACE_BOUND('',#1282,.F.);
#1282 = EDGE_LOOP('',(#1283,#1284,#1292,#1299));
#1283 = ORIENTED_EDGE('',*,*,#1210,.T.);
#1284 = ORIENTED_EDGE('',*,*,#1285,.T.);
#1285 = EDGE_CURVE('',#1211,#1286,#1288,.T.);
#1286 = VERTEX_POINT('',#1287);
#1287 = CARTESIAN_POINT('',(-74.80756534141,1.254076367903,8.003));
#1288 = LINE('',#1289,#1290);
#1289 = CARTESIAN_POINT('',(-84.86756534141,-13.24592363209,8.003));
#1290 = VECTOR('',#1291,1.);
#1291 = DIRECTION('',(0.570034712683,0.821620609732,0.));
#1292 = ORIENTED_EDGE('',*,*,#1293,.F.);
#1293 = EDGE_CURVE('',#501,#1286,#1294,.T.);
#1294 = CIRCLE('',#1295,2.);
#1295 = AXIS2_PLACEMENT_3D('',#1296,#1297,#1298);
#1296 = CARTESIAN_POINT('',(-73.16432412194,0.114006942537,8.003));
#1297 = DIRECTION('',(-0.570034712683,-0.821620609732,0.));
#1298 = DIRECTION('',(0.,0.,1.));
#1299 = ORIENTED_EDGE('',*,*,#500,.F.);
#1300 = CYLINDRICAL_SURFACE('',#1301,2.);
#1301 = AXIS2_PLACEMENT_3D('',#1302,#1303,#1304);
#1302 = CARTESIAN_POINT('',(-83.22432412194,-14.38599305746,8.003));
#1303 = DIRECTION('',(0.570034712683,0.821620609732,0.));
#1304 = DIRECTION('',(0.,0.,1.));
#1305 = ADVANCED_FACE('',(#1306),#1325,.T.);
#1306 = FACE_BOUND('',#1307,.F.);
#1307 = EDGE_LOOP('',(#1308,#1317,#1323,#1324));
#1308 = ORIENTED_EDGE('',*,*,#1309,.T.);
#1309 = EDGE_CURVE('',#543,#1310,#1312,.T.);
#1310 = VERTEX_POINT('',#1311);
#1311 = CARTESIAN_POINT('',(2.2,-1.95,8.003));
#1312 = CIRCLE('',#1313,2.);
#1313 = AXIS2_PLACEMENT_3D('',#1314,#1315,#1316);
#1314 = CARTESIAN_POINT('',(0.2,-1.95,8.003));
#1315 = DIRECTION('',(-1.720845688169E-15,1.,0.));
#1316 = DIRECTION('',(1.,1.720845688169E-15,0.));
#1317 = ORIENTED_EDGE('',*,*,#1318,.T.);
#1318 = EDGE_CURVE('',#1310,#1247,#1319,.T.);
#1319 = LINE('',#1320,#1321);
#1320 = CARTESIAN_POINT('',(2.2,-1.95,8.003));
#1321 = VECTOR('',#1322,1.);
#1322 = DIRECTION('',(-0.,-1.,-0.));
#1323 = ORIENTED_EDGE('',*,*,#1246,.F.);
#1324 = ORIENTED_EDGE('',*,*,#551,.F.);
#1325 = CYLINDRICAL_SURFACE('',#1326,2.);
#1326 = AXIS2_PLACEMENT_3D('',#1327,#1328,#1329);
#1327 = CARTESIAN_POINT('',(0.2,-1.95,8.003));
#1328 = DIRECTION('',(-0.,-1.,-0.));
#1329 = DIRECTION('',(0.,0.,1.));
#1330 = ADVANCED_FACE('',(#1331),#1351,.T.);
#1331 = FACE_BOUND('',#1332,.T.);
#1332 = EDGE_LOOP('',(#1333,#1334,#1335,#1344));
#1333 = ORIENTED_EDGE('',*,*,#1293,.F.);
#1334 = ORIENTED_EDGE('',*,*,#508,.T.);
#1335 = ORIENTED_EDGE('',*,*,#1336,.T.);
#1336 = EDGE_CURVE('',#509,#1337,#1339,.T.);
#1337 = VERTEX_POINT('',#1338);
#1338 = CARTESIAN_POINT('',(-73.,2.2,8.003));
#1339 = CIRCLE('',#1340,2.);
#1340 = AXIS2_PLACEMENT_3D('',#1341,#1342,#1343);
#1341 = CARTESIAN_POINT('',(-73.,0.2,8.003));
#1342 = DIRECTION('',(-1.,2.053912595557E-15,0.));
#1343 = DIRECTION('',(2.053912595557E-15,1.,0.));
#1344 = ORIENTED_EDGE('',*,*,#1345,.F.);
#1345 = EDGE_CURVE('',#1286,#1337,#1346,.T.);
#1346 = CIRCLE('',#1347,2.2);
#1347 = AXIS2_PLACEMENT_3D('',#1348,#1349,#1350);
#1348 = CARTESIAN_POINT('',(-73.,0.,8.003));
#1349 = DIRECTION('',(0.,0.,-1.));
#1350 = DIRECTION('',(-0.821620609732,0.570034712683,0.));
#1351 = SURFACE_OF_REVOLUTION('',#1352,#1365);
#1352 = B_SPLINE_CURVE_WITH_KNOTS('',6,(#1353,#1354,#1355,#1356,#1357,
    #1358,#1359,#1360,#1361,#1362,#1363,#1364),.UNSPECIFIED.,.F.,.F.,(7,
    5,7),(4.712388980385,5.497787143782,6.28318530718),.UNSPECIFIED.);
#1353 = CARTESIAN_POINT('',(-73.16432412194,0.114006942537,10.003));
#1354 = CARTESIAN_POINT('',(-73.37942389457,0.263241681341,10.003));
#1355 = CARTESIAN_POINT('',(-73.59452330793,0.412476170883,
    9.961876809637));
#1356 = CARTESIAN_POINT('',(-73.80299063473,0.557109364515,9.87962935758
    ));
#1357 = CARTESIAN_POINT('',(-73.99818288565,0.692532402046,
    9.758375011249));
#1358 = CARTESIAN_POINT('',(-74.17417262349,0.814632868439,
    9.602333684796));
#1359 = CARTESIAN_POINT('',(-74.47836963921,1.025682660034,9.23209343995
    ));
#1360 = CARTESIAN_POINT('',(-74.60657640899,1.114631632725,
    9.017895139958));
#1361 = CARTESIAN_POINT('',(-74.70620147896,1.183750819197,
    8.780325331457));
#1362 = CARTESIAN_POINT('',(-74.77377768067,1.2306347219,8.526598338322)
  );
#1363 = CARTESIAN_POINT('',(-74.80756534141,1.254076367903,
    8.264799387799));
#1364 = CARTESIAN_POINT('',(-74.80756534141,1.254076367903,8.003));
#1365 = AXIS1_PLACEMENT('',#1366,#1367);
#1366 = CARTESIAN_POINT('',(-73.,0.,8.003));
#1367 = DIRECTION('',(0.,0.,-1.));
#1368 = ADVANCED_FACE('',(#1369),#1389,.T.);
#1369 = FACE_BOUND('',#1370,.T.);
#1370 = EDGE_LOOP('',(#1371,#1380,#1381,#1382));
#1371 = ORIENTED_EDGE('',*,*,#1372,.F.);
#1372 = EDGE_CURVE('',#535,#1373,#1375,.T.);
#1373 = VERTEX_POINT('',#1374);
#1374 = CARTESIAN_POINT('',(1.658300005797,-0.504302559049,8.003));
#1375 = CIRCLE('',#1376,2.);
#1376 = AXIS2_PLACEMENT_3D('',#1377,#1378,#1379);
#1377 = CARTESIAN_POINT('',(0.150754545982,-1.818572959914,8.003));
#1378 = DIRECTION('',(-0.657135200432,0.753772729908,0.));
#1379 = DIRECTION('',(0.,0.,1.));
#1380 = ORIENTED_EDGE('',*,*,#542,.T.);
#1381 = ORIENTED_EDGE('',*,*,#1309,.T.);
#1382 = ORIENTED_EDGE('',*,*,#1383,.F.);
#1383 = EDGE_CURVE('',#1373,#1310,#1384,.T.);
#1384 = CIRCLE('',#1385,2.2);
#1385 = AXIS2_PLACEMENT_3D('',#1386,#1387,#1388);
#1386 = CARTESIAN_POINT('',(0.,-1.95,8.003));
#1387 = DIRECTION('',(0.,0.,-1.));
#1388 = DIRECTION('',(0.753772729908,0.657135200432,0.));
#1389 = SURFACE_OF_REVOLUTION('',#1390,#1403);
#1390 = B_SPLINE_CURVE_WITH_KNOTS('',6,(#1391,#1392,#1393,#1394,#1395,
    #1396,#1397,#1398,#1399,#1400,#1401,#1402),.UNSPECIFIED.,.F.,.F.,(7,
    5,7),(4.712388980385,5.497787143782,6.28318530718),.UNSPECIFIED.);
#1391 = CARTESIAN_POINT('',(0.150754545982,-1.818572959914,10.003));
#1392 = CARTESIAN_POINT('',(0.348091785211,-1.646535366739,10.003));
#1393 = CARTESIAN_POINT('',(0.545428694833,-1.474498060915,
    9.961876809637));
#1394 = CARTESIAN_POINT('',(0.7366811831,-1.307765122425,9.87962935758)
  );
#1395 = CARTESIAN_POINT('',(0.915754826198,-1.151649638699,
    9.758375011249));
#1396 = CARTESIAN_POINT('',(1.077211663524,-1.010892395902,
    9.602333684796));
#1397 = CARTESIAN_POINT('',(1.356288663604,-0.767594498397,9.23209343995
    ));
#1398 = CARTESIAN_POINT('',(1.473908360222,-0.665054250063,
    9.017895139958));
#1399 = CARTESIAN_POINT('',(1.56530657987,-0.585373750883,8.780325331457
    ));
#1400 = CARTESIAN_POINT('',(1.627302466335,-0.53132605499,8.526598338322
    ));
#1401 = CARTESIAN_POINT('',(1.658300005797,-0.504302559049,
    8.264799387799));
#1402 = CARTESIAN_POINT('',(1.658300005797,-0.504302559049,8.003));
#1403 = AXIS1_PLACEMENT('',#1404,#1405);
#1404 = CARTESIAN_POINT('',(0.,-1.95,8.003));
#1405 = DIRECTION('',(0.,0.,-1.));
#1406 = ADVANCED_FACE('',(#1407),#1426,.T.);
#1407 = FACE_BOUND('',#1408,.F.);
#1408 = EDGE_LOOP('',(#1409,#1410,#1418,#1425));
#1409 = ORIENTED_EDGE('',*,*,#1336,.T.);
#1410 = ORIENTED_EDGE('',*,*,#1411,.T.);
#1411 = EDGE_CURVE('',#1337,#1412,#1414,.T.);
#1412 = VERTEX_POINT('',#1413);
#1413 = CARTESIAN_POINT('',(-1.7,2.2,8.003));
#1414 = LINE('',#1415,#1416);
#1415 = CARTESIAN_POINT('',(-73.,2.2,8.003));
#1416 = VECTOR('',#1417,1.);
#1417 = DIRECTION('',(1.,0.,0.));
#1418 = ORIENTED_EDGE('',*,*,#1419,.F.);
#1419 = EDGE_CURVE('',#518,#1412,#1420,.T.);
#1420 = CIRCLE('',#1421,2.);
#1421 = AXIS2_PLACEMENT_3D('',#1422,#1423,#1424);
#1422 = CARTESIAN_POINT('',(-1.7,0.2,8.003));
#1423 = DIRECTION('',(-1.,0.,0.));
#1424 = DIRECTION('',(0.,0.,1.));
#1425 = ORIENTED_EDGE('',*,*,#517,.F.);
#1426 = CYLINDRICAL_SURFACE('',#1427,2.);
#1427 = AXIS2_PLACEMENT_3D('',#1428,#1429,#1430);
#1428 = CARTESIAN_POINT('',(-73.,0.2,8.003));
#1429 = DIRECTION('',(1.,0.,0.));
#1430 = DIRECTION('',(0.,0.,1.));
#1431 = ADVANCED_FACE('',(#1432),#1451,.T.);
#1432 = FACE_BOUND('',#1433,.F.);
#1433 = EDGE_LOOP('',(#1434,#1443,#1449,#1450));
#1434 = ORIENTED_EDGE('',*,*,#1435,.T.);
#1435 = EDGE_CURVE('',#526,#1436,#1438,.T.);
#1436 = VERTEX_POINT('',#1437);
#1437 = CARTESIAN_POINT('',(-4.169999420287E-02,1.445697440951,8.003));
#1438 = CIRCLE('',#1439,2.);
#1439 = AXIS2_PLACEMENT_3D('',#1440,#1441,#1442);
#1440 = CARTESIAN_POINT('',(-1.549245454018,0.131427040086,8.003));
#1441 = DIRECTION('',(-0.657135200432,0.753772729908,0.));
#1442 = DIRECTION('',(0.753772729908,0.657135200432,0.));
#1443 = ORIENTED_EDGE('',*,*,#1444,.T.);
#1444 = EDGE_CURVE('',#1436,#1373,#1445,.T.);
#1445 = LINE('',#1446,#1447);
#1446 = CARTESIAN_POINT('',(-4.169999420287E-02,1.445697440951,8.003));
#1447 = VECTOR('',#1448,1.);
#1448 = DIRECTION('',(0.657135200432,-0.753772729908,0.));
#1449 = ORIENTED_EDGE('',*,*,#1372,.F.);
#1450 = ORIENTED_EDGE('',*,*,#534,.F.);
#1451 = CYLINDRICAL_SURFACE('',#1452,2.);
#1452 = AXIS2_PLACEMENT_3D('',#1453,#1454,#1455);
#1453 = CARTESIAN_POINT('',(-1.549245454018,0.131427040086,8.003));
#1454 = DIRECTION('',(0.657135200432,-0.753772729908,0.));
#1455 = DIRECTION('',(0.,0.,1.));
#1456 = ADVANCED_FACE('',(#1457),#1469,.T.);
#1457 = FACE_BOUND('',#1458,.T.);
#1458 = EDGE_LOOP('',(#1459,#1460,#1461,#1462));
#1459 = ORIENTED_EDGE('',*,*,#1419,.F.);
#1460 = ORIENTED_EDGE('',*,*,#525,.T.);
#1461 = ORIENTED_EDGE('',*,*,#1435,.T.);
#1462 = ORIENTED_EDGE('',*,*,#1463,.F.);
#1463 = EDGE_CURVE('',#1412,#1436,#1464,.T.);
#1464 = CIRCLE('',#1465,2.2);
#1465 = AXIS2_PLACEMENT_3D('',#1466,#1467,#1468);
#1466 = CARTESIAN_POINT('',(-1.7,0.,8.003));
#1467 = DIRECTION('',(0.,0.,-1.));
#1468 = DIRECTION('',(0.,1.,0.));
#1469 = SURFACE_OF_REVOLUTION('',#1470,#1483);
#1470 = B_SPLINE_CURVE_WITH_KNOTS('',6,(#1471,#1472,#1473,#1474,#1475,
    #1476,#1477,#1478,#1479,#1480,#1481,#1482),.UNSPECIFIED.,.F.,.F.,(7,
    5,7),(4.712388980385,5.497787143782,6.28318530718),.UNSPECIFIED.);
#1471 = CARTESIAN_POINT('',(-1.7,0.2,10.003));
#1472 = CARTESIAN_POINT('',(-1.7,0.461799387799,10.003));
#1473 = CARTESIAN_POINT('',(-1.7,0.723598338322,9.961876809637));
#1474 = CARTESIAN_POINT('',(-1.7,0.977325331457,9.87962935758));
#1475 = CARTESIAN_POINT('',(-1.7,1.214895139958,9.758375011249));
#1476 = CARTESIAN_POINT('',(-1.7,1.42909343995,9.602333684796));
#1477 = CARTESIAN_POINT('',(-1.7,1.799333684796,9.23209343995));
#1478 = CARTESIAN_POINT('',(-1.7,1.955375011249,9.017895139958));
#1479 = CARTESIAN_POINT('',(-1.7,2.07662935758,8.780325331457));
#1480 = CARTESIAN_POINT('',(-1.7,2.158876809637,8.526598338322));
#1481 = CARTESIAN_POINT('',(-1.7,2.2,8.264799387799));
#1482 = CARTESIAN_POINT('',(-1.7,2.2,8.003));
#1483 = AXIS1_PLACEMENT('',#1484,#1485);
#1484 = CARTESIAN_POINT('',(-1.7,0.,8.003));
#1485 = DIRECTION('',(0.,0.,-1.));
#1486 = ADVANCED_FACE('',(#1487),#1506,.F.);
#1487 = FACE_BOUND('',#1488,.T.);
#1488 = EDGE_LOOP('',(#1489,#1490,#1498,#1505));
#1489 = ORIENTED_EDGE('',*,*,#635,.F.);
#1490 = ORIENTED_EDGE('',*,*,#1491,.T.);
#1491 = EDGE_CURVE('',#636,#1492,#1494,.T.);
#1492 = VERTEX_POINT('',#1493);
#1493 = CARTESIAN_POINT('',(-16.3,-37.5,8.003));
#1494 = LINE('',#1495,#1496);
#1495 = CARTESIAN_POINT('',(-16.3,-37.5,10.003));
#1496 = VECTOR('',#1497,1.);
#1497 = DIRECTION('',(0.,0.,-1.));
#1498 = ORIENTED_EDGE('',*,*,#1499,.T.);
#1499 = EDGE_CURVE('',#1492,#1492,#1500,.T.);
#1500 = CIRCLE('',#1501,6.95);
#1501 = AXIS2_PLACEMENT_3D('',#1502,#1503,#1504);
#1502 = CARTESIAN_POINT('',(-9.35,-37.5,8.003));
#1503 = DIRECTION('',(0.,0.,-1.));
#1504 = DIRECTION('',(-1.,-0.,-0.));
#1505 = ORIENTED_EDGE('',*,*,#1491,.F.);
#1506 = CYLINDRICAL_SURFACE('',#1507,6.95);
#1507 = AXIS2_PLACEMENT_3D('',#1508,#1509,#1510);
#1508 = CARTESIAN_POINT('',(-9.35,-37.5,10.003));
#1509 = DIRECTION('',(0.,0.,1.));
#1510 = DIRECTION('',(-1.,-0.,-0.));
#1511 = ADVANCED_FACE('',(#1512),#1531,.F.);
#1512 = FACE_BOUND('',#1513,.T.);
#1513 = EDGE_LOOP('',(#1514,#1515,#1523,#1530));
#1514 = ORIENTED_EDGE('',*,*,#646,.F.);
#1515 = ORIENTED_EDGE('',*,*,#1516,.T.);
#1516 = EDGE_CURVE('',#647,#1517,#1519,.T.);
#1517 = VERTEX_POINT('',#1518);
#1518 = CARTESIAN_POINT('',(-80.7,-24.42,8.003));
#1519 = LINE('',#1520,#1521);
#1520 = CARTESIAN_POINT('',(-80.7,-24.42,10.003));
#1521 = VECTOR('',#1522,1.);
#1522 = DIRECTION('',(0.,0.,-1.));
#1523 = ORIENTED_EDGE('',*,*,#1524,.T.);
#1524 = EDGE_CURVE('',#1517,#1517,#1525,.T.);
#1525 = CIRCLE('',#1526,6.95);
#1526 = AXIS2_PLACEMENT_3D('',#1527,#1528,#1529);
#1527 = CARTESIAN_POINT('',(-73.75,-24.42,8.003));
#1528 = DIRECTION('',(0.,0.,-1.));
#1529 = DIRECTION('',(-1.,-0.,-0.));
#1530 = ORIENTED_EDGE('',*,*,#1516,.F.);
#1531 = CYLINDRICAL_SURFACE('',#1532,6.95);
#1532 = AXIS2_PLACEMENT_3D('',#1533,#1534,#1535);
#1533 = CARTESIAN_POINT('',(-73.75,-24.42,10.003));
#1534 = DIRECTION('',(0.,0.,1.));
#1535 = DIRECTION('',(-1.,-0.,-0.));
#1536 = ADVANCED_FACE('',(#1537),#1556,.F.);
#1537 = FACE_BOUND('',#1538,.T.);
#1538 = EDGE_LOOP('',(#1539,#1540,#1548,#1555));
#1539 = ORIENTED_EDGE('',*,*,#657,.F.);
#1540 = ORIENTED_EDGE('',*,*,#1541,.T.);
#1541 = EDGE_CURVE('',#658,#1542,#1544,.T.);
#1542 = VERTEX_POINT('',#1543);
#1543 = CARTESIAN_POINT('',(-38.7437,-18.09,8.003));
#1544 = LINE('',#1545,#1546);
#1545 = CARTESIAN_POINT('',(-38.7437,-18.09,10.003));
#1546 = VECTOR('',#1547,1.);
#1547 = DIRECTION('',(0.,0.,-1.));
#1548 = ORIENTED_EDGE('',*,*,#1549,.T.);
#1549 = EDGE_CURVE('',#1542,#1542,#1550,.T.);
#1550 = CIRCLE('',#1551,6.95);
#1551 = AXIS2_PLACEMENT_3D('',#1552,#1553,#1554);
#1552 = CARTESIAN_POINT('',(-31.7937,-18.09,8.003));
#1553 = DIRECTION('',(0.,0.,-1.));
#1554 = DIRECTION('',(-1.,-0.,-0.));
#1555 = ORIENTED_EDGE('',*,*,#1541,.F.);
#1556 = CYLINDRICAL_SURFACE('',#1557,6.95);
#1557 = AXIS2_PLACEMENT_3D('',#1558,#1559,#1560);
#1558 = CARTESIAN_POINT('',(-31.7937,-18.09,10.003));
#1559 = DIRECTION('',(0.,0.,1.));
#1560 = DIRECTION('',(-1.,-0.,-0.));
#1561 = ADVANCED_FACE('',(#1562),#1581,.F.);
#1562 = FACE_BOUND('',#1563,.T.);
#1563 = EDGE_LOOP('',(#1564,#1565,#1573,#1580));
#1564 = ORIENTED_EDGE('',*,*,#668,.F.);
#1565 = ORIENTED_EDGE('',*,*,#1566,.T.);
#1566 = EDGE_CURVE('',#669,#1567,#1569,.T.);
#1567 = VERTEX_POINT('',#1568);
#1568 = CARTESIAN_POINT('',(-59.8,-15.09,8.003));
#1569 = LINE('',#1570,#1571);
#1570 = CARTESIAN_POINT('',(-59.8,-15.09,10.003));
#1571 = VECTOR('',#1572,1.);
#1572 = DIRECTION('',(0.,0.,-1.));
#1573 = ORIENTED_EDGE('',*,*,#1574,.T.);
#1574 = EDGE_CURVE('',#1567,#1567,#1575,.T.);
#1575 = CIRCLE('',#1576,6.95);
#1576 = AXIS2_PLACEMENT_3D('',#1577,#1578,#1579);
#1577 = CARTESIAN_POINT('',(-52.85,-15.09,8.003));
#1578 = DIRECTION('',(0.,0.,-1.));
#1579 = DIRECTION('',(-1.,-0.,-0.));
#1580 = ORIENTED_EDGE('',*,*,#1566,.F.);
#1581 = CYLINDRICAL_SURFACE('',#1582,6.95);
#1582 = AXIS2_PLACEMENT_3D('',#1583,#1584,#1585);
#1583 = CARTESIAN_POINT('',(-52.85,-15.09,10.003));
#1584 = DIRECTION('',(0.,0.,1.));
#1585 = DIRECTION('',(-1.,-0.,-0.));
#1586 = ADVANCED_FACE('',(#1587),#1607,.T.);
#1587 = FACE_BOUND('',#1588,.F.);
#1588 = EDGE_LOOP('',(#1589,#1598,#1599,#1600));
#1589 = ORIENTED_EDGE('',*,*,#1590,.F.);
#1590 = EDGE_CURVE('',#680,#1591,#1593,.T.);
#1591 = VERTEX_POINT('',#1592);
#1592 = CARTESIAN_POINT('',(-6.642341,-1.517642,9.603));
#1593 = CIRCLE('',#1594,0.4);
#1594 = AXIS2_PLACEMENT_3D('',#1595,#1596,#1597);
#1595 = CARTESIAN_POINT('',(-7.042341,-1.517642,9.603));
#1596 = DIRECTION('',(-1.0248212535E-15,1.,0.));
#1597 = DIRECTION('',(-1.,-1.0248212535E-15,-0.));
#1598 = ORIENTED_EDGE('',*,*,#679,.F.);
#1599 = ORIENTED_EDGE('',*,*,#1590,.T.);
#1600 = ORIENTED_EDGE('',*,*,#1601,.T.);
#1601 = EDGE_CURVE('',#1591,#1591,#1602,.T.);
#1602 = CIRCLE('',#1603,1.3);
#1603 = AXIS2_PLACEMENT_3D('',#1604,#1605,#1606);
#1604 = CARTESIAN_POINT('',(-5.342341,-1.517642,9.603));
#1605 = DIRECTION('',(0.,0.,-1.));
#1606 = DIRECTION('',(-1.,-1.0248212535E-15,-0.));
#1607 = TOROIDAL_SURFACE('',#1608,1.7,0.4);
#1608 = AXIS2_PLACEMENT_3D('',#1609,#1610,#1611);
#1609 = CARTESIAN_POINT('',(-5.342341,-1.517642,9.603));
#1610 = DIRECTION('',(0.,0.,1.));
#1611 = DIRECTION('',(-1.,-1.0248212535E-15,-0.));
#1612 = ADVANCED_FACE('',(#1613),#1632,.F.);
#1613 = FACE_BOUND('',#1614,.T.);
#1614 = EDGE_LOOP('',(#1615,#1623,#1624,#1625));
#1615 = ORIENTED_EDGE('',*,*,#1616,.F.);
#1616 = EDGE_CURVE('',#697,#1617,#1619,.T.);
#1617 = VERTEX_POINT('',#1618);
#1618 = CARTESIAN_POINT('',(-18.499926,-1.519071,8.003));
#1619 = LINE('',#1620,#1621);
#1620 = CARTESIAN_POINT('',(-18.499926,-1.519071,10.003));
#1621 = VECTOR('',#1622,1.);
#1622 = DIRECTION('',(0.,0.,-1.));
#1623 = ORIENTED_EDGE('',*,*,#707,.F.);
#1624 = ORIENTED_EDGE('',*,*,#1616,.T.);
#1625 = ORIENTED_EDGE('',*,*,#1626,.T.);
#1626 = EDGE_CURVE('',#1617,#1617,#1627,.T.);
#1627 = CIRCLE('',#1628,1.3);
#1628 = AXIS2_PLACEMENT_3D('',#1629,#1630,#1631);
#1629 = CARTESIAN_POINT('',(-17.199926,-1.519071,8.003));
#1630 = DIRECTION('',(0.,0.,-1.));
#1631 = DIRECTION('',(-1.,-0.,-0.));
#1632 = CYLINDRICAL_SURFACE('',#1633,1.3);
#1633 = AXIS2_PLACEMENT_3D('',#1634,#1635,#1636);
#1634 = CARTESIAN_POINT('',(-17.199926,-1.519071,10.003));
#1635 = DIRECTION('',(0.,0.,1.));
#1636 = DIRECTION('',(-1.,-0.,-0.));
#1637 = ADVANCED_FACE('',(#1638),#1763,.F.);
#1638 = FACE_BOUND('',#1639,.T.);
#1639 = EDGE_LOOP('',(#1640,#1650,#1658,#1667,#1675,#1684,#1692,#1700,
    #1708,#1717,#1725,#1734,#1742,#1750,#1756,#1757));
#1640 = ORIENTED_EDGE('',*,*,#1641,.F.);
#1641 = EDGE_CURVE('',#1642,#1644,#1646,.T.);
#1642 = VERTEX_POINT('',#1643);
#1643 = CARTESIAN_POINT('',(-64.685104,-35.2,0.));
#1644 = VERTEX_POINT('',#1645);
#1645 = CARTESIAN_POINT('',(-64.9103519099,-35.2,0.));
#1646 = LINE('',#1647,#1648);
#1647 = CARTESIAN_POINT('',(-22.64644394242,-35.2,0.));
#1648 = VECTOR('',#1649,1.);
#1649 = DIRECTION('',(-1.,-0.,-0.));
#1650 = ORIENTED_EDGE('',*,*,#1651,.T.);
#1651 = EDGE_CURVE('',#1642,#1652,#1654,.T.);
#1652 = VERTEX_POINT('',#1653);
#1653 = CARTESIAN_POINT('',(-64.685104,-35.2,2.391973));
#1654 = LINE('',#1655,#1656);
#1655 = CARTESIAN_POINT('',(-64.685104,-35.2,1.110223024625E-16));
#1656 = VECTOR('',#1657,1.);
#1657 = DIRECTION('',(0.,2.22044604925E-16,1.));
#1658 = ORIENTED_EDGE('',*,*,#1659,.T.);
#1659 = EDGE_CURVE('',#1652,#1660,#1662,.T.);
#1660 = VERTEX_POINT('',#1661);
#1661 = CARTESIAN_POINT('',(-63.791109,-35.2,3.285968));
#1662 = CIRCLE('',#1663,0.893995);
#1663 = AXIS2_PLACEMENT_3D('',#1664,#1665,#1666);
#1664 = CARTESIAN_POINT('',(-63.791109,-35.2,2.391973));
#1665 = DIRECTION('',(0.,1.,0.));
#1666 = DIRECTION('',(-1.,-0.,-0.));
#1667 = ORIENTED_EDGE('',*,*,#1668,.T.);
#1668 = EDGE_CURVE('',#1660,#1669,#1671,.T.);
#1669 = VERTEX_POINT('',#1670);
#1670 = CARTESIAN_POINT('',(-56.445051,-35.2,3.285968));
#1671 = LINE('',#1672,#1673);
#1672 = CARTESIAN_POINT('',(-63.791109,-35.2,3.285968));
#1673 = VECTOR('',#1674,1.);
#1674 = DIRECTION('',(1.,0.,0.));
#1675 = ORIENTED_EDGE('',*,*,#1676,.T.);
#1676 = EDGE_CURVE('',#1669,#1677,#1679,.T.);
#1677 = VERTEX_POINT('',#1678);
#1678 = CARTESIAN_POINT('',(-55.551056,-35.2,2.391973));
#1679 = CIRCLE('',#1680,0.893995);
#1680 = AXIS2_PLACEMENT_3D('',#1681,#1682,#1683);
#1681 = CARTESIAN_POINT('',(-56.445051,-35.2,2.391973));
#1682 = DIRECTION('',(0.,1.,-0.));
#1683 = DIRECTION('',(-1.80343084496E-14,0.,1.));
#1684 = ORIENTED_EDGE('',*,*,#1685,.T.);
#1685 = EDGE_CURVE('',#1677,#1686,#1688,.T.);
#1686 = VERTEX_POINT('',#1687);
#1687 = CARTESIAN_POINT('',(-55.551056,-35.2,0.));
#1688 = LINE('',#1689,#1690);
#1689 = CARTESIAN_POINT('',(-55.551056,-35.2,2.391973));
#1690 = VECTOR('',#1691,1.);
#1691 = DIRECTION('',(-0.,-2.22044604925E-16,-1.));
#1692 = ORIENTED_EDGE('',*,*,#1693,.F.);
#1693 = EDGE_CURVE('',#1694,#1686,#1696,.T.);
#1694 = VERTEX_POINT('',#1695);
#1695 = CARTESIAN_POINT('',(-50.002907,-35.2,0.));
#1696 = LINE('',#1697,#1698);
#1697 = CARTESIAN_POINT('',(-22.64644394242,-35.2,0.));
#1698 = VECTOR('',#1699,1.);
#1699 = DIRECTION('',(-1.,-0.,-0.));
#1700 = ORIENTED_EDGE('',*,*,#1701,.T.);
#1701 = EDGE_CURVE('',#1694,#1702,#1704,.T.);
#1702 = VERTEX_POINT('',#1703);
#1703 = CARTESIAN_POINT('',(-50.002907,-35.2,2.420986));
#1704 = LINE('',#1705,#1706);
#1705 = CARTESIAN_POINT('',(-50.002907,-35.2,1.110223024625E-16));
#1706 = VECTOR('',#1707,1.);
#1707 = DIRECTION('',(0.,2.22044604925E-16,1.));
#1708 = ORIENTED_EDGE('',*,*,#1709,.T.);
#1709 = EDGE_CURVE('',#1702,#1710,#1712,.T.);
#1710 = VERTEX_POINT('',#1711);
#1711 = CARTESIAN_POINT('',(-49.104133,-35.2,3.31976));
#1712 = CIRCLE('',#1713,0.898774);
#1713 = AXIS2_PLACEMENT_3D('',#1714,#1715,#1716);
#1714 = CARTESIAN_POINT('',(-49.104133,-35.2,2.420986));
#1715 = DIRECTION('',(0.,1.,0.));
#1716 = DIRECTION('',(-1.,-0.,-0.));
#1717 = ORIENTED_EDGE('',*,*,#1718,.T.);
#1718 = EDGE_CURVE('',#1710,#1719,#1721,.T.);
#1719 = VERTEX_POINT('',#1720);
#1720 = CARTESIAN_POINT('',(-39.255929,-35.2,3.31976));
#1721 = LINE('',#1722,#1723);
#1722 = CARTESIAN_POINT('',(-49.104133,-35.2,3.31976));
#1723 = VECTOR('',#1724,1.);
#1724 = DIRECTION('',(1.,0.,0.));
#1725 = ORIENTED_EDGE('',*,*,#1726,.T.);
#1726 = EDGE_CURVE('',#1719,#1727,#1729,.T.);
#1727 = VERTEX_POINT('',#1728);
#1728 = CARTESIAN_POINT('',(-38.357155,-35.2,2.420986));
#1729 = CIRCLE('',#1730,0.898774);
#1730 = AXIS2_PLACEMENT_3D('',#1731,#1732,#1733);
#1731 = CARTESIAN_POINT('',(-39.255929,-35.2,2.420986));
#1732 = DIRECTION('',(0.,1.,0.));
#1733 = DIRECTION('',(0.,0.,1.));
#1734 = ORIENTED_EDGE('',*,*,#1735,.T.);
#1735 = EDGE_CURVE('',#1727,#1736,#1738,.T.);
#1736 = VERTEX_POINT('',#1737);
#1737 = CARTESIAN_POINT('',(-38.357155,-35.2,0.));
#1738 = LINE('',#1739,#1740);
#1739 = CARTESIAN_POINT('',(-38.357155,-35.2,2.420986));
#1740 = VECTOR('',#1741,1.);
#1741 = DIRECTION('',(-0.,-2.22044604925E-16,-1.));
#1742 = ORIENTED_EDGE('',*,*,#1743,.F.);
#1743 = EDGE_CURVE('',#1744,#1736,#1746,.T.);
#1744 = VERTEX_POINT('',#1745);
#1745 = CARTESIAN_POINT('',(-22.64644394242,-35.2,0.));
#1746 = LINE('',#1747,#1748);
#1747 = CARTESIAN_POINT('',(-22.64644394242,-35.2,0.));
#1748 = VECTOR('',#1749,1.);
#1749 = DIRECTION('',(-1.,-0.,-0.));
#1750 = ORIENTED_EDGE('',*,*,#1751,.T.);
#1751 = EDGE_CURVE('',#1744,#723,#1752,.T.);
#1752 = LINE('',#1753,#1754);
#1753 = CARTESIAN_POINT('',(-22.64644394242,-35.2,0.));
#1754 = VECTOR('',#1755,1.);
#1755 = DIRECTION('',(0.,0.,1.));
#1756 = ORIENTED_EDGE('',*,*,#731,.T.);
#1757 = ORIENTED_EDGE('',*,*,#1758,.F.);
#1758 = EDGE_CURVE('',#1644,#732,#1759,.T.);
#1759 = LINE('',#1760,#1761);
#1760 = CARTESIAN_POINT('',(-64.9103519099,-35.2,0.));
#1761 = VECTOR('',#1762,1.);
#1762 = DIRECTION('',(0.,0.,1.));
#1763 = PLANE('',#1764);
#1764 = AXIS2_PLACEMENT_3D('',#1765,#1766,#1767);
#1765 = CARTESIAN_POINT('',(-22.64644394242,-35.2,0.));
#1766 = DIRECTION('',(0.,1.,0.));
#1767 = DIRECTION('',(1.,0.,0.));
#1768 = ADVANCED_FACE('',(#1769),#1787,.F.);
#1769 = FACE_BOUND('',#1770,.T.);
#1770 = EDGE_LOOP('',(#1771,#1779,#1780,#1781));
#1771 = ORIENTED_EDGE('',*,*,#1772,.T.);
#1772 = EDGE_CURVE('',#1773,#756,#1775,.T.);
#1773 = VERTEX_POINT('',#1774);
#1774 = CARTESIAN_POINT('',(-20.88,-36.92616671898,0.));
#1775 = LINE('',#1776,#1777);
#1776 = CARTESIAN_POINT('',(-20.88,-36.92616671898,0.));
#1777 = VECTOR('',#1778,1.);
#1778 = DIRECTION('',(0.,0.,1.));
#1779 = ORIENTED_EDGE('',*,*,#764,.T.);
#1780 = ORIENTED_EDGE('',*,*,#1751,.F.);
#1781 = ORIENTED_EDGE('',*,*,#1782,.F.);
#1782 = EDGE_CURVE('',#1773,#1744,#1783,.T.);
#1783 = LINE('',#1784,#1785);
#1784 = CARTESIAN_POINT('',(-20.88,-36.92616671898,0.));
#1785 = VECTOR('',#1786,1.);
#1786 = DIRECTION('',(-0.715213668601,0.698905865082,0.));
#1787 = PLANE('',#1788);
#1788 = AXIS2_PLACEMENT_3D('',#1789,#1790,#1791);
#1789 = CARTESIAN_POINT('',(-20.88,-36.92616671898,0.));
#1790 = DIRECTION('',(0.698905865082,0.715213668601,0.));
#1791 = DIRECTION('',(0.715213668601,-0.698905865082,0.));
#1792 = ADVANCED_FACE('',(#1793),#1811,.F.);
#1793 = FACE_BOUND('',#1794,.T.);
#1794 = EDGE_LOOP('',(#1795,#1796,#1797,#1805));
#1795 = ORIENTED_EDGE('',*,*,#1758,.T.);
#1796 = ORIENTED_EDGE('',*,*,#781,.T.);
#1797 = ORIENTED_EDGE('',*,*,#1798,.F.);
#1798 = EDGE_CURVE('',#1799,#782,#1801,.T.);
#1799 = VERTEX_POINT('',#1800);
#1800 = CARTESIAN_POINT('',(-68.94033791277,-40.57045043025,0.));
#1801 = LINE('',#1802,#1803);
#1802 = CARTESIAN_POINT('',(-68.94033791277,-40.57045043025,0.));
#1803 = VECTOR('',#1804,1.);
#1804 = DIRECTION('',(0.,0.,1.));
#1805 = ORIENTED_EDGE('',*,*,#1806,.F.);
#1806 = EDGE_CURVE('',#1644,#1799,#1807,.T.);
#1807 = LINE('',#1808,#1809);
#1808 = CARTESIAN_POINT('',(-64.9103519099,-35.2,0.));
#1809 = VECTOR('',#1810,1.);
#1810 = DIRECTION('',(-0.600204741026,-0.799846403286,-0.));
#1811 = PLANE('',#1812);
#1812 = AXIS2_PLACEMENT_3D('',#1813,#1814,#1815);
#1813 = CARTESIAN_POINT('',(-64.9103519099,-35.2,0.));
#1814 = DIRECTION('',(-0.799846403286,0.600204741026,0.));
#1815 = DIRECTION('',(0.600204741026,0.799846403286,0.));
#1816 = ADVANCED_FACE('',(#1817),#1835,.F.);
#1817 = FACE_BOUND('',#1818,.T.);
#1818 = EDGE_LOOP('',(#1819,#1827,#1828,#1829));
#1819 = ORIENTED_EDGE('',*,*,#1820,.T.);
#1820 = EDGE_CURVE('',#1821,#806,#1823,.T.);
#1821 = VERTEX_POINT('',#1822);
#1822 = CARTESIAN_POINT('',(-20.88,-46.05,0.));
#1823 = LINE('',#1824,#1825);
#1824 = CARTESIAN_POINT('',(-20.88,-46.05,0.));
#1825 = VECTOR('',#1826,1.);
#1826 = DIRECTION('',(0.,0.,1.));
#1827 = ORIENTED_EDGE('',*,*,#814,.T.);
#1828 = ORIENTED_EDGE('',*,*,#1772,.F.);
#1829 = ORIENTED_EDGE('',*,*,#1830,.F.);
#1830 = EDGE_CURVE('',#1821,#1773,#1831,.T.);
#1831 = LINE('',#1832,#1833);
#1832 = CARTESIAN_POINT('',(-20.88,-46.05,0.));
#1833 = VECTOR('',#1834,1.);
#1834 = DIRECTION('',(0.,1.,0.));
#1835 = PLANE('',#1836);
#1836 = AXIS2_PLACEMENT_3D('',#1837,#1838,#1839);
#1837 = CARTESIAN_POINT('',(-20.88,-46.05,0.));
#1838 = DIRECTION('',(1.,0.,0.));
#1839 = DIRECTION('',(0.,-1.,0.));
#1840 = ADVANCED_FACE('',(#1841),#1860,.T.);
#1841 = FACE_BOUND('',#1842,.T.);
#1842 = EDGE_LOOP('',(#1843,#1844,#1845,#1853));
#1843 = ORIENTED_EDGE('',*,*,#1798,.T.);
#1844 = ORIENTED_EDGE('',*,*,#841,.T.);
#1845 = ORIENTED_EDGE('',*,*,#1846,.F.);
#1846 = EDGE_CURVE('',#1847,#833,#1849,.T.);
#1847 = VERTEX_POINT('',#1848);
#1848 = CARTESIAN_POINT('',(-70.7,-41.45,0.));
#1849 = LINE('',#1850,#1851);
#1850 = CARTESIAN_POINT('',(-70.7,-41.45,0.));
#1851 = VECTOR('',#1852,1.);
#1852 = DIRECTION('',(0.,0.,1.));
#1853 = ORIENTED_EDGE('',*,*,#1854,.F.);
#1854 = EDGE_CURVE('',#1799,#1847,#1855,.T.);
#1855 = CIRCLE('',#1856,2.2);
#1856 = AXIS2_PLACEMENT_3D('',#1857,#1858,#1859);
#1857 = CARTESIAN_POINT('',(-70.7,-39.25,0.));
#1858 = DIRECTION('',(0.,0.,-1.));
#1859 = DIRECTION('',(-1.,-0.,-0.));
#1860 = CYLINDRICAL_SURFACE('',#1861,2.2);
#1861 = AXIS2_PLACEMENT_3D('',#1862,#1863,#1864);
#1862 = CARTESIAN_POINT('',(-70.7,-39.25,0.));
#1863 = DIRECTION('',(0.,0.,-1.));
#1864 = DIRECTION('',(-1.,-0.,-0.));
#1865 = ADVANCED_FACE('',(#1866),#1885,.T.);
#1866 = FACE_BOUND('',#1867,.T.);
#1867 = EDGE_LOOP('',(#1868,#1876,#1877,#1878));
#1868 = ORIENTED_EDGE('',*,*,#1869,.T.);
#1869 = EDGE_CURVE('',#1870,#869,#1872,.T.);
#1870 = VERTEX_POINT('',#1871);
#1871 = CARTESIAN_POINT('',(-20.23816168349,-47.6031040429,0.));
#1872 = LINE('',#1873,#1874);
#1873 = CARTESIAN_POINT('',(-20.23816168349,-47.6031040429,0.));
#1874 = VECTOR('',#1875,1.);
#1875 = DIRECTION('',(0.,0.,1.));
#1876 = ORIENTED_EDGE('',*,*,#879,.T.);
#1877 = ORIENTED_EDGE('',*,*,#1820,.F.);
#1878 = ORIENTED_EDGE('',*,*,#1879,.F.);
#1879 = EDGE_CURVE('',#1870,#1821,#1880,.T.);
#1880 = CIRCLE('',#1881,2.2);
#1881 = AXIS2_PLACEMENT_3D('',#1882,#1883,#1884);
#1882 = CARTESIAN_POINT('',(-18.68,-46.05,0.));
#1883 = DIRECTION('',(0.,0.,-1.));
#1884 = DIRECTION('',(-1.1E-16,1.,0.));
#1885 = CYLINDRICAL_SURFACE('',#1886,2.2);
#1886 = AXIS2_PLACEMENT_3D('',#1887,#1888,#1889);
#1887 = CARTESIAN_POINT('',(-18.68,-46.05,0.));
#1888 = DIRECTION('',(-0.,-0.,-1.));
#1889 = DIRECTION('',(-1.1E-16,1.,0.));
#1890 = ADVANCED_FACE('',(#1891),#1909,.F.);
#1891 = FACE_BOUND('',#1892,.T.);
#1892 = EDGE_LOOP('',(#1893,#1894,#1895,#1903));
#1893 = ORIENTED_EDGE('',*,*,#1846,.T.);
#1894 = ORIENTED_EDGE('',*,*,#907,.T.);
#1895 = ORIENTED_EDGE('',*,*,#1896,.F.);
#1896 = EDGE_CURVE('',#1897,#908,#1899,.T.);
#1897 = VERTEX_POINT('',#1898);
#1898 = CARTESIAN_POINT('',(-76.9,-41.45,0.));
#1899 = LINE('',#1900,#1901);
#1900 = CARTESIAN_POINT('',(-76.9,-41.45,0.));
#1901 = VECTOR('',#1902,1.);
#1902 = DIRECTION('',(0.,0.,1.));
#1903 = ORIENTED_EDGE('',*,*,#1904,.F.);
#1904 = EDGE_CURVE('',#1847,#1897,#1905,.T.);
#1905 = LINE('',#1906,#1907);
#1906 = CARTESIAN_POINT('',(-70.7,-41.45,0.));
#1907 = VECTOR('',#1908,1.);
#1908 = DIRECTION('',(-1.,-0.,-0.));
#1909 = PLANE('',#1910);
#1910 = AXIS2_PLACEMENT_3D('',#1911,#1912,#1913);
#1911 = CARTESIAN_POINT('',(-70.7,-41.45,0.));
#1912 = DIRECTION('',(0.,1.,0.));
#1913 = DIRECTION('',(1.,0.,0.));
#1914 = ADVANCED_FACE('',(#1915),#1933,.F.);
#1915 = FACE_BOUND('',#1916,.T.);
#1916 = EDGE_LOOP('',(#1917,#1925,#1926,#1927));
#1917 = ORIENTED_EDGE('',*,*,#1918,.T.);
#1918 = EDGE_CURVE('',#1919,#932,#1921,.T.);
#1919 = VERTEX_POINT('',#1920);
#1920 = CARTESIAN_POINT('',(-14.05816168349,-53.8032290429,0.));
#1921 = LINE('',#1922,#1923);
#1922 = CARTESIAN_POINT('',(-14.05816168349,-53.8032290429,0.));
#1923 = VECTOR('',#1924,1.);
#1924 = DIRECTION('',(0.,0.,1.));
#1925 = ORIENTED_EDGE('',*,*,#940,.T.);
#1926 = ORIENTED_EDGE('',*,*,#1869,.F.);
#1927 = ORIENTED_EDGE('',*,*,#1928,.F.);
#1928 = EDGE_CURVE('',#1919,#1870,#1929,.T.);
#1929 = LINE('',#1930,#1931);
#1930 = CARTESIAN_POINT('',(-14.05816168349,-53.8032290429,0.));
#1931 = VECTOR('',#1932,1.);
#1932 = DIRECTION('',(-0.705956383138,0.70825531068,0.));
#1933 = PLANE('',#1934);
#1934 = AXIS2_PLACEMENT_3D('',#1935,#1936,#1937);
#1935 = CARTESIAN_POINT('',(-14.05816168349,-53.8032290429,0.));
#1936 = DIRECTION('',(0.70825531068,0.705956383138,0.));
#1937 = DIRECTION('',(0.705956383138,-0.70825531068,0.));
#1938 = ADVANCED_FACE('',(#1939),#1958,.T.);
#1939 = FACE_BOUND('',#1940,.T.);
#1940 = EDGE_LOOP('',(#1941,#1942,#1943,#1951));
#1941 = ORIENTED_EDGE('',*,*,#1896,.T.);
#1942 = ORIENTED_EDGE('',*,*,#967,.T.);
#1943 = ORIENTED_EDGE('',*,*,#1944,.F.);
#1944 = EDGE_CURVE('',#1945,#959,#1947,.T.);
#1945 = VERTEX_POINT('',#1946);
#1946 = CARTESIAN_POINT('',(-78.47907955472,-40.78183150505,0.));
#1947 = LINE('',#1948,#1949);
#1948 = CARTESIAN_POINT('',(-78.47907955472,-40.78183150505,0.));
#1949 = VECTOR('',#1950,1.);
#1950 = DIRECTION('',(0.,0.,1.));
#1951 = ORIENTED_EDGE('',*,*,#1952,.F.);
#1952 = EDGE_CURVE('',#1897,#1945,#1953,.T.);
#1953 = CIRCLE('',#1954,2.2);
#1954 = AXIS2_PLACEMENT_3D('',#1955,#1956,#1957);
#1955 = CARTESIAN_POINT('',(-76.9,-39.25,0.));
#1956 = DIRECTION('',(0.,0.,-1.));
#1957 = DIRECTION('',(-0.69628704775,0.717763433963,0.));
#1958 = CYLINDRICAL_SURFACE('',#1959,2.2);
#1959 = AXIS2_PLACEMENT_3D('',#1960,#1961,#1962);
#1960 = CARTESIAN_POINT('',(-76.9,-39.25,0.));
#1961 = DIRECTION('',(-0.,-0.,-1.));
#1962 = DIRECTION('',(-0.69628704775,0.717763433963,0.));
#1963 = ADVANCED_FACE('',(#1964),#1983,.T.);
#1964 = FACE_BOUND('',#1965,.T.);
#1965 = EDGE_LOOP('',(#1966,#1974,#1975,#1976));
#1966 = ORIENTED_EDGE('',*,*,#1967,.T.);
#1967 = EDGE_CURVE('',#1968,#995,#1970,.T.);
#1968 = VERTEX_POINT('',#1969);
#1969 = CARTESIAN_POINT('',(-12.49995669291,-54.45012499957,0.));
#1970 = LINE('',#1971,#1972);
#1971 = CARTESIAN_POINT('',(-12.49995669291,-54.45012499957,0.));
#1972 = VECTOR('',#1973,1.);
#1973 = DIRECTION('',(0.,0.,1.));
#1974 = ORIENTED_EDGE('',*,*,#1005,.T.);
#1975 = ORIENTED_EDGE('',*,*,#1918,.F.);
#1976 = ORIENTED_EDGE('',*,*,#1977,.F.);
#1977 = EDGE_CURVE('',#1968,#1919,#1978,.T.);
#1978 = CIRCLE('',#1979,2.2);
#1979 = AXIS2_PLACEMENT_3D('',#1980,#1981,#1982);
#1980 = CARTESIAN_POINT('',(-12.5,-52.250125,0.));
#1981 = DIRECTION('',(0.,0.,-1.));
#1982 = DIRECTION('',(-0.705956383138,0.70825531068,0.));
#1983 = CYLINDRICAL_SURFACE('',#1984,2.2);
#1984 = AXIS2_PLACEMENT_3D('',#1985,#1986,#1987);
#1985 = CARTESIAN_POINT('',(-12.5,-52.250125,0.));
#1986 = DIRECTION('',(-0.,-0.,-1.));
#1987 = DIRECTION('',(-0.705956383138,0.70825531068,0.));
#1988 = ADVANCED_FACE('',(#1989),#2007,.F.);
#1989 = FACE_BOUND('',#1990,.T.);
#1990 = EDGE_LOOP('',(#1991,#1992,#1993,#2001));
#1991 = ORIENTED_EDGE('',*,*,#1944,.T.);
#1992 = ORIENTED_EDGE('',*,*,#1033,.T.);
#1993 = ORIENTED_EDGE('',*,*,#1994,.F.);
#1994 = EDGE_CURVE('',#1995,#1034,#1997,.T.);
#1995 = VERTEX_POINT('',#1996);
#1996 = CARTESIAN_POINT('',(-84.63907955472,-34.43183150505,0.));
#1997 = LINE('',#1998,#1999);
#1998 = CARTESIAN_POINT('',(-84.63907955472,-34.43183150505,0.));
#1999 = VECTOR('',#2000,1.);
#2000 = DIRECTION('',(0.,0.,1.));
#2001 = ORIENTED_EDGE('',*,*,#2002,.F.);
#2002 = EDGE_CURVE('',#1945,#1995,#2003,.T.);
#2003 = LINE('',#2004,#2005);
#2004 = CARTESIAN_POINT('',(-78.47907955472,-40.78183150505,0.));
#2005 = VECTOR('',#2006,1.);
#2006 = DIRECTION('',(-0.69628704775,0.717763433963,0.));
#2007 = PLANE('',#2008);
#2008 = AXIS2_PLACEMENT_3D('',#2009,#2010,#2011);
#2009 = CARTESIAN_POINT('',(-78.47907955472,-40.78183150505,0.));
#2010 = DIRECTION('',(0.717763433963,0.69628704775,0.));
#2011 = DIRECTION('',(0.69628704775,-0.717763433963,0.));
#2012 = ADVANCED_FACE('',(#2013),#2031,.F.);
#2013 = FACE_BOUND('',#2014,.T.);
#2014 = EDGE_LOOP('',(#2015,#2023,#2024,#2025));
#2015 = ORIENTED_EDGE('',*,*,#2016,.T.);
#2016 = EDGE_CURVE('',#2017,#1058,#2019,.T.);
#2017 = VERTEX_POINT('',#2018);
#2018 = CARTESIAN_POINT('',(-6.149956692913,-54.44999999957,0.));
#2019 = LINE('',#2020,#2021);
#2020 = CARTESIAN_POINT('',(-6.149956692913,-54.44999999957,0.));
#2021 = VECTOR('',#2022,1.);
#2022 = DIRECTION('',(0.,0.,1.));
#2023 = ORIENTED_EDGE('',*,*,#1066,.T.);
#2024 = ORIENTED_EDGE('',*,*,#1967,.F.);
#2025 = ORIENTED_EDGE('',*,*,#2026,.F.);
#2026 = EDGE_CURVE('',#2017,#1968,#2027,.T.);
#2027 = LINE('',#2028,#2029);
#2028 = CARTESIAN_POINT('',(-6.149956692913,-54.44999999957,0.));
#2029 = VECTOR('',#2030,1.);
#2030 = DIRECTION('',(-0.999999999806,-1.96850393658E-05,-0.));
#2031 = PLANE('',#2032);
#2032 = AXIS2_PLACEMENT_3D('',#2033,#2034,#2035);
#2033 = CARTESIAN_POINT('',(-6.149956692913,-54.44999999957,0.));
#2034 = DIRECTION('',(-1.96850393658E-05,0.999999999806,0.));
#2035 = DIRECTION('',(0.999999999806,1.96850393658E-05,0.));
#2036 = ADVANCED_FACE('',(#2037),#2056,.T.);
#2037 = FACE_BOUND('',#2038,.T.);
#2038 = EDGE_LOOP('',(#2039,#2040,#2041,#2049));
#2039 = ORIENTED_EDGE('',*,*,#1994,.T.);
#2040 = ORIENTED_EDGE('',*,*,#1093,.T.);
#2041 = ORIENTED_EDGE('',*,*,#2042,.F.);
#2042 = EDGE_CURVE('',#2043,#1085,#2045,.T.);
#2043 = VERTEX_POINT('',#2044);
#2044 = CARTESIAN_POINT('',(-85.26,-32.9,0.));
#2045 = LINE('',#2046,#2047);
#2046 = CARTESIAN_POINT('',(-85.26,-32.9,0.));
#2047 = VECTOR('',#2048,1.);
#2048 = DIRECTION('',(0.,0.,1.));
#2049 = ORIENTED_EDGE('',*,*,#2050,.F.);
#2050 = EDGE_CURVE('',#1995,#2043,#2051,.T.);
#2051 = CIRCLE('',#2052,2.2);
#2052 = AXIS2_PLACEMENT_3D('',#2053,#2054,#2055);
#2053 = CARTESIAN_POINT('',(-83.06,-32.9,0.));
#2054 = DIRECTION('',(0.,0.,-1.));
#2055 = DIRECTION('',(-1.1E-16,1.,0.));
#2056 = CYLINDRICAL_SURFACE('',#2057,2.2);
#2057 = AXIS2_PLACEMENT_3D('',#2058,#2059,#2060);
#2058 = CARTESIAN_POINT('',(-83.06,-32.9,0.));
#2059 = DIRECTION('',(-0.,-0.,-1.));
#2060 = DIRECTION('',(-1.1E-16,1.,0.));
#2061 = ADVANCED_FACE('',(#2062),#2081,.T.);
#2062 = FACE_BOUND('',#2063,.T.);
#2063 = EDGE_LOOP('',(#2064,#2072,#2073,#2074));
#2064 = ORIENTED_EDGE('',*,*,#2065,.T.);
#2065 = EDGE_CURVE('',#2066,#1121,#2068,.T.);
#2066 = VERTEX_POINT('',#2067);
#2067 = CARTESIAN_POINT('',(-4.588079764994,-53.79932410407,0.));
#2068 = LINE('',#2069,#2070);
#2069 = CARTESIAN_POINT('',(-4.588079764994,-53.79932410407,0.));
#2070 = VECTOR('',#2071,1.);
#2071 = DIRECTION('',(0.,0.,1.));
#2072 = ORIENTED_EDGE('',*,*,#1131,.T.);
#2073 = ORIENTED_EDGE('',*,*,#2016,.F.);
#2074 = ORIENTED_EDGE('',*,*,#2075,.F.);
#2075 = EDGE_CURVE('',#2066,#2017,#2076,.T.);
#2076 = CIRCLE('',#2077,2.2);
#2077 = AXIS2_PLACEMENT_3D('',#2078,#2079,#2080);
#2078 = CARTESIAN_POINT('',(-6.15,-52.25,0.));
#2079 = DIRECTION('',(0.,0.,-1.));
#2080 = DIRECTION('',(-0.999999999806,-1.968503936583E-05,-0.));
#2081 = CYLINDRICAL_SURFACE('',#2082,2.2);
#2082 = AXIS2_PLACEMENT_3D('',#2083,#2084,#2085);
#2083 = CARTESIAN_POINT('',(-6.15,-52.25,0.));
#2084 = DIRECTION('',(-0.,-0.,-1.));
#2085 = DIRECTION('',(-0.999999999806,-1.968503936583E-05,-0.));
#2086 = ADVANCED_FACE('',(#2087),#2105,.F.);
#2087 = FACE_BOUND('',#2088,.T.);
#2088 = EDGE_LOOP('',(#2089,#2090,#2091,#2099));
#2089 = ORIENTED_EDGE('',*,*,#2042,.T.);
#2090 = ORIENTED_EDGE('',*,*,#1159,.T.);
#2091 = ORIENTED_EDGE('',*,*,#2092,.F.);
#2092 = EDGE_CURVE('',#2093,#1160,#2095,.T.);
#2093 = VERTEX_POINT('',#2094);
#2094 = CARTESIAN_POINT('',(-85.26,-14.5,0.));
#2095 = LINE('',#2096,#2097);
#2096 = CARTESIAN_POINT('',(-85.26,-14.5,0.));
#2097 = VECTOR('',#2098,1.);
#2098 = DIRECTION('',(0.,0.,1.));
#2099 = ORIENTED_EDGE('',*,*,#2100,.F.);
#2100 = EDGE_CURVE('',#2043,#2093,#2101,.T.);
#2101 = LINE('',#2102,#2103);
#2102 = CARTESIAN_POINT('',(-85.26,-32.9,0.));
#2103 = VECTOR('',#2104,1.);
#2104 = DIRECTION('',(0.,1.,0.));
#2105 = PLANE('',#2106);
#2106 = AXIS2_PLACEMENT_3D('',#2107,#2108,#2109);
#2107 = CARTESIAN_POINT('',(-85.26,-32.9,0.));
#2108 = DIRECTION('',(1.,0.,0.));
#2109 = DIRECTION('',(0.,-1.,0.));
#2110 = ADVANCED_FACE('',(#2111),#2129,.F.);
#2111 = FACE_BOUND('',#2112,.T.);
#2112 = EDGE_LOOP('',(#2113,#2121,#2122,#2123));
#2113 = ORIENTED_EDGE('',*,*,#2114,.T.);
#2114 = EDGE_CURVE('',#2115,#1184,#2117,.T.);
#2115 = VERTEX_POINT('',#2116);
#2116 = CARTESIAN_POINT('',(1.561920235006,-47.59932410407,0.));
#2117 = LINE('',#2118,#2119);
#2118 = CARTESIAN_POINT('',(1.561920235006,-47.59932410407,0.));
#2119 = VECTOR('',#2120,1.);
#2120 = DIRECTION('',(0.,0.,1.));
#2121 = ORIENTED_EDGE('',*,*,#1192,.T.);
#2122 = ORIENTED_EDGE('',*,*,#2065,.F.);
#2123 = ORIENTED_EDGE('',*,*,#2124,.F.);
#2124 = EDGE_CURVE('',#2115,#2066,#2125,.T.);
#2125 = LINE('',#2126,#2127);
#2126 = CARTESIAN_POINT('',(1.561920235006,-47.59932410407,0.));
#2127 = VECTOR('',#2128,1.);
#2128 = DIRECTION('',(-0.704238229127,-0.709963743185,-0.));
#2129 = PLANE('',#2130);
#2130 = AXIS2_PLACEMENT_3D('',#2131,#2132,#2133);
#2131 = CARTESIAN_POINT('',(1.561920235006,-47.59932410407,0.));
#2132 = DIRECTION('',(-0.709963743185,0.704238229127,0.));
#2133 = DIRECTION('',(0.704238229127,0.709963743185,0.));
#2134 = ADVANCED_FACE('',(#2135),#2154,.T.);
#2135 = FACE_BOUND('',#2136,.T.);
#2136 = EDGE_LOOP('',(#2137,#2138,#2139,#2147));
#2137 = ORIENTED_EDGE('',*,*,#2092,.T.);
#2138 = ORIENTED_EDGE('',*,*,#1219,.T.);
#2139 = ORIENTED_EDGE('',*,*,#2140,.F.);
#2140 = EDGE_CURVE('',#2141,#1211,#2143,.T.);
#2141 = VERTEX_POINT('',#2142);
#2142 = CARTESIAN_POINT('',(-84.86756534141,-13.24592363209,0.));
#2143 = LINE('',#2144,#2145);
#2144 = CARTESIAN_POINT('',(-84.86756534141,-13.24592363209,0.));
#2145 = VECTOR('',#2146,1.);
#2146 = DIRECTION('',(0.,0.,1.));
#2147 = ORIENTED_EDGE('',*,*,#2148,.F.);
#2148 = EDGE_CURVE('',#2093,#2141,#2149,.T.);
#2149 = CIRCLE('',#2150,2.2);
#2150 = AXIS2_PLACEMENT_3D('',#2151,#2152,#2153);
#2151 = CARTESIAN_POINT('',(-83.06,-14.5,0.));
#2152 = DIRECTION('',(0.,0.,-1.));
#2153 = DIRECTION('',(0.570034712683,0.821620609732,0.));
#2154 = CYLINDRICAL_SURFACE('',#2155,2.2);
#2155 = AXIS2_PLACEMENT_3D('',#2156,#2157,#2158);
#2156 = CARTESIAN_POINT('',(-83.06,-14.5,0.));
#2157 = DIRECTION('',(0.,0.,-1.));
#2158 = DIRECTION('',(0.570034712683,0.821620609732,0.));
#2159 = ADVANCED_FACE('',(#2160),#2179,.T.);
#2160 = FACE_BOUND('',#2161,.T.);
#2161 = EDGE_LOOP('',(#2162,#2170,#2171,#2172));
#2162 = ORIENTED_EDGE('',*,*,#2163,.T.);
#2163 = EDGE_CURVE('',#2164,#1247,#2166,.T.);
#2164 = VERTEX_POINT('',#2165);
#2165 = CARTESIAN_POINT('',(2.2,-46.05,0.));
#2166 = LINE('',#2167,#2168);
#2167 = CARTESIAN_POINT('',(2.2,-46.05,0.));
#2168 = VECTOR('',#2169,1.);
#2169 = DIRECTION('',(0.,0.,1.));
#2170 = ORIENTED_EDGE('',*,*,#1257,.T.);
#2171 = ORIENTED_EDGE('',*,*,#2114,.F.);
#2172 = ORIENTED_EDGE('',*,*,#2173,.F.);
#2173 = EDGE_CURVE('',#2164,#2115,#2174,.T.);
#2174 = CIRCLE('',#2175,2.2);
#2175 = AXIS2_PLACEMENT_3D('',#2176,#2177,#2178);
#2176 = CARTESIAN_POINT('',(0.,-46.05,0.));
#2177 = DIRECTION('',(0.,0.,-1.));
#2178 = DIRECTION('',(-0.704238229127,-0.709963743185,-0.));
#2179 = CYLINDRICAL_SURFACE('',#2180,2.2);
#2180 = AXIS2_PLACEMENT_3D('',#2181,#2182,#2183);
#2181 = CARTESIAN_POINT('',(0.,-46.05,0.));
#2182 = DIRECTION('',(-0.,-0.,-1.));
#2183 = DIRECTION('',(-0.704238229127,-0.709963743185,-0.));
#2184 = ADVANCED_FACE('',(#2185),#2203,.F.);
#2185 = FACE_BOUND('',#2186,.T.);
#2186 = EDGE_LOOP('',(#2187,#2188,#2189,#2197));
#2187 = ORIENTED_EDGE('',*,*,#2140,.T.);
#2188 = ORIENTED_EDGE('',*,*,#1285,.T.);
#2189 = ORIENTED_EDGE('',*,*,#2190,.F.);
#2190 = EDGE_CURVE('',#2191,#1286,#2193,.T.);
#2191 = VERTEX_POINT('',#2192);
#2192 = CARTESIAN_POINT('',(-74.80756534141,1.254076367903,0.));
#2193 = LINE('',#2194,#2195);
#2194 = CARTESIAN_POINT('',(-74.80756534141,1.254076367903,0.));
#2195 = VECTOR('',#2196,1.);
#2196 = DIRECTION('',(0.,0.,1.));
#2197 = ORIENTED_EDGE('',*,*,#2198,.F.);
#2198 = EDGE_CURVE('',#2141,#2191,#2199,.T.);
#2199 = LINE('',#2200,#2201);
#2200 = CARTESIAN_POINT('',(-84.86756534141,-13.24592363209,0.));
#2201 = VECTOR('',#2202,1.);
#2202 = DIRECTION('',(0.570034712683,0.821620609732,0.));
#2203 = PLANE('',#2204);
#2204 = AXIS2_PLACEMENT_3D('',#2205,#2206,#2207);
#2205 = CARTESIAN_POINT('',(-84.86756534141,-13.24592363209,0.));
#2206 = DIRECTION('',(0.821620609732,-0.570034712683,0.));
#2207 = DIRECTION('',(-0.570034712683,-0.821620609732,0.));
#2208 = ADVANCED_FACE('',(#2209),#2227,.F.);
#2209 = FACE_BOUND('',#2210,.T.);
#2210 = EDGE_LOOP('',(#2211,#2219,#2220,#2221));
#2211 = ORIENTED_EDGE('',*,*,#2212,.T.);
#2212 = EDGE_CURVE('',#2213,#1310,#2215,.T.);
#2213 = VERTEX_POINT('',#2214);
#2214 = CARTESIAN_POINT('',(2.2,-1.95,0.));
#2215 = LINE('',#2216,#2217);
#2216 = CARTESIAN_POINT('',(2.2,-1.95,0.));
#2217 = VECTOR('',#2218,1.);
#2218 = DIRECTION('',(0.,0.,1.));
#2219 = ORIENTED_EDGE('',*,*,#1318,.T.);
#2220 = ORIENTED_EDGE('',*,*,#2163,.F.);
#2221 = ORIENTED_EDGE('',*,*,#2222,.F.);
#2222 = EDGE_CURVE('',#2213,#2164,#2223,.T.);
#2223 = LINE('',#2224,#2225);
#2224 = CARTESIAN_POINT('',(2.2,-1.95,0.));
#2225 = VECTOR('',#2226,1.);
#2226 = DIRECTION('',(-0.,-1.,-0.));
#2227 = PLANE('',#2228);
#2228 = AXIS2_PLACEMENT_3D('',#2229,#2230,#2231);
#2229 = CARTESIAN_POINT('',(2.2,-1.95,0.));
#2230 = DIRECTION('',(-1.,-0.,-0.));
#2231 = DIRECTION('',(0.,1.,0.));
#2232 = ADVANCED_FACE('',(#2233),#2273,.T.);
#2233 = FACE_BOUND('',#2234,.T.);
#2234 = EDGE_LOOP('',(#2235,#2244,#2245,#2246,#2254,#2267));
#2235 = ORIENTED_EDGE('',*,*,#2236,.F.);
#2236 = EDGE_CURVE('',#2191,#2237,#2239,.T.);
#2237 = VERTEX_POINT('',#2238);
#2238 = CARTESIAN_POINT('',(-73.64705882352,2.102692292965,0.));
#2239 = CIRCLE('',#2240,2.2);
#2240 = AXIS2_PLACEMENT_3D('',#2241,#2242,#2243);
#2241 = CARTESIAN_POINT('',(-73.,0.,0.));
#2242 = DIRECTION('',(0.,0.,-1.));
#2243 = DIRECTION('',(1.,-1.2E-16,0.));
#2244 = ORIENTED_EDGE('',*,*,#2190,.T.);
#2245 = ORIENTED_EDGE('',*,*,#1345,.T.);
#2246 = ORIENTED_EDGE('',*,*,#2247,.F.);
#2247 = EDGE_CURVE('',#2248,#1337,#2250,.T.);
#2248 = VERTEX_POINT('',#2249);
#2249 = CARTESIAN_POINT('',(-73.,2.2,4.156111229846));
#2250 = LINE('',#2251,#2252);
#2251 = CARTESIAN_POINT('',(-73.,2.2,0.));
#2252 = VECTOR('',#2253,1.);
#2253 = DIRECTION('',(0.,0.,1.));
#2254 = ORIENTED_EDGE('',*,*,#2255,.T.);
#2255 = EDGE_CURVE('',#2248,#2256,#2258,.T.);
#2256 = VERTEX_POINT('',#2257);
#2257 = CARTESIAN_POINT('',(-73.64705882352,2.102692292965,
    3.268232296657));
#2258 = ( BOUNDED_CURVE() B_SPLINE_CURVE(7,(#2259,#2260,#2261,#2262,
    #2263,#2264,#2265,#2266),.UNSPECIFIED.,.F.,.F.) 
B_SPLINE_CURVE_WITH_KNOTS((8,8),(13.367973349907,13.920164728271),
.PIECEWISE_BEZIER_KNOTS.) CURVE() GEOMETRIC_REPRESENTATION_ITEM() 
RATIONAL_B_SPLINE_CURVE((1.,1.,1.,1.,1.,1.,1.,1.)) REPRESENTATION_ITEM(
  '') );
#2259 = CARTESIAN_POINT('',(-73.,2.2,4.156111229846));
#2260 = CARTESIAN_POINT('',(-73.13857140416,2.2,4.091188931989));
#2261 = CARTESIAN_POINT('',(-73.27309079189,2.189673699544,
    4.008530656818));
#2262 = CARTESIAN_POINT('',(-73.40046092445,2.171120044431,
    3.905022480632));
#2263 = CARTESIAN_POINT('',(-73.51858722916,2.142873953902,
    3.775769466688));
#2264 = CARTESIAN_POINT('',(-73.60432855275,2.11569326133,3.615509862306
    ));
#2265 = CARTESIAN_POINT('',(-73.64705882352,2.102692292965,
    3.441934013723));
#2266 = CARTESIAN_POINT('',(-73.64705882352,2.102692292965,
    3.268232296657));
#2267 = ORIENTED_EDGE('',*,*,#2268,.T.);
#2268 = EDGE_CURVE('',#2256,#2237,#2269,.T.);
#2269 = LINE('',#2270,#2271);
#2270 = CARTESIAN_POINT('',(-73.64705882352,2.102692292965,
    3.268232296657));
#2271 = VECTOR('',#2272,1.);
#2272 = DIRECTION('',(0.,0.,-1.));
#2273 = CYLINDRICAL_SURFACE('',#2274,2.2);
#2274 = AXIS2_PLACEMENT_3D('',#2275,#2276,#2277);
#2275 = CARTESIAN_POINT('',(-73.,0.,0.));
#2276 = DIRECTION('',(0.,0.,-1.));
#2277 = DIRECTION('',(1.,-1.2E-16,0.));
#2278 = ADVANCED_FACE('',(#2279),#2298,.T.);
#2279 = FACE_BOUND('',#2280,.T.);
#2280 = EDGE_LOOP('',(#2281,#2289,#2290,#2291));
#2281 = ORIENTED_EDGE('',*,*,#2282,.T.);
#2282 = EDGE_CURVE('',#2283,#1373,#2285,.T.);
#2283 = VERTEX_POINT('',#2284);
#2284 = CARTESIAN_POINT('',(1.658300005797,-0.504302559049,0.));
#2285 = LINE('',#2286,#2287);
#2286 = CARTESIAN_POINT('',(1.658300005797,-0.504302559049,0.));
#2287 = VECTOR('',#2288,1.);
#2288 = DIRECTION('',(0.,0.,1.));
#2289 = ORIENTED_EDGE('',*,*,#1383,.T.);
#2290 = ORIENTED_EDGE('',*,*,#2212,.F.);
#2291 = ORIENTED_EDGE('',*,*,#2292,.F.);
#2292 = EDGE_CURVE('',#2283,#2213,#2293,.T.);
#2293 = CIRCLE('',#2294,2.2);
#2294 = AXIS2_PLACEMENT_3D('',#2295,#2296,#2297);
#2295 = CARTESIAN_POINT('',(0.,-1.95,0.));
#2296 = DIRECTION('',(0.,0.,-1.));
#2297 = DIRECTION('',(-1.1E-16,-1.,-0.));
#2298 = CYLINDRICAL_SURFACE('',#2299,2.2);
#2299 = AXIS2_PLACEMENT_3D('',#2300,#2301,#2302);
#2300 = CARTESIAN_POINT('',(0.,-1.95,0.));
#2301 = DIRECTION('',(-0.,-0.,-1.));
#2302 = DIRECTION('',(-1.1E-16,-1.,-0.));
#2303 = ADVANCED_FACE('',(#2304),#2456,.F.);
#2304 = FACE_BOUND('',#2305,.T.);
#2305 = EDGE_LOOP('',(#2306,#2316,#2324,#2333,#2341,#2350,#2358,#2366,
    #2374,#2383,#2391,#2400,#2408,#2416,#2424,#2433,#2441,#2448,#2449,
    #2450));
#2306 = ORIENTED_EDGE('',*,*,#2307,.F.);
#2307 = EDGE_CURVE('',#2308,#2310,#2312,.T.);
#2308 = VERTEX_POINT('',#2309);
#2309 = CARTESIAN_POINT('',(-5.323962678119,2.2,0.));
#2310 = VERTEX_POINT('',#2311);
#2311 = CARTESIAN_POINT('',(-1.7,2.2,0.));
#2312 = LINE('',#2313,#2314);
#2313 = CARTESIAN_POINT('',(-73.,2.2,0.));
#2314 = VECTOR('',#2315,1.);
#2315 = DIRECTION('',(1.,0.,0.));
#2316 = ORIENTED_EDGE('',*,*,#2317,.T.);
#2317 = EDGE_CURVE('',#2308,#2318,#2320,.T.);
#2318 = VERTEX_POINT('',#2319);
#2319 = CARTESIAN_POINT('',(-5.323962678119,2.2,4.952106242387));
#2320 = LINE('',#2321,#2322);
#2321 = CARTESIAN_POINT('',(-5.323962678119,2.2,-1.887379141863E-15));
#2322 = VECTOR('',#2323,1.);
#2323 = DIRECTION('',(0.,2.22044604925E-16,1.));
#2324 = ORIENTED_EDGE('',*,*,#2325,.T.);
#2325 = EDGE_CURVE('',#2318,#2326,#2328,.T.);
#2326 = VERTEX_POINT('',#2327);
#2327 = CARTESIAN_POINT('',(-6.571856435732,2.2,6.2));
#2328 = CIRCLE('',#2329,1.247893757613);
#2329 = AXIS2_PLACEMENT_3D('',#2330,#2331,#2332);
#2330 = CARTESIAN_POINT('',(-6.571856435732,2.2,4.952106242387));
#2331 = DIRECTION('',(0.,-1.,0.));
#2332 = DIRECTION('',(1.,0.,0.));
#2333 = ORIENTED_EDGE('',*,*,#2334,.T.);
#2334 = EDGE_CURVE('',#2326,#2335,#2337,.T.);
#2335 = VERTEX_POINT('',#2336);
#2336 = CARTESIAN_POINT('',(-15.60216026859,2.2,6.2));
#2337 = LINE('',#2338,#2339);
#2338 = CARTESIAN_POINT('',(-6.571856435732,2.2,6.2));
#2339 = VECTOR('',#2340,1.);
#2340 = DIRECTION('',(-1.,-0.,-0.));
#2341 = ORIENTED_EDGE('',*,*,#2342,.T.);
#2342 = EDGE_CURVE('',#2335,#2343,#2345,.T.);
#2343 = VERTEX_POINT('',#2344);
#2344 = CARTESIAN_POINT('',(-17.34845449346,2.2,4.453705775129));
#2345 = CIRCLE('',#2346,1.746294224866);
#2346 = AXIS2_PLACEMENT_3D('',#2347,#2348,#2349);
#2347 = CARTESIAN_POINT('',(-15.60216026859,2.2,4.453705775134));
#2348 = DIRECTION('',(0.,-1.,0.));
#2349 = DIRECTION('',(1.425310977102E-15,0.,1.));
#2350 = ORIENTED_EDGE('',*,*,#2351,.T.);
#2351 = EDGE_CURVE('',#2343,#2352,#2354,.T.);
#2352 = VERTEX_POINT('',#2353);
#2353 = CARTESIAN_POINT('',(-17.34845449346,2.2,0.));
#2354 = LINE('',#2355,#2356);
#2355 = CARTESIAN_POINT('',(-17.34845449346,2.2,4.45370577513));
#2356 = VECTOR('',#2357,1.);
#2357 = DIRECTION('',(-0.,-2.22044604925E-16,-1.));
#2358 = ORIENTED_EDGE('',*,*,#2359,.F.);
#2359 = EDGE_CURVE('',#2360,#2352,#2362,.T.);
#2360 = VERTEX_POINT('',#2361);
#2361 = CARTESIAN_POINT('',(-21.559414,2.2,0.));
#2362 = LINE('',#2363,#2364);
#2363 = CARTESIAN_POINT('',(-73.,2.2,0.));
#2364 = VECTOR('',#2365,1.);
#2365 = DIRECTION('',(1.,0.,0.));
#2366 = ORIENTED_EDGE('',*,*,#2367,.T.);
#2367 = EDGE_CURVE('',#2360,#2368,#2370,.T.);
#2368 = VERTEX_POINT('',#2369);
#2369 = CARTESIAN_POINT('',(-21.559414,2.2,2.222));
#2370 = LINE('',#2371,#2372);
#2371 = CARTESIAN_POINT('',(-21.559414,2.2,-1.110223024625E-16));
#2372 = VECTOR('',#2373,1.);
#2373 = DIRECTION('',(0.,2.22044604925E-16,1.));
#2374 = ORIENTED_EDGE('',*,*,#2375,.T.);
#2375 = EDGE_CURVE('',#2368,#2376,#2378,.T.);
#2376 = VERTEX_POINT('',#2377);
#2377 = CARTESIAN_POINT('',(-22.425412,2.2,3.087998));
#2378 = CIRCLE('',#2379,0.865998);
#2379 = AXIS2_PLACEMENT_3D('',#2380,#2381,#2382);
#2380 = CARTESIAN_POINT('',(-22.425412,2.2,2.222));
#2381 = DIRECTION('',(0.,-1.,0.));
#2382 = DIRECTION('',(1.,0.,0.));
#2383 = ORIENTED_EDGE('',*,*,#2384,.T.);
#2384 = EDGE_CURVE('',#2376,#2385,#2387,.T.);
#2385 = VERTEX_POINT('',#2386);
#2386 = CARTESIAN_POINT('',(-28.384467,2.2,3.087998));
#2387 = LINE('',#2388,#2389);
#2388 = CARTESIAN_POINT('',(-22.425412,2.2,3.087998));
#2389 = VECTOR('',#2390,1.);
#2390 = DIRECTION('',(-1.,-0.,-0.));
#2391 = ORIENTED_EDGE('',*,*,#2392,.T.);
#2392 = EDGE_CURVE('',#2385,#2393,#2395,.T.);
#2393 = VERTEX_POINT('',#2394);
#2394 = CARTESIAN_POINT('',(-29.250465,2.2,2.222));
#2395 = CIRCLE('',#2396,0.865998);
#2396 = AXIS2_PLACEMENT_3D('',#2397,#2398,#2399);
#2397 = CARTESIAN_POINT('',(-28.384467,2.2,2.222));
#2398 = DIRECTION('',(0.,-1.,0.));
#2399 = DIRECTION('',(9.706921018149E-15,0.,1.));
#2400 = ORIENTED_EDGE('',*,*,#2401,.T.);
#2401 = EDGE_CURVE('',#2393,#2402,#2404,.T.);
#2402 = VERTEX_POINT('',#2403);
#2403 = CARTESIAN_POINT('',(-29.250465,2.2,0.));
#2404 = LINE('',#2405,#2406);
#2405 = CARTESIAN_POINT('',(-29.250465,2.2,2.222));
#2406 = VECTOR('',#2407,1.);
#2407 = DIRECTION('',(-0.,-2.22044604925E-16,-1.));
#2408 = ORIENTED_EDGE('',*,*,#2409,.F.);
#2409 = EDGE_CURVE('',#2410,#2402,#2412,.T.);
#2410 = VERTEX_POINT('',#2411);
#2411 = CARTESIAN_POINT('',(-62.46262,2.2,0.));
#2412 = LINE('',#2413,#2414);
#2413 = CARTESIAN_POINT('',(-73.,2.2,0.));
#2414 = VECTOR('',#2415,1.);
#2415 = DIRECTION('',(1.,0.,0.));
#2416 = ORIENTED_EDGE('',*,*,#2417,.T.);
#2417 = EDGE_CURVE('',#2410,#2418,#2420,.T.);
#2418 = VERTEX_POINT('',#2419);
#2419 = CARTESIAN_POINT('',(-62.46262,2.2,3.268232296657));
#2420 = LINE('',#2421,#2422);
#2421 = CARTESIAN_POINT('',(-62.46262,2.2,-6.328271240363E-15));
#2422 = VECTOR('',#2423,1.);
#2423 = DIRECTION('',(0.,2.22044604925E-16,1.));
#2424 = ORIENTED_EDGE('',*,*,#2425,.T.);
#2425 = EDGE_CURVE('',#2418,#2426,#2428,.T.);
#2426 = VERTEX_POINT('',#2427);
#2427 = CARTESIAN_POINT('',(-63.500949,2.2,4.306561296657));
#2428 = CIRCLE('',#2429,1.038329);
#2429 = AXIS2_PLACEMENT_3D('',#2430,#2431,#2432);
#2430 = CARTESIAN_POINT('',(-63.500949,2.2,3.268232296657));
#2431 = DIRECTION('',(0.,-1.,0.));
#2432 = DIRECTION('',(1.,0.,0.));
#2433 = ORIENTED_EDGE('',*,*,#2434,.T.);
#2434 = EDGE_CURVE('',#2426,#2435,#2437,.T.);
#2435 = VERTEX_POINT('',#2436);
#2436 = CARTESIAN_POINT('',(-72.461671,2.2,4.306561296657));
#2437 = LINE('',#2438,#2439);
#2438 = CARTESIAN_POINT('',(-63.500949,2.2,4.306561296657));
#2439 = VECTOR('',#2440,1.);
#2440 = DIRECTION('',(-1.,-0.,-0.));
#2441 = ORIENTED_EDGE('',*,*,#2442,.T.);
#2442 = EDGE_CURVE('',#2435,#2248,#2443,.T.);
#2443 = CIRCLE('',#2444,1.038329);
#2444 = AXIS2_PLACEMENT_3D('',#2445,#2446,#2447);
#2445 = CARTESIAN_POINT('',(-72.461671,2.2,3.268232296657));
#2446 = DIRECTION('',(0.,-1.,0.));
#2447 = DIRECTION('',(0.,0.,1.));
#2448 = ORIENTED_EDGE('',*,*,#2247,.T.);
#2449 = ORIENTED_EDGE('',*,*,#1411,.T.);
#2450 = ORIENTED_EDGE('',*,*,#2451,.F.);
#2451 = EDGE_CURVE('',#2310,#1412,#2452,.T.);
#2452 = LINE('',#2453,#2454);
#2453 = CARTESIAN_POINT('',(-1.7,2.2,0.));
#2454 = VECTOR('',#2455,1.);
#2455 = DIRECTION('',(0.,0.,1.));
#2456 = PLANE('',#2457);
#2457 = AXIS2_PLACEMENT_3D('',#2458,#2459,#2460);
#2458 = CARTESIAN_POINT('',(-73.,2.2,0.));
#2459 = DIRECTION('',(-0.,-1.,-0.));
#2460 = DIRECTION('',(-1.,0.,0.));
#2461 = ADVANCED_FACE('',(#2462),#2480,.F.);
#2462 = FACE_BOUND('',#2463,.T.);
#2463 = EDGE_LOOP('',(#2464,#2472,#2473,#2474));
#2464 = ORIENTED_EDGE('',*,*,#2465,.T.);
#2465 = EDGE_CURVE('',#2466,#1436,#2468,.T.);
#2466 = VERTEX_POINT('',#2467);
#2467 = CARTESIAN_POINT('',(-4.169999420287E-02,1.445697440951,0.));
#2468 = LINE('',#2469,#2470);
#2469 = CARTESIAN_POINT('',(-4.169999420287E-02,1.445697440951,0.));
#2470 = VECTOR('',#2471,1.);
#2471 = DIRECTION('',(0.,0.,1.));
#2472 = ORIENTED_EDGE('',*,*,#1444,.T.);
#2473 = ORIENTED_EDGE('',*,*,#2282,.F.);
#2474 = ORIENTED_EDGE('',*,*,#2475,.F.);
#2475 = EDGE_CURVE('',#2466,#2283,#2476,.T.);
#2476 = LINE('',#2477,#2478);
#2477 = CARTESIAN_POINT('',(-4.169999420287E-02,1.445697440951,0.));
#2478 = VECTOR('',#2479,1.);
#2479 = DIRECTION('',(0.657135200432,-0.753772729908,0.));
#2480 = PLANE('',#2481);
#2481 = AXIS2_PLACEMENT_3D('',#2482,#2483,#2484);
#2482 = CARTESIAN_POINT('',(-4.169999420287E-02,1.445697440951,0.));
#2483 = DIRECTION('',(-0.753772729908,-0.657135200432,-0.));
#2484 = DIRECTION('',(-0.657135200432,0.753772729908,0.));
#2485 = ADVANCED_FACE('',(#2486),#2498,.T.);
#2486 = FACE_BOUND('',#2487,.T.);
#2487 = EDGE_LOOP('',(#2488,#2489,#2490,#2491));
#2488 = ORIENTED_EDGE('',*,*,#2451,.T.);
#2489 = ORIENTED_EDGE('',*,*,#1463,.T.);
#2490 = ORIENTED_EDGE('',*,*,#2465,.F.);
#2491 = ORIENTED_EDGE('',*,*,#2492,.F.);
#2492 = EDGE_CURVE('',#2310,#2466,#2493,.T.);
#2493 = CIRCLE('',#2494,2.2);
#2494 = AXIS2_PLACEMENT_3D('',#2495,#2496,#2497);
#2495 = CARTESIAN_POINT('',(-1.7,0.,0.));
#2496 = DIRECTION('',(0.,0.,-1.));
#2497 = DIRECTION('',(0.657135200432,-0.753772729908,0.));
#2498 = CYLINDRICAL_SURFACE('',#2499,2.2);
#2499 = AXIS2_PLACEMENT_3D('',#2500,#2501,#2502);
#2500 = CARTESIAN_POINT('',(-1.7,0.,0.));
#2501 = DIRECTION('',(0.,0.,-1.));
#2502 = DIRECTION('',(0.657135200432,-0.753772729908,0.));
#2503 = ADVANCED_FACE('',(#2504,#2842,#2845,#2848,#2851,#2862,#2865),
  #2868,.F.);
#2504 = FACE_BOUND('',#2505,.T.);
#2505 = EDGE_LOOP('',(#2506,#2516,#2524,#2533,#2541,#2549,#2558,#2566,
    #2574,#2583,#2591,#2600,#2608,#2616,#2625,#2633,#2641,#2650,#2658,
    #2667,#2675,#2684,#2692,#2701,#2709,#2718,#2726,#2734,#2743,#2751,
    #2759,#2768,#2776,#2785,#2793,#2802,#2810,#2819,#2827,#2835));
#2506 = ORIENTED_EDGE('',*,*,#2507,.T.);
#2507 = EDGE_CURVE('',#2508,#2510,#2512,.T.);
#2508 = VERTEX_POINT('',#2509);
#2509 = CARTESIAN_POINT('',(-79.983274,-13.486726,8.003));
#2510 = VERTEX_POINT('',#2511);
#2511 = CARTESIAN_POINT('',(-82.60041883932,-13.486726,8.003));
#2512 = LINE('',#2513,#2514);
#2513 = CARTESIAN_POINT('',(-79.983274,-13.486726,8.003));
#2514 = VECTOR('',#2515,1.);
#2515 = DIRECTION('',(-1.,0.,0.));
#2516 = ORIENTED_EDGE('',*,*,#2517,.T.);
#2517 = EDGE_CURVE('',#2510,#2518,#2520,.T.);
#2518 = VERTEX_POINT('',#2519);
#2519 = CARTESIAN_POINT('',(-73.16432412194,0.114006942537,8.003));
#2520 = LINE('',#2521,#2522);
#2521 = CARTESIAN_POINT('',(-77.62729810778,-6.318709041026,8.003));
#2522 = VECTOR('',#2523,1.);
#2523 = DIRECTION('',(0.570034712683,0.821620609732,0.));
#2524 = ORIENTED_EDGE('',*,*,#2525,.F.);
#2525 = EDGE_CURVE('',#2526,#2518,#2528,.T.);
#2526 = VERTEX_POINT('',#2527);
#2527 = CARTESIAN_POINT('',(-73.,0.2,8.003));
#2528 = CIRCLE('',#2529,0.2);
#2529 = AXIS2_PLACEMENT_3D('',#2530,#2531,#2532);
#2530 = CARTESIAN_POINT('',(-73.,0.,8.003));
#2531 = DIRECTION('',(-0.,0.,1.));
#2532 = DIRECTION('',(1.,-1.2E-16,0.));
#2533 = ORIENTED_EDGE('',*,*,#2534,.T.);
#2534 = EDGE_CURVE('',#2526,#2535,#2537,.T.);
#2535 = VERTEX_POINT('',#2536);
#2536 = CARTESIAN_POINT('',(-62.633274,0.2,8.003));
#2537 = LINE('',#2538,#2539);
#2538 = CARTESIAN_POINT('',(-55.27451537416,0.2,8.003));
#2539 = VECTOR('',#2540,1.);
#2540 = DIRECTION('',(1.,0.,0.));
#2541 = ORIENTED_EDGE('',*,*,#2542,.F.);
#2542 = EDGE_CURVE('',#2543,#2535,#2545,.T.);
#2543 = VERTEX_POINT('',#2544);
#2544 = CARTESIAN_POINT('',(-62.633274,-3.05,8.003));
#2545 = LINE('',#2546,#2547);
#2546 = CARTESIAN_POINT('',(-62.633274,-3.05,8.003));
#2547 = VECTOR('',#2548,1.);
#2548 = DIRECTION('',(-0.,1.,-1.224646799147E-16));
#2549 = ORIENTED_EDGE('',*,*,#2550,.T.);
#2550 = EDGE_CURVE('',#2543,#2551,#2553,.T.);
#2551 = VERTEX_POINT('',#2552);
#2552 = CARTESIAN_POINT('',(-56.633274,-3.049998960769,8.003));
#2553 = CIRCLE('',#2554,3.);
#2554 = AXIS2_PLACEMENT_3D('',#2555,#2556,#2557);
#2555 = CARTESIAN_POINT('',(-59.633274,-3.05,8.003));
#2556 = DIRECTION('',(0.,1.224646799147E-16,1.));
#2557 = DIRECTION('',(-1.,0.,0.));
#2558 = ORIENTED_EDGE('',*,*,#2559,.F.);
#2559 = EDGE_CURVE('',#2560,#2551,#2562,.T.);
#2560 = VERTEX_POINT('',#2561);
#2561 = CARTESIAN_POINT('',(-56.633274,0.2,8.003));
#2562 = LINE('',#2563,#2564);
#2563 = CARTESIAN_POINT('',(-56.633274,1.073844,8.003));
#2564 = VECTOR('',#2565,1.);
#2565 = DIRECTION('',(0.,-1.,1.224646799147E-16));
#2566 = ORIENTED_EDGE('',*,*,#2567,.T.);
#2567 = EDGE_CURVE('',#2560,#2568,#2570,.T.);
#2568 = VERTEX_POINT('',#2569);
#2569 = CARTESIAN_POINT('',(-1.7,0.2,8.003));
#2570 = LINE('',#2571,#2572);
#2571 = CARTESIAN_POINT('',(-55.27451537416,0.2,8.003));
#2572 = VECTOR('',#2573,1.);
#2573 = DIRECTION('',(1.,0.,0.));
#2574 = ORIENTED_EDGE('',*,*,#2575,.F.);
#2575 = EDGE_CURVE('',#2576,#2568,#2578,.T.);
#2576 = VERTEX_POINT('',#2577);
#2577 = CARTESIAN_POINT('',(-1.549245454018,0.131427040086,8.003));
#2578 = CIRCLE('',#2579,0.2);
#2579 = AXIS2_PLACEMENT_3D('',#2580,#2581,#2582);
#2580 = CARTESIAN_POINT('',(-1.7,0.,8.003));
#2581 = DIRECTION('',(-0.,0.,1.));
#2582 = DIRECTION('',(0.657135200432,-0.753772729908,0.));
#2583 = ORIENTED_EDGE('',*,*,#2584,.T.);
#2584 = EDGE_CURVE('',#2576,#2585,#2587,.T.);
#2585 = VERTEX_POINT('',#2586);
#2586 = CARTESIAN_POINT('',(0.150754545982,-1.818572959914,8.003));
#2587 = LINE('',#2588,#2589);
#2588 = CARTESIAN_POINT('',(-3.797731492889,2.710572790556,8.003));
#2589 = VECTOR('',#2590,1.);
#2590 = DIRECTION('',(0.657135200432,-0.753772729908,0.));
#2591 = ORIENTED_EDGE('',*,*,#2592,.F.);
#2592 = EDGE_CURVE('',#2593,#2585,#2595,.T.);
#2593 = VERTEX_POINT('',#2594);
#2594 = CARTESIAN_POINT('',(0.2,-1.95,8.003));
#2595 = CIRCLE('',#2596,0.2);
#2596 = AXIS2_PLACEMENT_3D('',#2597,#2598,#2599);
#2597 = CARTESIAN_POINT('',(0.,-1.95,8.003));
#2598 = DIRECTION('',(-0.,0.,1.));
#2599 = DIRECTION('',(-1.1E-16,-1.,-0.));
#2600 = ORIENTED_EDGE('',*,*,#2601,.T.);
#2601 = EDGE_CURVE('',#2593,#2602,#2604,.T.);
#2602 = VERTEX_POINT('',#2603);
#2603 = CARTESIAN_POINT('',(0.2,-23.4,8.003));
#2604 = LINE('',#2605,#2606);
#2605 = CARTESIAN_POINT('',(0.2,-12.06213623414,8.003));
#2606 = VECTOR('',#2607,1.);
#2607 = DIRECTION('',(-0.,-1.,-0.));
#2608 = ORIENTED_EDGE('',*,*,#2609,.T.);
#2609 = EDGE_CURVE('',#2602,#2610,#2612,.T.);
#2610 = VERTEX_POINT('',#2611);
#2611 = CARTESIAN_POINT('',(-3.033274417968,-23.4,8.003));
#2612 = LINE('',#2613,#2614);
#2613 = CARTESIAN_POINT('',(1.084215,-23.4,8.003));
#2614 = VECTOR('',#2615,1.);
#2615 = DIRECTION('',(-1.,0.,0.));
#2616 = ORIENTED_EDGE('',*,*,#2617,.T.);
#2617 = EDGE_CURVE('',#2610,#2618,#2620,.T.);
#2618 = VERTEX_POINT('',#2619);
#2619 = CARTESIAN_POINT('',(-3.033272542801,-29.4,8.003));
#2620 = CIRCLE('',#2621,3.);
#2621 = AXIS2_PLACEMENT_3D('',#2622,#2623,#2624);
#2622 = CARTESIAN_POINT('',(-3.033274,-26.4,8.003));
#2623 = DIRECTION('',(0.,1.224646799147E-16,1.));
#2624 = DIRECTION('',(-1.,0.,0.));
#2625 = ORIENTED_EDGE('',*,*,#2626,.T.);
#2626 = EDGE_CURVE('',#2618,#2627,#2629,.T.);
#2627 = VERTEX_POINT('',#2628);
#2628 = CARTESIAN_POINT('',(0.2,-29.39999842949,8.003));
#2629 = LINE('',#2630,#2631);
#2630 = CARTESIAN_POINT('',(-3.033272542801,-29.4,8.003));
#2631 = VECTOR('',#2632,1.);
#2632 = DIRECTION('',(1.,4.857330161759E-07,-5.948513835001E-23));
#2633 = ORIENTED_EDGE('',*,*,#2634,.T.);
#2634 = EDGE_CURVE('',#2627,#2635,#2637,.T.);
#2635 = VERTEX_POINT('',#2636);
#2636 = CARTESIAN_POINT('',(0.2,-46.05,8.003));
#2637 = LINE('',#2638,#2639);
#2638 = CARTESIAN_POINT('',(0.2,-12.06213623414,8.003));
#2639 = VECTOR('',#2640,1.);
#2640 = DIRECTION('',(-0.,-1.,-0.));
#2641 = ORIENTED_EDGE('',*,*,#2642,.F.);
#2642 = EDGE_CURVE('',#2643,#2635,#2645,.T.);
#2643 = VERTEX_POINT('',#2644);
#2644 = CARTESIAN_POINT('',(0.141992748637,-46.19084764582,8.003));
#2645 = CIRCLE('',#2646,0.2);
#2646 = AXIS2_PLACEMENT_3D('',#2647,#2648,#2649);
#2647 = CARTESIAN_POINT('',(0.,-46.05,8.003));
#2648 = DIRECTION('',(-0.,0.,1.));
#2649 = DIRECTION('',(-0.704238229127,-0.709963743185,-0.));
#2650 = ORIENTED_EDGE('',*,*,#2651,.T.);
#2651 = EDGE_CURVE('',#2643,#2652,#2654,.T.);
#2652 = VERTEX_POINT('',#2653);
#2653 = CARTESIAN_POINT('',(-6.008007251363,-52.39084764582,8.003));
#2654 = LINE('',#2655,#2656);
#2655 = CARTESIAN_POINT('',(-3.200519788288,-49.56053508142,8.003));
#2656 = VECTOR('',#2657,1.);
#2657 = DIRECTION('',(-0.704238229127,-0.709963743185,-0.));
#2658 = ORIENTED_EDGE('',*,*,#2659,.F.);
#2659 = EDGE_CURVE('',#2660,#2652,#2662,.T.);
#2660 = VERTEX_POINT('',#2661);
#2661 = CARTESIAN_POINT('',(-6.149996062992,-52.44999999996,8.003));
#2662 = CIRCLE('',#2663,0.2);
#2663 = AXIS2_PLACEMENT_3D('',#2664,#2665,#2666);
#2664 = CARTESIAN_POINT('',(-6.15,-52.25,8.003));
#2665 = DIRECTION('',(-0.,0.,1.));
#2666 = DIRECTION('',(-0.999999999806,-1.968503936583E-05,-0.));
#2667 = ORIENTED_EDGE('',*,*,#2668,.T.);
#2668 = EDGE_CURVE('',#2660,#2669,#2671,.T.);
#2669 = VERTEX_POINT('',#2670);
#2670 = CARTESIAN_POINT('',(-12.49999606299,-52.45012499996,8.003));
#2671 = LINE('',#2672,#2673);
#2672 = CARTESIAN_POINT('',(-21.84921541013,-52.45030903971,8.003));
#2673 = VECTOR('',#2674,1.);
#2674 = DIRECTION('',(-0.999999999806,-1.96850393658E-05,-0.));
#2675 = ORIENTED_EDGE('',*,*,#2676,.F.);
#2676 = EDGE_CURVE('',#2677,#2669,#2679,.T.);
#2677 = VERTEX_POINT('',#2678);
#2678 = CARTESIAN_POINT('',(-12.64165106213,-52.39131627662,8.003));
#2679 = CIRCLE('',#2680,0.2);
#2680 = AXIS2_PLACEMENT_3D('',#2681,#2682,#2683);
#2681 = CARTESIAN_POINT('',(-12.5,-52.250125,8.003));
#2682 = DIRECTION('',(0.,-0.,1.));
#2683 = DIRECTION('',(-0.705956383138,0.70825531068,0.));
#2684 = ORIENTED_EDGE('',*,*,#2685,.T.);
#2685 = EDGE_CURVE('',#2677,#2686,#2688,.T.);
#2686 = VERTEX_POINT('',#2687);
#2687 = CARTESIAN_POINT('',(-18.82165106213,-46.19119127662,8.003));
#2688 = LINE('',#2689,#2690);
#2689 = CARTESIAN_POINT('',(-26.40247247825,-38.5856831241,8.003));
#2690 = VECTOR('',#2691,1.);
#2691 = DIRECTION('',(-0.705956383138,0.70825531068,0.));
#2692 = ORIENTED_EDGE('',*,*,#2693,.F.);
#2693 = EDGE_CURVE('',#2694,#2686,#2696,.T.);
#2694 = VERTEX_POINT('',#2695);
#2695 = CARTESIAN_POINT('',(-18.88,-46.05,8.003));
#2696 = CIRCLE('',#2697,0.2);
#2697 = AXIS2_PLACEMENT_3D('',#2698,#2699,#2700);
#2698 = CARTESIAN_POINT('',(-18.68,-46.05,8.003));
#2699 = DIRECTION('',(0.,-0.,1.));
#2700 = DIRECTION('',(-1.1E-16,1.,0.));
#2701 = ORIENTED_EDGE('',*,*,#2702,.T.);
#2702 = EDGE_CURVE('',#2694,#2703,#2705,.T.);
#2703 = VERTEX_POINT('',#2704);
#2704 = CARTESIAN_POINT('',(-18.88,-36.92616671898,8.003));
#2705 = LINE('',#2706,#2707);
#2706 = CARTESIAN_POINT('',(-18.88,-34.11213623414,8.003));
#2707 = VECTOR('',#2708,1.);
#2708 = DIRECTION('',(0.,1.,0.));
#2709 = ORIENTED_EDGE('',*,*,#2710,.F.);
#2710 = EDGE_CURVE('',#2711,#2703,#2713,.T.);
#2711 = VERTEX_POINT('',#2712);
#2712 = CARTESIAN_POINT('',(-19.48218826983,-35.49573938178,8.003));
#2713 = CIRCLE('',#2714,2.);
#2714 = AXIS2_PLACEMENT_3D('',#2715,#2716,#2717);
#2715 = CARTESIAN_POINT('',(-20.88,-36.92616671898,8.003));
#2716 = DIRECTION('',(0.,0.,-1.));
#2717 = DIRECTION('',(1.1E-16,-1.,0.));
#2718 = ORIENTED_EDGE('',*,*,#2719,.T.);
#2719 = EDGE_CURVE('',#2711,#2720,#2722,.T.);
#2720 = VERTEX_POINT('',#2721);
#2721 = CARTESIAN_POINT('',(-20.45,-34.54999502005,8.003));
#2722 = LINE('',#2723,#2724);
#2723 = CARTESIAN_POINT('',(-27.43254061771,-27.7266654262,8.003));
#2724 = VECTOR('',#2725,1.);
#2725 = DIRECTION('',(-0.715213668601,0.698905865082,0.));
#2726 = ORIENTED_EDGE('',*,*,#2727,.T.);
#2727 = EDGE_CURVE('',#2720,#2728,#2730,.T.);
#2728 = VERTEX_POINT('',#2729);
#2729 = CARTESIAN_POINT('',(-20.45,-29.8999991935,8.003));
#2730 = LINE('',#2731,#2732);
#2731 = CARTESIAN_POINT('',(-20.45,-34.776119,8.003));
#2732 = VECTOR('',#2733,1.);
#2733 = DIRECTION('',(-0.,1.,-1.224646799147E-16));
#2734 = ORIENTED_EDGE('',*,*,#2735,.T.);
#2735 = EDGE_CURVE('',#2728,#2736,#2738,.T.);
#2736 = VERTEX_POINT('',#2737);
#2737 = CARTESIAN_POINT('',(-26.44999999999,-29.90000184573,8.003));
#2738 = CIRCLE('',#2739,3.);
#2739 = AXIS2_PLACEMENT_3D('',#2740,#2741,#2742);
#2740 = CARTESIAN_POINT('',(-23.45,-29.9,8.003));
#2741 = DIRECTION('',(0.,1.224646799147E-16,1.));
#2742 = DIRECTION('',(-1.,0.,0.));
#2743 = ORIENTED_EDGE('',*,*,#2744,.T.);
#2744 = EDGE_CURVE('',#2736,#2745,#2747,.T.);
#2745 = VERTEX_POINT('',#2746);
#2746 = CARTESIAN_POINT('',(-26.44999796969,-33.2,8.003));
#2747 = LINE('',#2748,#2749);
#2748 = CARTESIAN_POINT('',(-26.44999999999,-29.90000184573,8.003));
#2749 = VECTOR('',#2750,1.);
#2750 = DIRECTION('',(6.15243509576E-07,-1.,1.224646799147E-16));
#2751 = ORIENTED_EDGE('',*,*,#2752,.T.);
#2752 = EDGE_CURVE('',#2745,#2753,#2755,.T.);
#2753 = VERTEX_POINT('',#2754);
#2754 = CARTESIAN_POINT('',(-64.9103519099,-33.2,8.003));
#2755 = LINE('',#2756,#2757);
#2756 = CARTESIAN_POINT('',(-30.09773734537,-33.2,8.003));
#2757 = VECTOR('',#2758,1.);
#2758 = DIRECTION('',(-1.,-0.,-0.));
#2759 = ORIENTED_EDGE('',*,*,#2760,.F.);
#2760 = EDGE_CURVE('',#2761,#2753,#2763,.T.);
#2761 = VERTEX_POINT('',#2762);
#2762 = CARTESIAN_POINT('',(-66.51004471647,-33.99959051794,8.003));
#2763 = CIRCLE('',#2764,2.);
#2764 = AXIS2_PLACEMENT_3D('',#2765,#2766,#2767);
#2765 = CARTESIAN_POINT('',(-64.9103519099,-35.2,8.003));
#2766 = DIRECTION('',(0.,0.,-1.));
#2767 = DIRECTION('',(1.,1.1E-16,0.));
#2768 = ORIENTED_EDGE('',*,*,#2769,.T.);
#2769 = EDGE_CURVE('',#2761,#2770,#2772,.T.);
#2770 = VERTEX_POINT('',#2771);
#2771 = CARTESIAN_POINT('',(-70.54003071934,-39.3700409482,8.003));
#2772 = LINE('',#2773,#2774);
#2773 = CARTESIAN_POINT('',(-58.45500419249,-23.26526146146,8.003));
#2774 = VECTOR('',#2775,1.);
#2775 = DIRECTION('',(-0.600204741026,-0.799846403286,-0.));
#2776 = ORIENTED_EDGE('',*,*,#2777,.F.);
#2777 = EDGE_CURVE('',#2778,#2770,#2780,.T.);
#2778 = VERTEX_POINT('',#2779);
#2779 = CARTESIAN_POINT('',(-70.7,-39.45,8.003));
#2780 = CIRCLE('',#2781,0.2);
#2781 = AXIS2_PLACEMENT_3D('',#2782,#2783,#2784);
#2782 = CARTESIAN_POINT('',(-70.7,-39.25,8.003));
#2783 = DIRECTION('',(0.,0.,1.));
#2784 = DIRECTION('',(-1.,-0.,-0.));
#2785 = ORIENTED_EDGE('',*,*,#2786,.T.);
#2786 = EDGE_CURVE('',#2778,#2787,#2789,.T.);
#2787 = VERTEX_POINT('',#2788);
#2788 = CARTESIAN_POINT('',(-76.9,-39.45,8.003));
#2789 = LINE('',#2790,#2791);
#2790 = CARTESIAN_POINT('',(-54.12451537416,-39.45,8.003));
#2791 = VECTOR('',#2792,1.);
#2792 = DIRECTION('',(-1.,-0.,-0.));
#2793 = ORIENTED_EDGE('',*,*,#2794,.F.);
#2794 = EDGE_CURVE('',#2795,#2787,#2797,.T.);
#2795 = VERTEX_POINT('',#2796);
#2796 = CARTESIAN_POINT('',(-77.04355268679,-39.38925740955,8.003));
#2797 = CIRCLE('',#2798,0.2);
#2798 = AXIS2_PLACEMENT_3D('',#2799,#2800,#2801);
#2799 = CARTESIAN_POINT('',(-76.9,-39.25,8.003));
#2800 = DIRECTION('',(0.,-0.,1.));
#2801 = DIRECTION('',(-0.69628704775,0.717763433963,0.));
#2802 = ORIENTED_EDGE('',*,*,#2803,.T.);
#2803 = EDGE_CURVE('',#2795,#2804,#2806,.T.);
#2804 = VERTEX_POINT('',#2805);
#2805 = CARTESIAN_POINT('',(-83.20355268679,-33.03925740955,8.003));
#2806 = LINE('',#2807,#2808);
#2807 = CARTESIAN_POINT('',(-71.77153266391,-44.82388843963,8.003));
#2808 = VECTOR('',#2809,1.);
#2809 = DIRECTION('',(-0.69628704775,0.717763433963,0.));
#2810 = ORIENTED_EDGE('',*,*,#2811,.F.);
#2811 = EDGE_CURVE('',#2812,#2804,#2814,.T.);
#2812 = VERTEX_POINT('',#2813);
#2813 = CARTESIAN_POINT('',(-83.26,-32.9,8.003));
#2814 = CIRCLE('',#2815,0.2);
#2815 = AXIS2_PLACEMENT_3D('',#2816,#2817,#2818);
#2816 = CARTESIAN_POINT('',(-83.06,-32.9,8.003));
#2817 = DIRECTION('',(0.,-0.,1.));
#2818 = DIRECTION('',(-1.1E-16,1.,0.));
#2819 = ORIENTED_EDGE('',*,*,#2820,.T.);
#2820 = EDGE_CURVE('',#2812,#2821,#2823,.T.);
#2821 = VERTEX_POINT('',#2822);
#2822 = CARTESIAN_POINT('',(-83.26,-19.486726,8.003));
#2823 = LINE('',#2824,#2825);
#2824 = CARTESIAN_POINT('',(-83.26,-27.53713623414,8.003));
#2825 = VECTOR('',#2826,1.);
#2826 = DIRECTION('',(0.,1.,0.));
#2827 = ORIENTED_EDGE('',*,*,#2828,.T.);
#2828 = EDGE_CURVE('',#2821,#2829,#2831,.T.);
#2829 = VERTEX_POINT('',#2830);
#2830 = CARTESIAN_POINT('',(-79.98327503923,-19.486726,8.003));
#2831 = LINE('',#2832,#2833);
#2832 = CARTESIAN_POINT('',(-83.849556,-19.486726,8.003));
#2833 = VECTOR('',#2834,1.);
#2834 = DIRECTION('',(1.,0.,0.));
#2835 = ORIENTED_EDGE('',*,*,#2836,.T.);
#2836 = EDGE_CURVE('',#2829,#2508,#2837,.T.);
#2837 = CIRCLE('',#2838,3.);
#2838 = AXIS2_PLACEMENT_3D('',#2839,#2840,#2841);
#2839 = CARTESIAN_POINT('',(-79.983274,-16.486726,8.003));
#2840 = DIRECTION('',(0.,1.224646799147E-16,1.));
#2841 = DIRECTION('',(-1.,0.,0.));
#2842 = FACE_BOUND('',#2843,.T.);
#2843 = EDGE_LOOP('',(#2844));
#2844 = ORIENTED_EDGE('',*,*,#1499,.F.);
#2845 = FACE_BOUND('',#2846,.T.);
#2846 = EDGE_LOOP('',(#2847));
#2847 = ORIENTED_EDGE('',*,*,#1524,.F.);
#2848 = FACE_BOUND('',#2849,.T.);
#2849 = EDGE_LOOP('',(#2850));
#2850 = ORIENTED_EDGE('',*,*,#1549,.F.);
#2851 = FACE_BOUND('',#2852,.T.);
#2852 = EDGE_LOOP('',(#2853));
#2853 = ORIENTED_EDGE('',*,*,#2854,.F.);
#2854 = EDGE_CURVE('',#2855,#2855,#2857,.T.);
#2855 = VERTEX_POINT('',#2856);
#2856 = CARTESIAN_POINT('',(-6.642341,-1.517642,8.003));
#2857 = CIRCLE('',#2858,1.3);
#2858 = AXIS2_PLACEMENT_3D('',#2859,#2860,#2861);
#2859 = CARTESIAN_POINT('',(-5.342341,-1.517642,8.003));
#2860 = DIRECTION('',(0.,0.,-1.));
#2861 = DIRECTION('',(-1.,-0.,-0.));
#2862 = FACE_BOUND('',#2863,.T.);
#2863 = EDGE_LOOP('',(#2864));
#2864 = ORIENTED_EDGE('',*,*,#1626,.F.);
#2865 = FACE_BOUND('',#2866,.T.);
#2866 = EDGE_LOOP('',(#2867));
#2867 = ORIENTED_EDGE('',*,*,#1574,.F.);
#2868 = PLANE('',#2869);
#2869 = AXIS2_PLACEMENT_3D('',#2870,#2871,#2872);
#2870 = CARTESIAN_POINT('',(-37.54903074832,-22.17427246828,8.003));
#2871 = DIRECTION('',(0.,0.,1.));
#2872 = DIRECTION('',(1.,0.,0.));
#2873 = ADVANCED_FACE('',(#2874),#2885,.F.);
#2874 = FACE_BOUND('',#2875,.T.);
#2875 = EDGE_LOOP('',(#2876,#2882,#2883,#2884));
#2876 = ORIENTED_EDGE('',*,*,#2877,.F.);
#2877 = EDGE_CURVE('',#1591,#2855,#2878,.T.);
#2878 = LINE('',#2879,#2880);
#2879 = CARTESIAN_POINT('',(-6.642341,-1.517642,10.003));
#2880 = VECTOR('',#2881,1.);
#2881 = DIRECTION('',(0.,0.,-1.));
#2882 = ORIENTED_EDGE('',*,*,#1601,.F.);
#2883 = ORIENTED_EDGE('',*,*,#2877,.T.);
#2884 = ORIENTED_EDGE('',*,*,#2854,.T.);
#2885 = CYLINDRICAL_SURFACE('',#2886,1.3);
#2886 = AXIS2_PLACEMENT_3D('',#2887,#2888,#2889);
#2887 = CARTESIAN_POINT('',(-5.342341,-1.517642,10.003));
#2888 = DIRECTION('',(0.,0.,1.));
#2889 = DIRECTION('',(-1.,-0.,-0.));
#2890 = ADVANCED_FACE('',(#2891,#3054),#3065,.T.);
#2891 = FACE_BOUND('',#2892,.F.);
#2892 = EDGE_LOOP('',(#2893,#2894,#2895,#2896,#2897,#2898,#2899,#2900,
    #2901,#2902,#2903,#2904,#2913,#2921,#2929,#2938,#2946,#2955,#2963,
    #2972,#2980,#2989,#2997,#3005,#3014,#3022,#3030,#3039,#3047));
#2893 = ORIENTED_EDGE('',*,*,#2236,.F.);
#2894 = ORIENTED_EDGE('',*,*,#2198,.F.);
#2895 = ORIENTED_EDGE('',*,*,#2148,.F.);
#2896 = ORIENTED_EDGE('',*,*,#2100,.F.);
#2897 = ORIENTED_EDGE('',*,*,#2050,.F.);
#2898 = ORIENTED_EDGE('',*,*,#2002,.F.);
#2899 = ORIENTED_EDGE('',*,*,#1952,.F.);
#2900 = ORIENTED_EDGE('',*,*,#1904,.F.);
#2901 = ORIENTED_EDGE('',*,*,#1854,.F.);
#2902 = ORIENTED_EDGE('',*,*,#1806,.F.);
#2903 = ORIENTED_EDGE('',*,*,#1641,.F.);
#2904 = ORIENTED_EDGE('',*,*,#2905,.T.);
#2905 = EDGE_CURVE('',#1642,#2906,#2908,.T.);
#2906 = VERTEX_POINT('',#2907);
#2907 = CARTESIAN_POINT('',(-64.185104,-34.7,-1.110223024625E-16));
#2908 = CIRCLE('',#2909,0.5);
#2909 = AXIS2_PLACEMENT_3D('',#2910,#2911,#2912);
#2910 = CARTESIAN_POINT('',(-64.685104,-34.7,0.));
#2911 = DIRECTION('',(-0.,2.22044604925E-16,1.));
#2912 = DIRECTION('',(0.,-1.,2.22044604925E-16));
#2913 = ORIENTED_EDGE('',*,*,#2914,.T.);
#2914 = EDGE_CURVE('',#2906,#2915,#2917,.T.);
#2915 = VERTEX_POINT('',#2916);
#2916 = CARTESIAN_POINT('',(-64.185104,-33.2,-4.440892098501E-16));
#2917 = LINE('',#2918,#2919);
#2918 = CARTESIAN_POINT('',(-64.185104,-35.2,0.));
#2919 = VECTOR('',#2920,1.);
#2920 = DIRECTION('',(0.,1.,-2.22044604925E-16));
#2921 = ORIENTED_EDGE('',*,*,#2922,.T.);
#2922 = EDGE_CURVE('',#2915,#2923,#2925,.T.);
#2923 = VERTEX_POINT('',#2924);
#2924 = CARTESIAN_POINT('',(-64.9103519099,-33.2,0.));
#2925 = LINE('',#2926,#2927);
#2926 = CARTESIAN_POINT('',(-22.64644394242,-33.2,0.));
#2927 = VECTOR('',#2928,1.);
#2928 = DIRECTION('',(-1.,-0.,-0.));
#2929 = ORIENTED_EDGE('',*,*,#2930,.T.);
#2930 = EDGE_CURVE('',#2923,#2931,#2933,.T.);
#2931 = VERTEX_POINT('',#2932);
#2932 = CARTESIAN_POINT('',(-66.51004471647,-33.99959051794,0.));
#2933 = CIRCLE('',#2934,2.);
#2934 = AXIS2_PLACEMENT_3D('',#2935,#2936,#2937);
#2935 = CARTESIAN_POINT('',(-64.9103519099,-35.2,0.));
#2936 = DIRECTION('',(0.,-0.,1.));
#2937 = DIRECTION('',(1.,1.1E-16,0.));
#2938 = ORIENTED_EDGE('',*,*,#2939,.T.);
#2939 = EDGE_CURVE('',#2931,#2940,#2942,.T.);
#2940 = VERTEX_POINT('',#2941);
#2941 = CARTESIAN_POINT('',(-70.54003071934,-39.3700409482,0.));
#2942 = LINE('',#2943,#2944);
#2943 = CARTESIAN_POINT('',(-66.51004471647,-33.99959051794,0.));
#2944 = VECTOR('',#2945,1.);
#2945 = DIRECTION('',(-0.600204741026,-0.799846403286,-0.));
#2946 = ORIENTED_EDGE('',*,*,#2947,.T.);
#2947 = EDGE_CURVE('',#2940,#2948,#2950,.T.);
#2948 = VERTEX_POINT('',#2949);
#2949 = CARTESIAN_POINT('',(-70.7,-39.45,0.));
#2950 = CIRCLE('',#2951,0.2);
#2951 = AXIS2_PLACEMENT_3D('',#2952,#2953,#2954);
#2952 = CARTESIAN_POINT('',(-70.7,-39.25,0.));
#2953 = DIRECTION('',(0.,0.,-1.));
#2954 = DIRECTION('',(-1.,-0.,-0.));
#2955 = ORIENTED_EDGE('',*,*,#2956,.T.);
#2956 = EDGE_CURVE('',#2948,#2957,#2959,.T.);
#2957 = VERTEX_POINT('',#2958);
#2958 = CARTESIAN_POINT('',(-76.9,-39.45,0.));
#2959 = LINE('',#2960,#2961);
#2960 = CARTESIAN_POINT('',(-70.7,-39.45,0.));
#2961 = VECTOR('',#2962,1.);
#2962 = DIRECTION('',(-1.,-0.,-0.));
#2963 = ORIENTED_EDGE('',*,*,#2964,.T.);
#2964 = EDGE_CURVE('',#2957,#2965,#2967,.T.);
#2965 = VERTEX_POINT('',#2966);
#2966 = CARTESIAN_POINT('',(-77.04355268679,-39.38925740955,0.));
#2967 = CIRCLE('',#2968,0.2);
#2968 = AXIS2_PLACEMENT_3D('',#2969,#2970,#2971);
#2969 = CARTESIAN_POINT('',(-76.9,-39.25,0.));
#2970 = DIRECTION('',(0.,0.,-1.));
#2971 = DIRECTION('',(-0.69628704775,0.717763433963,0.));
#2972 = ORIENTED_EDGE('',*,*,#2973,.T.);
#2973 = EDGE_CURVE('',#2965,#2974,#2976,.T.);
#2974 = VERTEX_POINT('',#2975);
#2975 = CARTESIAN_POINT('',(-83.20355268679,-33.03925740955,0.));
#2976 = LINE('',#2977,#2978);
#2977 = CARTESIAN_POINT('',(-77.04355268679,-39.38925740955,0.));
#2978 = VECTOR('',#2979,1.);
#2979 = DIRECTION('',(-0.69628704775,0.717763433963,0.));
#2980 = ORIENTED_EDGE('',*,*,#2981,.T.);
#2981 = EDGE_CURVE('',#2974,#2982,#2984,.T.);
#2982 = VERTEX_POINT('',#2983);
#2983 = CARTESIAN_POINT('',(-83.26,-32.9,0.));
#2984 = CIRCLE('',#2985,0.2);
#2985 = AXIS2_PLACEMENT_3D('',#2986,#2987,#2988);
#2986 = CARTESIAN_POINT('',(-83.06,-32.9,0.));
#2987 = DIRECTION('',(0.,0.,-1.));
#2988 = DIRECTION('',(-1.1E-16,1.,0.));
#2989 = ORIENTED_EDGE('',*,*,#2990,.T.);
#2990 = EDGE_CURVE('',#2982,#2991,#2993,.T.);
#2991 = VERTEX_POINT('',#2992);
#2992 = CARTESIAN_POINT('',(-83.26,-19.486726,1.193217831088E-15));
#2993 = LINE('',#2994,#2995);
#2994 = CARTESIAN_POINT('',(-83.26,-32.9,0.));
#2995 = VECTOR('',#2996,1.);
#2996 = DIRECTION('',(0.,1.,0.));
#2997 = ORIENTED_EDGE('',*,*,#2998,.T.);
#2998 = EDGE_CURVE('',#2991,#2999,#3001,.T.);
#2999 = VERTEX_POINT('',#3000);
#3000 = CARTESIAN_POINT('',(-79.98327503923,-19.486726,
    2.386435662176E-15));
#3001 = LINE('',#3002,#3003);
#3002 = CARTESIAN_POINT('',(-83.849556,-19.486726,2.386435662176E-15));
#3003 = VECTOR('',#3004,1.);
#3004 = DIRECTION('',(1.,0.,0.));
#3005 = ORIENTED_EDGE('',*,*,#3006,.T.);
#3006 = EDGE_CURVE('',#2999,#3007,#3009,.T.);
#3007 = VERTEX_POINT('',#3008);
#3008 = CARTESIAN_POINT('',(-79.983274,-13.486726,1.651647582688E-15));
#3009 = CIRCLE('',#3010,3.);
#3010 = AXIS2_PLACEMENT_3D('',#3011,#3012,#3013);
#3011 = CARTESIAN_POINT('',(-79.983274,-16.486726,2.019041622432E-15));
#3012 = DIRECTION('',(0.,1.224646799147E-16,1.));
#3013 = DIRECTION('',(-1.,0.,0.));
#3014 = ORIENTED_EDGE('',*,*,#3015,.T.);
#3015 = EDGE_CURVE('',#3007,#3016,#3018,.T.);
#3016 = VERTEX_POINT('',#3017);
#3017 = CARTESIAN_POINT('',(-82.60041883932,-13.486726,
    8.258237913439E-16));
#3018 = LINE('',#3019,#3020);
#3019 = CARTESIAN_POINT('',(-79.983274,-13.486726,1.651647582688E-15));
#3020 = VECTOR('',#3021,1.);
#3021 = DIRECTION('',(-1.,0.,0.));
#3022 = ORIENTED_EDGE('',*,*,#3023,.T.);
#3023 = EDGE_CURVE('',#3016,#3024,#3026,.T.);
#3024 = VERTEX_POINT('',#3025);
#3025 = CARTESIAN_POINT('',(-73.16432412194,0.114006942537,0.));
#3026 = LINE('',#3027,#3028);
#3027 = CARTESIAN_POINT('',(-83.22432412194,-14.38599305746,0.));
#3028 = VECTOR('',#3029,1.);
#3029 = DIRECTION('',(0.570034712683,0.821620609732,0.));
#3030 = ORIENTED_EDGE('',*,*,#3031,.T.);
#3031 = EDGE_CURVE('',#3024,#3032,#3034,.T.);
#3032 = VERTEX_POINT('',#3033);
#3033 = CARTESIAN_POINT('',(-73.,0.2,0.));
#3034 = CIRCLE('',#3035,0.2);
#3035 = AXIS2_PLACEMENT_3D('',#3036,#3037,#3038);
#3036 = CARTESIAN_POINT('',(-73.,0.,0.));
#3037 = DIRECTION('',(0.,0.,-1.));
#3038 = DIRECTION('',(1.,-1.2E-16,0.));
#3039 = ORIENTED_EDGE('',*,*,#3040,.F.);
#3040 = EDGE_CURVE('',#3041,#3032,#3043,.T.);
#3041 = VERTEX_POINT('',#3042);
#3042 = CARTESIAN_POINT('',(-73.,1.624807680927,-6.217248937901E-15));
#3043 = LINE('',#3044,#3045);
#3044 = CARTESIAN_POINT('',(-73.,2.2,-6.217248937901E-15));
#3045 = VECTOR('',#3046,1.);
#3046 = DIRECTION('',(0.,-1.,2.22044604925E-16));
#3047 = ORIENTED_EDGE('',*,*,#3048,.F.);
#3048 = EDGE_CURVE('',#2237,#3041,#3049,.T.);
#3049 = CIRCLE('',#3050,0.5);
#3050 = AXIS2_PLACEMENT_3D('',#3051,#3052,#3053);
#3051 = CARTESIAN_POINT('',(-73.5,1.624807680927,0.));
#3052 = DIRECTION('',(0.,0.,-1.));
#3053 = DIRECTION('',(0.,1.,0.));
#3054 = FACE_BOUND('',#3055,.F.);
#3055 = EDGE_LOOP('',(#3056));
#3056 = ORIENTED_EDGE('',*,*,#3057,.F.);
#3057 = EDGE_CURVE('',#3058,#3058,#3060,.T.);
#3058 = VERTEX_POINT('',#3059);
#3059 = CARTESIAN_POINT('',(-81.683274,-16.486726,2.019041622432E-15));
#3060 = CIRCLE('',#3061,1.7);
#3061 = AXIS2_PLACEMENT_3D('',#3062,#3063,#3064);
#3062 = CARTESIAN_POINT('',(-79.983274,-16.486726,2.019041622432E-15));
#3063 = DIRECTION('',(0.,1.224646799147E-16,1.));
#3064 = DIRECTION('',(-1.,0.,0.));
#3065 = PLANE('',#3066);
#3066 = AXIS2_PLACEMENT_3D('',#3067,#3068,#3069);
#3067 = CARTESIAN_POINT('',(-37.54903074832,-22.17427246828,0.));
#3068 = DIRECTION('',(0.,0.,-1.));
#3069 = DIRECTION('',(-1.,0.,0.));
#3070 = ADVANCED_FACE('',(#3071),#3090,.T.);
#3071 = FACE_BOUND('',#3072,.T.);
#3072 = EDGE_LOOP('',(#3073,#3074,#3082,#3089));
#3073 = ORIENTED_EDGE('',*,*,#2905,.T.);
#3074 = ORIENTED_EDGE('',*,*,#3075,.T.);
#3075 = EDGE_CURVE('',#2906,#3076,#3078,.T.);
#3076 = VERTEX_POINT('',#3077);
#3077 = CARTESIAN_POINT('',(-64.185104,-34.7,2.391973));
#3078 = LINE('',#3079,#3080);
#3079 = CARTESIAN_POINT('',(-64.185104,-34.7,6.798155367234E-33));
#3080 = VECTOR('',#3081,1.);
#3081 = DIRECTION('',(0.,2.22044604925E-16,1.));
#3082 = ORIENTED_EDGE('',*,*,#3083,.F.);
#3083 = EDGE_CURVE('',#1652,#3076,#3084,.T.);
#3084 = CIRCLE('',#3085,0.5);
#3085 = AXIS2_PLACEMENT_3D('',#3086,#3087,#3088);
#3086 = CARTESIAN_POINT('',(-64.685104,-34.7,2.391973));
#3087 = DIRECTION('',(-0.,2.22044604925E-16,1.));
#3088 = DIRECTION('',(0.,-1.,2.22044604925E-16));
#3089 = ORIENTED_EDGE('',*,*,#1651,.F.);
#3090 = CYLINDRICAL_SURFACE('',#3091,0.5);
#3091 = AXIS2_PLACEMENT_3D('',#3092,#3093,#3094);
#3092 = CARTESIAN_POINT('',(-64.685104,-34.7,0.));
#3093 = DIRECTION('',(0.,2.22044604925E-16,1.));
#3094 = DIRECTION('',(0.,-1.,2.22044604925E-16));
#3095 = ADVANCED_FACE('',(#3096),#3116,.T.);
#3096 = FACE_BOUND('',#3097,.F.);
#3097 = EDGE_LOOP('',(#3098,#3099,#3100,#3109));
#3098 = ORIENTED_EDGE('',*,*,#3083,.F.);
#3099 = ORIENTED_EDGE('',*,*,#1659,.T.);
#3100 = ORIENTED_EDGE('',*,*,#3101,.T.);
#3101 = EDGE_CURVE('',#1660,#3102,#3104,.T.);
#3102 = VERTEX_POINT('',#3103);
#3103 = CARTESIAN_POINT('',(-63.791109,-34.7,2.785968));
#3104 = CIRCLE('',#3105,0.5);
#3105 = AXIS2_PLACEMENT_3D('',#3106,#3107,#3108);
#3106 = CARTESIAN_POINT('',(-63.791109,-34.7,3.285968));
#3107 = DIRECTION('',(1.,-0.,1.171455364583E-15));
#3108 = DIRECTION('',(-1.171455364583E-15,0.,1.));
#3109 = ORIENTED_EDGE('',*,*,#3110,.F.);
#3110 = EDGE_CURVE('',#3076,#3102,#3111,.T.);
#3111 = CIRCLE('',#3112,0.393995);
#3112 = AXIS2_PLACEMENT_3D('',#3113,#3114,#3115);
#3113 = CARTESIAN_POINT('',(-63.791109,-34.7,2.391973));
#3114 = DIRECTION('',(0.,1.,0.));
#3115 = DIRECTION('',(-1.,-0.,-0.));
#3116 = TOROIDAL_SURFACE('',#3117,0.893995,0.5);
#3117 = AXIS2_PLACEMENT_3D('',#3118,#3119,#3120);
#3118 = CARTESIAN_POINT('',(-63.791109,-34.7,2.391973));
#3119 = DIRECTION('',(-0.,-1.,-0.));
#3120 = DIRECTION('',(-1.,-0.,-0.));
#3121 = ADVANCED_FACE('',(#3122),#3141,.T.);
#3122 = FACE_BOUND('',#3123,.T.);
#3123 = EDGE_LOOP('',(#3124,#3125,#3133,#3140));
#3124 = ORIENTED_EDGE('',*,*,#3101,.T.);
#3125 = ORIENTED_EDGE('',*,*,#3126,.T.);
#3126 = EDGE_CURVE('',#3102,#3127,#3129,.T.);
#3127 = VERTEX_POINT('',#3128);
#3128 = CARTESIAN_POINT('',(-56.445051,-34.7,2.785968));
#3129 = LINE('',#3130,#3131);
#3130 = CARTESIAN_POINT('',(-63.791109,-34.7,2.785968));
#3131 = VECTOR('',#3132,1.);
#3132 = DIRECTION('',(1.,0.,0.));
#3133 = ORIENTED_EDGE('',*,*,#3134,.F.);
#3134 = EDGE_CURVE('',#1669,#3127,#3135,.T.);
#3135 = CIRCLE('',#3136,0.5);
#3136 = AXIS2_PLACEMENT_3D('',#3137,#3138,#3139);
#3137 = CARTESIAN_POINT('',(-56.445051,-34.7,3.285968));
#3138 = DIRECTION('',(1.,0.,0.));
#3139 = DIRECTION('',(-0.,-1.,-0.));
#3140 = ORIENTED_EDGE('',*,*,#1668,.F.);
#3141 = CYLINDRICAL_SURFACE('',#3142,0.5);
#3142 = AXIS2_PLACEMENT_3D('',#3143,#3144,#3145);
#3143 = CARTESIAN_POINT('',(-63.791109,-34.7,3.285968));
#3144 = DIRECTION('',(1.,0.,0.));
#3145 = DIRECTION('',(0.,-1.,0.));
#3146 = ADVANCED_FACE('',(#3147),#3167,.T.);
#3147 = FACE_BOUND('',#3148,.F.);
#3148 = EDGE_LOOP('',(#3149,#3150,#3151,#3160));
#3149 = ORIENTED_EDGE('',*,*,#3134,.F.);
#3150 = ORIENTED_EDGE('',*,*,#1676,.T.);
#3151 = ORIENTED_EDGE('',*,*,#3152,.T.);
#3152 = EDGE_CURVE('',#1677,#3153,#3155,.T.);
#3153 = VERTEX_POINT('',#3154);
#3154 = CARTESIAN_POINT('',(-56.051056,-34.7,2.391973));
#3155 = CIRCLE('',#3156,0.5);
#3156 = AXIS2_PLACEMENT_3D('',#3157,#3158,#3159);
#3157 = CARTESIAN_POINT('',(-55.551056,-34.7,2.391973));
#3158 = DIRECTION('',(1.831758539448E-14,0.,-1.));
#3159 = DIRECTION('',(1.,0.,1.831758539448E-14));
#3160 = ORIENTED_EDGE('',*,*,#3161,.F.);
#3161 = EDGE_CURVE('',#3127,#3153,#3162,.T.);
#3162 = CIRCLE('',#3163,0.393995);
#3163 = AXIS2_PLACEMENT_3D('',#3164,#3165,#3166);
#3164 = CARTESIAN_POINT('',(-56.445051,-34.7,2.391973));
#3165 = DIRECTION('',(0.,1.,-0.));
#3166 = DIRECTION('',(-1.80343084496E-14,0.,1.));
#3167 = TOROIDAL_SURFACE('',#3168,0.893995,0.5);
#3168 = AXIS2_PLACEMENT_3D('',#3169,#3170,#3171);
#3169 = CARTESIAN_POINT('',(-56.445051,-34.7,2.391973));
#3170 = DIRECTION('',(-0.,-1.,-0.));
#3171 = DIRECTION('',(-1.80343084496E-14,0.,1.));
#3172 = ADVANCED_FACE('',(#3173,#3415,#3426),#3437,.T.);
#3173 = FACE_BOUND('',#3174,.F.);
#3174 = EDGE_LOOP('',(#3175,#3185,#3192,#3193,#3194,#3195,#3196,#3197,
    #3198,#3199,#3200,#3201,#3202,#3203,#3204,#3205,#3206,#3207,#3216,
    #3224,#3232,#3241,#3249,#3258,#3266,#3274,#3283,#3291,#3299,#3308,
    #3316,#3325,#3333,#3342,#3350,#3359,#3367,#3376,#3384,#3392,#3401,
    #3409));
#3175 = ORIENTED_EDGE('',*,*,#3176,.F.);
#3176 = EDGE_CURVE('',#3177,#3179,#3181,.T.);
#3177 = VERTEX_POINT('',#3178);
#3178 = CARTESIAN_POINT('',(-38.857155,-34.7,-4.440892098501E-16));
#3179 = VERTEX_POINT('',#3180);
#3180 = CARTESIAN_POINT('',(-38.857155,-33.2,-4.440892098501E-16));
#3181 = LINE('',#3182,#3183);
#3182 = CARTESIAN_POINT('',(-38.857155,-35.2,0.));
#3183 = VECTOR('',#3184,1.);
#3184 = DIRECTION('',(0.,1.,-2.22044604925E-16));
#3185 = ORIENTED_EDGE('',*,*,#3186,.F.);
#3186 = EDGE_CURVE('',#1736,#3177,#3187,.T.);
#3187 = CIRCLE('',#3188,0.5);
#3188 = AXIS2_PLACEMENT_3D('',#3189,#3190,#3191);
#3189 = CARTESIAN_POINT('',(-38.357155,-34.7,0.));
#3190 = DIRECTION('',(0.,-2.22044604925E-16,-1.));
#3191 = DIRECTION('',(0.,1.,-2.22044604925E-16));
#3192 = ORIENTED_EDGE('',*,*,#1743,.F.);
#3193 = ORIENTED_EDGE('',*,*,#1782,.F.);
#3194 = ORIENTED_EDGE('',*,*,#1830,.F.);
#3195 = ORIENTED_EDGE('',*,*,#1879,.F.);
#3196 = ORIENTED_EDGE('',*,*,#1928,.F.);
#3197 = ORIENTED_EDGE('',*,*,#1977,.F.);
#3198 = ORIENTED_EDGE('',*,*,#2026,.F.);
#3199 = ORIENTED_EDGE('',*,*,#2075,.F.);
#3200 = ORIENTED_EDGE('',*,*,#2124,.F.);
#3201 = ORIENTED_EDGE('',*,*,#2173,.F.);
#3202 = ORIENTED_EDGE('',*,*,#2222,.F.);
#3203 = ORIENTED_EDGE('',*,*,#2292,.F.);
#3204 = ORIENTED_EDGE('',*,*,#2475,.F.);
#3205 = ORIENTED_EDGE('',*,*,#2492,.F.);
#3206 = ORIENTED_EDGE('',*,*,#2307,.F.);
#3207 = ORIENTED_EDGE('',*,*,#3208,.T.);
#3208 = EDGE_CURVE('',#2308,#3209,#3211,.T.);
#3209 = VERTEX_POINT('',#3210);
#3210 = CARTESIAN_POINT('',(-5.823962678119,1.7,-1.665334536938E-15));
#3211 = CIRCLE('',#3212,0.5);
#3212 = AXIS2_PLACEMENT_3D('',#3213,#3214,#3215);
#3213 = CARTESIAN_POINT('',(-5.323962678119,1.7,0.));
#3214 = DIRECTION('',(-0.,2.22044604925E-16,1.));
#3215 = DIRECTION('',(0.,-1.,2.22044604925E-16));
#3216 = ORIENTED_EDGE('',*,*,#3217,.T.);
#3217 = EDGE_CURVE('',#3209,#3218,#3220,.T.);
#3218 = VERTEX_POINT('',#3219);
#3219 = CARTESIAN_POINT('',(-5.823962678119,0.2,-1.33226762955E-15));
#3220 = LINE('',#3221,#3222);
#3221 = CARTESIAN_POINT('',(-5.823962678119,2.2,-1.7763568394E-15));
#3222 = VECTOR('',#3223,1.);
#3223 = DIRECTION('',(0.,-1.,2.22044604925E-16));
#3224 = ORIENTED_EDGE('',*,*,#3225,.T.);
#3225 = EDGE_CURVE('',#3218,#3226,#3228,.T.);
#3226 = VERTEX_POINT('',#3227);
#3227 = CARTESIAN_POINT('',(-1.7,0.2,0.));
#3228 = LINE('',#3229,#3230);
#3229 = CARTESIAN_POINT('',(-73.,0.2,0.));
#3230 = VECTOR('',#3231,1.);
#3231 = DIRECTION('',(1.,0.,0.));
#3232 = ORIENTED_EDGE('',*,*,#3233,.T.);
#3233 = EDGE_CURVE('',#3226,#3234,#3236,.T.);
#3234 = VERTEX_POINT('',#3235);
#3235 = CARTESIAN_POINT('',(-1.549245454018,0.131427040086,0.));
#3236 = CIRCLE('',#3237,0.2);
#3237 = AXIS2_PLACEMENT_3D('',#3238,#3239,#3240);
#3238 = CARTESIAN_POINT('',(-1.7,0.,0.));
#3239 = DIRECTION('',(0.,0.,-1.));
#3240 = DIRECTION('',(0.657135200432,-0.753772729908,0.));
#3241 = ORIENTED_EDGE('',*,*,#3242,.T.);
#3242 = EDGE_CURVE('',#3234,#3243,#3245,.T.);
#3243 = VERTEX_POINT('',#3244);
#3244 = CARTESIAN_POINT('',(0.150754545982,-1.818572959914,0.));
#3245 = LINE('',#3246,#3247);
#3246 = CARTESIAN_POINT('',(-1.549245454018,0.131427040086,0.));
#3247 = VECTOR('',#3248,1.);
#3248 = DIRECTION('',(0.657135200432,-0.753772729908,0.));
#3249 = ORIENTED_EDGE('',*,*,#3250,.T.);
#3250 = EDGE_CURVE('',#3243,#3251,#3253,.T.);
#3251 = VERTEX_POINT('',#3252);
#3252 = CARTESIAN_POINT('',(0.2,-1.95,0.));
#3253 = CIRCLE('',#3254,0.2);
#3254 = AXIS2_PLACEMENT_3D('',#3255,#3256,#3257);
#3255 = CARTESIAN_POINT('',(0.,-1.95,0.));
#3256 = DIRECTION('',(0.,0.,-1.));
#3257 = DIRECTION('',(-1.1E-16,-1.,-0.));
#3258 = ORIENTED_EDGE('',*,*,#3259,.T.);
#3259 = EDGE_CURVE('',#3251,#3260,#3262,.T.);
#3260 = VERTEX_POINT('',#3261);
#3261 = CARTESIAN_POINT('',(0.2,-23.4,1.432836755002E-15));
#3262 = LINE('',#3263,#3264);
#3263 = CARTESIAN_POINT('',(0.2,-1.95,0.));
#3264 = VECTOR('',#3265,1.);
#3265 = DIRECTION('',(-0.,-1.,-0.));
#3266 = ORIENTED_EDGE('',*,*,#3267,.T.);
#3267 = EDGE_CURVE('',#3260,#3268,#3270,.T.);
#3268 = VERTEX_POINT('',#3269);
#3269 = CARTESIAN_POINT('',(-3.033274417968,-23.4,2.865673510005E-15));
#3270 = LINE('',#3271,#3272);
#3271 = CARTESIAN_POINT('',(1.084215,-23.4,2.865673510005E-15));
#3272 = VECTOR('',#3273,1.);
#3273 = DIRECTION('',(-1.,0.,0.));
#3274 = ORIENTED_EDGE('',*,*,#3275,.T.);
#3275 = EDGE_CURVE('',#3268,#3276,#3278,.T.);
#3276 = VERTEX_POINT('',#3277);
#3277 = CARTESIAN_POINT('',(-3.033272542801,-29.4,3.600461589493E-15));
#3278 = CIRCLE('',#3279,3.);
#3279 = AXIS2_PLACEMENT_3D('',#3280,#3281,#3282);
#3280 = CARTESIAN_POINT('',(-3.033274,-26.4,3.233067549749E-15));
#3281 = DIRECTION('',(0.,1.224646799147E-16,1.));
#3282 = DIRECTION('',(-1.,0.,0.));
#3283 = ORIENTED_EDGE('',*,*,#3284,.T.);
#3284 = EDGE_CURVE('',#3276,#3285,#3287,.T.);
#3285 = VERTEX_POINT('',#3286);
#3286 = CARTESIAN_POINT('',(0.2,-29.39999842949,1.800230698581E-15));
#3287 = LINE('',#3288,#3289);
#3288 = CARTESIAN_POINT('',(-3.033272542801,-29.4,3.600461589493E-15));
#3289 = VECTOR('',#3290,1.);
#3290 = DIRECTION('',(1.,4.857330161759E-07,-5.948513835001E-23));
#3291 = ORIENTED_EDGE('',*,*,#3292,.T.);
#3292 = EDGE_CURVE('',#3285,#3293,#3295,.T.);
#3293 = VERTEX_POINT('',#3294);
#3294 = CARTESIAN_POINT('',(0.2,-46.05,0.));
#3295 = LINE('',#3296,#3297);
#3296 = CARTESIAN_POINT('',(0.2,-1.95,0.));
#3297 = VECTOR('',#3298,1.);
#3298 = DIRECTION('',(-0.,-1.,-0.));
#3299 = ORIENTED_EDGE('',*,*,#3300,.T.);
#3300 = EDGE_CURVE('',#3293,#3301,#3303,.T.);
#3301 = VERTEX_POINT('',#3302);
#3302 = CARTESIAN_POINT('',(0.141992748637,-46.19084764582,0.));
#3303 = CIRCLE('',#3304,0.2);
#3304 = AXIS2_PLACEMENT_3D('',#3305,#3306,#3307);
#3305 = CARTESIAN_POINT('',(0.,-46.05,0.));
#3306 = DIRECTION('',(0.,0.,-1.));
#3307 = DIRECTION('',(-0.704238229127,-0.709963743185,-0.));
#3308 = ORIENTED_EDGE('',*,*,#3309,.T.);
#3309 = EDGE_CURVE('',#3301,#3310,#3312,.T.);
#3310 = VERTEX_POINT('',#3311);
#3311 = CARTESIAN_POINT('',(-6.008007251363,-52.39084764582,0.));
#3312 = LINE('',#3313,#3314);
#3313 = CARTESIAN_POINT('',(0.141992748637,-46.19084764582,0.));
#3314 = VECTOR('',#3315,1.);
#3315 = DIRECTION('',(-0.704238229127,-0.709963743185,-0.));
#3316 = ORIENTED_EDGE('',*,*,#3317,.T.);
#3317 = EDGE_CURVE('',#3310,#3318,#3320,.T.);
#3318 = VERTEX_POINT('',#3319);
#3319 = CARTESIAN_POINT('',(-6.149996062992,-52.44999999996,0.));
#3320 = CIRCLE('',#3321,0.2);
#3321 = AXIS2_PLACEMENT_3D('',#3322,#3323,#3324);
#3322 = CARTESIAN_POINT('',(-6.15,-52.25,0.));
#3323 = DIRECTION('',(0.,0.,-1.));
#3324 = DIRECTION('',(-0.999999999806,-1.968503936583E-05,-0.));
#3325 = ORIENTED_EDGE('',*,*,#3326,.T.);
#3326 = EDGE_CURVE('',#3318,#3327,#3329,.T.);
#3327 = VERTEX_POINT('',#3328);
#3328 = CARTESIAN_POINT('',(-12.49999606299,-52.45012499996,0.));
#3329 = LINE('',#3330,#3331);
#3330 = CARTESIAN_POINT('',(-6.149996062992,-52.44999999996,0.));
#3331 = VECTOR('',#3332,1.);
#3332 = DIRECTION('',(-0.999999999806,-1.96850393658E-05,-0.));
#3333 = ORIENTED_EDGE('',*,*,#3334,.T.);
#3334 = EDGE_CURVE('',#3327,#3335,#3337,.T.);
#3335 = VERTEX_POINT('',#3336);
#3336 = CARTESIAN_POINT('',(-12.64165106213,-52.39131627662,0.));
#3337 = CIRCLE('',#3338,0.2);
#3338 = AXIS2_PLACEMENT_3D('',#3339,#3340,#3341);
#3339 = CARTESIAN_POINT('',(-12.5,-52.250125,0.));
#3340 = DIRECTION('',(0.,0.,-1.));
#3341 = DIRECTION('',(-0.705956383138,0.70825531068,0.));
#3342 = ORIENTED_EDGE('',*,*,#3343,.T.);
#3343 = EDGE_CURVE('',#3335,#3344,#3346,.T.);
#3344 = VERTEX_POINT('',#3345);
#3345 = CARTESIAN_POINT('',(-18.82165106213,-46.19119127662,0.));
#3346 = LINE('',#3347,#3348);
#3347 = CARTESIAN_POINT('',(-12.64165106213,-52.39131627662,0.));
#3348 = VECTOR('',#3349,1.);
#3349 = DIRECTION('',(-0.705956383138,0.70825531068,0.));
#3350 = ORIENTED_EDGE('',*,*,#3351,.T.);
#3351 = EDGE_CURVE('',#3344,#3352,#3354,.T.);
#3352 = VERTEX_POINT('',#3353);
#3353 = CARTESIAN_POINT('',(-18.88,-46.05,0.));
#3354 = CIRCLE('',#3355,0.2);
#3355 = AXIS2_PLACEMENT_3D('',#3356,#3357,#3358);
#3356 = CARTESIAN_POINT('',(-18.68,-46.05,0.));
#3357 = DIRECTION('',(0.,0.,-1.));
#3358 = DIRECTION('',(-1.1E-16,1.,0.));
#3359 = ORIENTED_EDGE('',*,*,#3360,.T.);
#3360 = EDGE_CURVE('',#3352,#3361,#3363,.T.);
#3361 = VERTEX_POINT('',#3362);
#3362 = CARTESIAN_POINT('',(-18.88,-36.92616671898,0.));
#3363 = LINE('',#3364,#3365);
#3364 = CARTESIAN_POINT('',(-18.88,-46.05,0.));
#3365 = VECTOR('',#3366,1.);
#3366 = DIRECTION('',(0.,1.,0.));
#3367 = ORIENTED_EDGE('',*,*,#3368,.T.);
#3368 = EDGE_CURVE('',#3361,#3369,#3371,.T.);
#3369 = VERTEX_POINT('',#3370);
#3370 = CARTESIAN_POINT('',(-19.48218826983,-35.49573938178,0.));
#3371 = CIRCLE('',#3372,2.);
#3372 = AXIS2_PLACEMENT_3D('',#3373,#3374,#3375);
#3373 = CARTESIAN_POINT('',(-20.88,-36.92616671898,0.));
#3374 = DIRECTION('',(-0.,0.,1.));
#3375 = DIRECTION('',(1.1E-16,-1.,0.));
#3376 = ORIENTED_EDGE('',*,*,#3377,.T.);
#3377 = EDGE_CURVE('',#3369,#3378,#3380,.T.);
#3378 = VERTEX_POINT('',#3379);
#3379 = CARTESIAN_POINT('',(-20.45,-34.54999502005,2.115577040593E-15));
#3380 = LINE('',#3381,#3382);
#3381 = CARTESIAN_POINT('',(-19.48218826983,-35.49573938178,0.));
#3382 = VECTOR('',#3383,1.);
#3383 = DIRECTION('',(-0.715213668601,0.698905865082,0.));
#3384 = ORIENTED_EDGE('',*,*,#3385,.T.);
#3385 = EDGE_CURVE('',#3378,#3386,#3388,.T.);
#3386 = VERTEX_POINT('',#3387);
#3387 = CARTESIAN_POINT('',(-20.45,-29.8999991935,3.661693830683E-15));
#3388 = LINE('',#3389,#3390);
#3389 = CARTESIAN_POINT('',(-20.45,-34.776119,4.258846282012E-15));
#3390 = VECTOR('',#3391,1.);
#3391 = DIRECTION('',(-0.,1.,-1.224646799147E-16));
#3392 = ORIENTED_EDGE('',*,*,#3393,.T.);
#3393 = EDGE_CURVE('',#3386,#3394,#3396,.T.);
#3394 = VERTEX_POINT('',#3395);
#3395 = CARTESIAN_POINT('',(-26.44999999999,-29.90000184573,
    3.661694155487E-15));
#3396 = CIRCLE('',#3397,3.);
#3397 = AXIS2_PLACEMENT_3D('',#3398,#3399,#3400);
#3398 = CARTESIAN_POINT('',(-23.45,-29.9,3.661693929451E-15));
#3399 = DIRECTION('',(0.,1.224646799147E-16,1.));
#3400 = DIRECTION('',(-1.,0.,0.));
#3401 = ORIENTED_EDGE('',*,*,#3402,.T.);
#3402 = EDGE_CURVE('',#3394,#3403,#3405,.T.);
#3403 = VERTEX_POINT('',#3404);
#3404 = CARTESIAN_POINT('',(-26.44999796969,-33.2,2.032913686585E-15));
#3405 = LINE('',#3406,#3407);
#3406 = CARTESIAN_POINT('',(-26.44999999999,-29.90000184573,
    3.661694155487E-15));
#3407 = VECTOR('',#3408,1.);
#3408 = DIRECTION('',(6.15243509576E-07,-1.,1.224646799147E-16));
#3409 = ORIENTED_EDGE('',*,*,#3410,.T.);
#3410 = EDGE_CURVE('',#3403,#3179,#3411,.T.);
#3411 = LINE('',#3412,#3413);
#3412 = CARTESIAN_POINT('',(-22.64644394242,-33.2,0.));
#3413 = VECTOR('',#3414,1.);
#3414 = DIRECTION('',(-1.,-0.,-0.));
#3415 = FACE_BOUND('',#3416,.F.);
#3416 = EDGE_LOOP('',(#3417));
#3417 = ORIENTED_EDGE('',*,*,#3418,.F.);
#3418 = EDGE_CURVE('',#3419,#3419,#3421,.T.);
#3419 = VERTEX_POINT('',#3420);
#3420 = CARTESIAN_POINT('',(-25.15,-29.9,3.661693929451E-15));
#3421 = CIRCLE('',#3422,1.7);
#3422 = AXIS2_PLACEMENT_3D('',#3423,#3424,#3425);
#3423 = CARTESIAN_POINT('',(-23.45,-29.9,3.661693929451E-15));
#3424 = DIRECTION('',(0.,1.224646799147E-16,1.));
#3425 = DIRECTION('',(-1.,0.,0.));
#3426 = FACE_BOUND('',#3427,.F.);
#3427 = EDGE_LOOP('',(#3428));
#3428 = ORIENTED_EDGE('',*,*,#3429,.F.);
#3429 = EDGE_CURVE('',#3430,#3430,#3432,.T.);
#3430 = VERTEX_POINT('',#3431);
#3431 = CARTESIAN_POINT('',(-4.733274,-26.4,3.233067549749E-15));
#3432 = CIRCLE('',#3433,1.7);
#3433 = AXIS2_PLACEMENT_3D('',#3434,#3435,#3436);
#3434 = CARTESIAN_POINT('',(-3.033274,-26.4,3.233067549749E-15));
#3435 = DIRECTION('',(0.,1.224646799147E-16,1.));
#3436 = DIRECTION('',(-1.,0.,0.));
#3437 = PLANE('',#3438);
#3438 = AXIS2_PLACEMENT_3D('',#3439,#3440,#3441);
#3439 = CARTESIAN_POINT('',(-37.54903074832,-22.17427246828,0.));
#3440 = DIRECTION('',(0.,0.,-1.));
#3441 = DIRECTION('',(-1.,0.,0.));
#3442 = ADVANCED_FACE('',(#3443),#3462,.T.);
#3443 = FACE_BOUND('',#3444,.T.);
#3444 = EDGE_LOOP('',(#3445,#3446,#3454,#3461));
#3445 = ORIENTED_EDGE('',*,*,#3152,.T.);
#3446 = ORIENTED_EDGE('',*,*,#3447,.T.);
#3447 = EDGE_CURVE('',#3153,#3448,#3450,.T.);
#3448 = VERTEX_POINT('',#3449);
#3449 = CARTESIAN_POINT('',(-56.051056,-34.7,-4.440892098501E-16));
#3450 = LINE('',#3451,#3452);
#3451 = CARTESIAN_POINT('',(-56.051056,-34.7,2.391973));
#3452 = VECTOR('',#3453,1.);
#3453 = DIRECTION('',(-0.,-2.22044604925E-16,-1.));
#3454 = ORIENTED_EDGE('',*,*,#3455,.F.);
#3455 = EDGE_CURVE('',#1686,#3448,#3456,.T.);
#3456 = CIRCLE('',#3457,0.5);
#3457 = AXIS2_PLACEMENT_3D('',#3458,#3459,#3460);
#3458 = CARTESIAN_POINT('',(-55.551056,-34.7,0.));
#3459 = DIRECTION('',(0.,-2.22044604925E-16,-1.));
#3460 = DIRECTION('',(0.,1.,-2.22044604925E-16));
#3461 = ORIENTED_EDGE('',*,*,#1685,.F.);
#3462 = CYLINDRICAL_SURFACE('',#3463,0.5);
#3463 = AXIS2_PLACEMENT_3D('',#3464,#3465,#3466);
#3464 = CARTESIAN_POINT('',(-55.551056,-34.7,2.391973));
#3465 = DIRECTION('',(-0.,-2.22044604925E-16,-1.));
#3466 = DIRECTION('',(0.,-1.,2.22044604925E-16));
#3467 = ADVANCED_FACE('',(#3468),#3487,.T.);
#3468 = FACE_BOUND('',#3469,.T.);
#3469 = EDGE_LOOP('',(#3470,#3479,#3485,#3486));
#3470 = ORIENTED_EDGE('',*,*,#3471,.T.);
#3471 = EDGE_CURVE('',#1727,#3472,#3474,.T.);
#3472 = VERTEX_POINT('',#3473);
#3473 = CARTESIAN_POINT('',(-38.857155,-34.7,2.420986));
#3474 = CIRCLE('',#3475,0.5);
#3475 = AXIS2_PLACEMENT_3D('',#3476,#3477,#3478);
#3476 = CARTESIAN_POINT('',(-38.357155,-34.7,2.420986));
#3477 = DIRECTION('',(6.123233995737E-17,0.,-1.));
#3478 = DIRECTION('',(1.,0.,6.123233995737E-17));
#3479 = ORIENTED_EDGE('',*,*,#3480,.T.);
#3480 = EDGE_CURVE('',#3472,#3177,#3481,.T.);
#3481 = LINE('',#3482,#3483);
#3482 = CARTESIAN_POINT('',(-38.857155,-34.7,2.420986));
#3483 = VECTOR('',#3484,1.);
#3484 = DIRECTION('',(-0.,-2.22044604925E-16,-1.));
#3485 = ORIENTED_EDGE('',*,*,#3186,.F.);
#3486 = ORIENTED_EDGE('',*,*,#1735,.F.);
#3487 = CYLINDRICAL_SURFACE('',#3488,0.5);
#3488 = AXIS2_PLACEMENT_3D('',#3489,#3490,#3491);
#3489 = CARTESIAN_POINT('',(-38.357155,-34.7,2.420986));
#3490 = DIRECTION('',(-0.,-2.22044604925E-16,-1.));
#3491 = DIRECTION('',(0.,-1.,2.22044604925E-16));
#3492 = ADVANCED_FACE('',(#3493),#3528,.T.);
#3493 = FACE_BOUND('',#3494,.F.);
#3494 = EDGE_LOOP('',(#3495,#3503,#3504,#3505,#3514,#3522));
#3495 = ORIENTED_EDGE('',*,*,#3496,.F.);
#3496 = EDGE_CURVE('',#3448,#3497,#3499,.T.);
#3497 = VERTEX_POINT('',#3498);
#3498 = CARTESIAN_POINT('',(-56.051056,-33.2,-4.440892098501E-16));
#3499 = LINE('',#3500,#3501);
#3500 = CARTESIAN_POINT('',(-56.051056,-35.2,0.));
#3501 = VECTOR('',#3502,1.);
#3502 = DIRECTION('',(0.,1.,-2.22044604925E-16));
#3503 = ORIENTED_EDGE('',*,*,#3455,.F.);
#3504 = ORIENTED_EDGE('',*,*,#1693,.F.);
#3505 = ORIENTED_EDGE('',*,*,#3506,.T.);
#3506 = EDGE_CURVE('',#1694,#3507,#3509,.T.);
#3507 = VERTEX_POINT('',#3508);
#3508 = CARTESIAN_POINT('',(-49.502907,-34.7,-1.110223024625E-16));
#3509 = CIRCLE('',#3510,0.5);
#3510 = AXIS2_PLACEMENT_3D('',#3511,#3512,#3513);
#3511 = CARTESIAN_POINT('',(-50.002907,-34.7,0.));
#3512 = DIRECTION('',(-0.,2.22044604925E-16,1.));
#3513 = DIRECTION('',(0.,-1.,2.22044604925E-16));
#3514 = ORIENTED_EDGE('',*,*,#3515,.T.);
#3515 = EDGE_CURVE('',#3507,#3516,#3518,.T.);
#3516 = VERTEX_POINT('',#3517);
#3517 = CARTESIAN_POINT('',(-49.502907,-33.2,-4.440892098501E-16));
#3518 = LINE('',#3519,#3520);
#3519 = CARTESIAN_POINT('',(-49.502907,-35.2,0.));
#3520 = VECTOR('',#3521,1.);
#3521 = DIRECTION('',(0.,1.,-2.22044604925E-16));
#3522 = ORIENTED_EDGE('',*,*,#3523,.T.);
#3523 = EDGE_CURVE('',#3516,#3497,#3524,.T.);
#3524 = LINE('',#3525,#3526);
#3525 = CARTESIAN_POINT('',(-22.64644394242,-33.2,0.));
#3526 = VECTOR('',#3527,1.);
#3527 = DIRECTION('',(-1.,-0.,-0.));
#3528 = PLANE('',#3529);
#3529 = AXIS2_PLACEMENT_3D('',#3530,#3531,#3532);
#3530 = CARTESIAN_POINT('',(-37.54903074832,-22.17427246828,0.));
#3531 = DIRECTION('',(0.,0.,-1.));
#3532 = DIRECTION('',(-1.,0.,0.));
#3533 = ADVANCED_FACE('',(#3534),#3554,.T.);
#3534 = FACE_BOUND('',#3535,.F.);
#3535 = EDGE_LOOP('',(#3536,#3545,#3546,#3547));
#3536 = ORIENTED_EDGE('',*,*,#3537,.F.);
#3537 = EDGE_CURVE('',#1719,#3538,#3540,.T.);
#3538 = VERTEX_POINT('',#3539);
#3539 = CARTESIAN_POINT('',(-39.255929,-34.7,2.81976));
#3540 = CIRCLE('',#3541,0.5);
#3541 = AXIS2_PLACEMENT_3D('',#3542,#3543,#3544);
#3542 = CARTESIAN_POINT('',(-39.255929,-34.7,3.31976));
#3543 = DIRECTION('',(1.,0.,0.));
#3544 = DIRECTION('',(-0.,-1.,-0.));
#3545 = ORIENTED_EDGE('',*,*,#1726,.T.);
#3546 = ORIENTED_EDGE('',*,*,#3471,.T.);
#3547 = ORIENTED_EDGE('',*,*,#3548,.F.);
#3548 = EDGE_CURVE('',#3538,#3472,#3549,.T.);
#3549 = CIRCLE('',#3550,0.398774);
#3550 = AXIS2_PLACEMENT_3D('',#3551,#3552,#3553);
#3551 = CARTESIAN_POINT('',(-39.255929,-34.7,2.420986));
#3552 = DIRECTION('',(0.,1.,0.));
#3553 = DIRECTION('',(0.,0.,1.));
#3554 = TOROIDAL_SURFACE('',#3555,0.898774,0.5);
#3555 = AXIS2_PLACEMENT_3D('',#3556,#3557,#3558);
#3556 = CARTESIAN_POINT('',(-39.255929,-34.7,2.420986));
#3557 = DIRECTION('',(-0.,-1.,-0.));
#3558 = DIRECTION('',(0.,0.,1.));
#3559 = ADVANCED_FACE('',(#3560),#3579,.T.);
#3560 = FACE_BOUND('',#3561,.T.);
#3561 = EDGE_LOOP('',(#3562,#3563,#3571,#3578));
#3562 = ORIENTED_EDGE('',*,*,#3506,.T.);
#3563 = ORIENTED_EDGE('',*,*,#3564,.T.);
#3564 = EDGE_CURVE('',#3507,#3565,#3567,.T.);
#3565 = VERTEX_POINT('',#3566);
#3566 = CARTESIAN_POINT('',(-49.502907,-34.7,2.420986));
#3567 = LINE('',#3568,#3569);
#3568 = CARTESIAN_POINT('',(-49.502907,-34.7,6.798155367234E-33));
#3569 = VECTOR('',#3570,1.);
#3570 = DIRECTION('',(0.,2.22044604925E-16,1.));
#3571 = ORIENTED_EDGE('',*,*,#3572,.F.);
#3572 = EDGE_CURVE('',#1702,#3565,#3573,.T.);
#3573 = CIRCLE('',#3574,0.5);
#3574 = AXIS2_PLACEMENT_3D('',#3575,#3576,#3577);
#3575 = CARTESIAN_POINT('',(-50.002907,-34.7,2.420986));
#3576 = DIRECTION('',(-0.,2.22044604925E-16,1.));
#3577 = DIRECTION('',(0.,-1.,2.22044604925E-16));
#3578 = ORIENTED_EDGE('',*,*,#1701,.F.);
#3579 = CYLINDRICAL_SURFACE('',#3580,0.5);
#3580 = AXIS2_PLACEMENT_3D('',#3581,#3582,#3583);
#3581 = CARTESIAN_POINT('',(-50.002907,-34.7,0.));
#3582 = DIRECTION('',(0.,2.22044604925E-16,1.));
#3583 = DIRECTION('',(0.,-1.,2.22044604925E-16));
#3584 = ADVANCED_FACE('',(#3585),#3604,.T.);
#3585 = FACE_BOUND('',#3586,.T.);
#3586 = EDGE_LOOP('',(#3587,#3596,#3602,#3603));
#3587 = ORIENTED_EDGE('',*,*,#3588,.T.);
#3588 = EDGE_CURVE('',#1710,#3589,#3591,.T.);
#3589 = VERTEX_POINT('',#3590);
#3590 = CARTESIAN_POINT('',(-49.104133,-34.7,2.81976));
#3591 = CIRCLE('',#3592,0.5);
#3592 = AXIS2_PLACEMENT_3D('',#3593,#3594,#3595);
#3593 = CARTESIAN_POINT('',(-49.104133,-34.7,3.31976));
#3594 = DIRECTION('',(1.,-0.,1.171455364583E-15));
#3595 = DIRECTION('',(-1.171455364583E-15,0.,1.));
#3596 = ORIENTED_EDGE('',*,*,#3597,.T.);
#3597 = EDGE_CURVE('',#3589,#3538,#3598,.T.);
#3598 = LINE('',#3599,#3600);
#3599 = CARTESIAN_POINT('',(-49.104133,-34.7,2.81976));
#3600 = VECTOR('',#3601,1.);
#3601 = DIRECTION('',(1.,0.,0.));
#3602 = ORIENTED_EDGE('',*,*,#3537,.F.);
#3603 = ORIENTED_EDGE('',*,*,#1718,.F.);
#3604 = CYLINDRICAL_SURFACE('',#3605,0.5);
#3605 = AXIS2_PLACEMENT_3D('',#3606,#3607,#3608);
#3606 = CARTESIAN_POINT('',(-49.104133,-34.7,3.31976));
#3607 = DIRECTION('',(1.,0.,0.));
#3608 = DIRECTION('',(0.,-1.,0.));
#3609 = ADVANCED_FACE('',(#3610),#3622,.T.);
#3610 = FACE_BOUND('',#3611,.F.);
#3611 = EDGE_LOOP('',(#3612,#3613,#3614,#3615));
#3612 = ORIENTED_EDGE('',*,*,#3572,.F.);
#3613 = ORIENTED_EDGE('',*,*,#1709,.T.);
#3614 = ORIENTED_EDGE('',*,*,#3588,.T.);
#3615 = ORIENTED_EDGE('',*,*,#3616,.F.);
#3616 = EDGE_CURVE('',#3565,#3589,#3617,.T.);
#3617 = CIRCLE('',#3618,0.398774);
#3618 = AXIS2_PLACEMENT_3D('',#3619,#3620,#3621);
#3619 = CARTESIAN_POINT('',(-49.104133,-34.7,2.420986));
#3620 = DIRECTION('',(0.,1.,0.));
#3621 = DIRECTION('',(-1.,-0.,-0.));
#3622 = TOROIDAL_SURFACE('',#3623,0.898774,0.5);
#3623 = AXIS2_PLACEMENT_3D('',#3624,#3625,#3626);
#3624 = CARTESIAN_POINT('',(-49.104133,-34.7,2.420986));
#3625 = DIRECTION('',(-0.,-1.,-0.));
#3626 = DIRECTION('',(-1.,-0.,-0.));
#3627 = ADVANCED_FACE('',(#3628),#3646,.T.);
#3628 = FACE_BOUND('',#3629,.T.);
#3629 = EDGE_LOOP('',(#3630,#3638,#3644,#3645));
#3630 = ORIENTED_EDGE('',*,*,#3631,.T.);
#3631 = EDGE_CURVE('',#2256,#3632,#3634,.T.);
#3632 = VERTEX_POINT('',#3633);
#3633 = CARTESIAN_POINT('',(-73.,1.624807680927,3.268232296657));
#3634 = ( BOUNDED_CURVE() B_SPLINE_CURVE(2,(#3635,#3636,#3637),
.UNSPECIFIED.,.F.,.F.) B_SPLINE_CURVE_WITH_KNOTS((3,3),(0.,
0.552191378365),.PIECEWISE_BEZIER_KNOTS.) CURVE() 
GEOMETRIC_REPRESENTATION_ITEM() RATIONAL_B_SPLINE_CURVE((1.,
0.594088525786,1.)) REPRESENTATION_ITEM('') );
#3635 = CARTESIAN_POINT('',(-73.64705882352,2.102692292965,
    3.268232296657));
#3636 = CARTESIAN_POINT('',(-73.,2.301810881314,3.268232296657));
#3637 = CARTESIAN_POINT('',(-73.,1.624807680927,3.268232296657));
#3638 = ORIENTED_EDGE('',*,*,#3639,.T.);
#3639 = EDGE_CURVE('',#3632,#3041,#3640,.T.);
#3640 = LINE('',#3641,#3642);
#3641 = CARTESIAN_POINT('',(-73.,1.624807680927,3.268232296657));
#3642 = VECTOR('',#3643,1.);
#3643 = DIRECTION('',(0.,0.,-1.));
#3644 = ORIENTED_EDGE('',*,*,#3048,.F.);
#3645 = ORIENTED_EDGE('',*,*,#2268,.F.);
#3646 = CYLINDRICAL_SURFACE('',#3647,0.5);
#3647 = AXIS2_PLACEMENT_3D('',#3648,#3649,#3650);
#3648 = CARTESIAN_POINT('',(-73.5,1.624807680927,3.268232296657));
#3649 = DIRECTION('',(0.,0.,-1.));
#3650 = DIRECTION('',(-0.294117647059,0.955769224075,0.));
#3651 = ADVANCED_FACE('',(#3652),#3676,.T.);
#3652 = FACE_BOUND('',#3653,.T.);
#3653 = EDGE_LOOP('',(#3654,#3663,#3674,#3675));
#3654 = ORIENTED_EDGE('',*,*,#3655,.T.);
#3655 = EDGE_CURVE('',#2248,#3656,#3658,.T.);
#3656 = VERTEX_POINT('',#3657);
#3657 = CARTESIAN_POINT('',(-72.74077147031,1.7,3.728559397436));
#3658 = CIRCLE('',#3659,0.5);
#3659 = AXIS2_PLACEMENT_3D('',#3660,#3661,#3662);
#3660 = CARTESIAN_POINT('',(-73.,1.7,4.156111229846));
#3661 = DIRECTION('',(-0.85510366482,0.,-0.518457059371));
#3662 = DIRECTION('',(-0.518457059371,0.,0.85510366482));
#3663 = ORIENTED_EDGE('',*,*,#3664,.T.);
#3664 = EDGE_CURVE('',#3656,#3632,#3665,.T.);
#3665 = ( BOUNDED_CURVE() B_SPLINE_CURVE(7,(#3666,#3667,#3668,#3669,
    #3670,#3671,#3672,#3673),.UNSPECIFIED.,.F.,.F.) 
B_SPLINE_CURVE_WITH_KNOTS((8,8),(13.367973349907,13.920164728271),
.PIECEWISE_BEZIER_KNOTS.) CURVE() GEOMETRIC_REPRESENTATION_ITEM() 
RATIONAL_B_SPLINE_CURVE((1.,1.,1.,1.,1.,1.,1.,1.)) REPRESENTATION_ITEM(
  '') );
#3666 = CARTESIAN_POINT('',(-72.74077147031,1.7,3.728559397436));
#3667 = CARTESIAN_POINT('',(-72.80822585632,1.7,3.687661195206));
#3668 = CARTESIAN_POINT('',(-72.86868840627,1.690389705654,
    3.635231022741));
#3669 = CARTESIAN_POINT('',(-72.91979332097,1.673818939816,
    3.572703534135));
#3670 = CARTESIAN_POINT('',(-72.95954222236,1.652471452237,
    3.502119109809));
#3671 = CARTESIAN_POINT('',(-72.98651400323,1.633887317886,
    3.426001292092));
#3672 = CARTESIAN_POINT('',(-73.,1.624807680927,3.347116751002));
#3673 = CARTESIAN_POINT('',(-73.,1.624807680927,3.268232296657));
#3674 = ORIENTED_EDGE('',*,*,#3631,.F.);
#3675 = ORIENTED_EDGE('',*,*,#2255,.F.);
#3676 = ( BOUNDED_SURFACE() B_SPLINE_SURFACE(2,7,(
    (#3677,#3678,#3679,#3680,#3681,#3682,#3683,#3684)
    ,(#3685,#3686,#3687,#3688,#3689,#3690,#3691,#3692)
    ,(#3693,#3694,#3695,#3696,#3697,#3698,#3699,#3700
)),.UNSPECIFIED.,.F.,.F.,.F.) B_SPLINE_SURFACE_WITH_KNOTS((3,3),(8,8),(
    0.,0.552191378365),(13.367973349907,13.920164728271),
.PIECEWISE_BEZIER_KNOTS.) GEOMETRIC_REPRESENTATION_ITEM() 
RATIONAL_B_SPLINE_SURFACE((
    (1.,1.,1.,1.,1.,1.,1.,1.)
    ,(0.707106781187,0.695561121942,0.67755071591,0.654821807205
      ,0.627310767436,0.605051845339,0.594088525786,0.594088525786)
,(1.,1.,1.,1.,1.,1.,1.,1.))) REPRESENTATION_ITEM('') SURFACE() );
#3677 = CARTESIAN_POINT('',(-73.,2.2,4.156111229846));
#3678 = CARTESIAN_POINT('',(-73.13857140416,2.2,4.091188931989));
#3679 = CARTESIAN_POINT('',(-73.27309079189,2.189673699544,
    4.008530656818));
#3680 = CARTESIAN_POINT('',(-73.40046092445,2.171120044431,
    3.905022480632));
#3681 = CARTESIAN_POINT('',(-73.51858722916,2.142873953902,
    3.775769466688));
#3682 = CARTESIAN_POINT('',(-73.60432855275,2.11569326133,3.615509862306
    ));
#3683 = CARTESIAN_POINT('',(-73.64705882352,2.102692292965,
    3.441934013723));
#3684 = CARTESIAN_POINT('',(-73.64705882352,2.102692292965,
    3.268232296657));
#3685 = CARTESIAN_POINT('',(-72.74077147031,2.2,3.728559397436));
#3686 = CARTESIAN_POINT('',(-72.80934553557,2.216599057768,
    3.686982323585));
#3687 = CARTESIAN_POINT('',(-72.87150331183,2.233278009514,
    3.632828227322));
#3688 = CARTESIAN_POINT('',(-72.92386955366,2.250612157136,
    3.567702672622));
#3689 = CARTESIAN_POINT('',(-72.96194565265,2.272390380199,
    3.495245491542));
#3690 = CARTESIAN_POINT('',(-72.9866929946,2.29181104918,3.423199715176)
  );
#3691 = CARTESIAN_POINT('',(-73.,2.301810881314,3.347116751002));
#3692 = CARTESIAN_POINT('',(-73.,2.301810881314,3.268232296657));
#3693 = CARTESIAN_POINT('',(-72.74077147031,1.7,3.728559397436));
#3694 = CARTESIAN_POINT('',(-72.80822585632,1.7,3.687661195206));
#3695 = CARTESIAN_POINT('',(-72.86868840627,1.690389705654,
    3.635231022741));
#3696 = CARTESIAN_POINT('',(-72.91979332097,1.673818939816,
    3.572703534135));
#3697 = CARTESIAN_POINT('',(-72.95954222236,1.652471452237,
    3.502119109809));
#3698 = CARTESIAN_POINT('',(-72.98651400323,1.633887317886,
    3.426001292092));
#3699 = CARTESIAN_POINT('',(-73.,1.624807680927,3.347116751002));
#3700 = CARTESIAN_POINT('',(-73.,1.624807680927,3.268232296657));
#3701 = ADVANCED_FACE('',(#3702),#3721,.T.);
#3702 = FACE_BOUND('',#3703,.T.);
#3703 = EDGE_LOOP('',(#3704,#3705,#3713,#3720));
#3704 = ORIENTED_EDGE('',*,*,#3208,.T.);
#3705 = ORIENTED_EDGE('',*,*,#3706,.T.);
#3706 = EDGE_CURVE('',#3209,#3707,#3709,.T.);
#3707 = VERTEX_POINT('',#3708);
#3708 = CARTESIAN_POINT('',(-5.823962678119,1.7,4.952106242387));
#3709 = LINE('',#3710,#3711);
#3710 = CARTESIAN_POINT('',(-5.823962678119,1.7,-1.7763568394E-15));
#3711 = VECTOR('',#3712,1.);
#3712 = DIRECTION('',(0.,2.22044604925E-16,1.));
#3713 = ORIENTED_EDGE('',*,*,#3714,.F.);
#3714 = EDGE_CURVE('',#2318,#3707,#3715,.T.);
#3715 = CIRCLE('',#3716,0.5);
#3716 = AXIS2_PLACEMENT_3D('',#3717,#3718,#3719);
#3717 = CARTESIAN_POINT('',(-5.323962678119,1.7,4.952106242387));
#3718 = DIRECTION('',(-0.,2.22044604925E-16,1.));
#3719 = DIRECTION('',(0.,1.,-2.22044604925E-16));
#3720 = ORIENTED_EDGE('',*,*,#2317,.F.);
#3721 = CYLINDRICAL_SURFACE('',#3722,0.5);
#3722 = AXIS2_PLACEMENT_3D('',#3723,#3724,#3725);
#3723 = CARTESIAN_POINT('',(-5.323962678119,1.7,-1.7763568394E-15));
#3724 = DIRECTION('',(0.,2.22044604925E-16,1.));
#3725 = DIRECTION('',(0.,1.,-2.22044604925E-16));
#3726 = ADVANCED_FACE('',(#3727),#3747,.T.);
#3727 = FACE_BOUND('',#3728,.F.);
#3728 = EDGE_LOOP('',(#3729,#3730,#3731,#3740));
#3729 = ORIENTED_EDGE('',*,*,#3714,.F.);
#3730 = ORIENTED_EDGE('',*,*,#2325,.T.);
#3731 = ORIENTED_EDGE('',*,*,#3732,.T.);
#3732 = EDGE_CURVE('',#2326,#3733,#3735,.T.);
#3733 = VERTEX_POINT('',#3734);
#3734 = CARTESIAN_POINT('',(-6.571856435732,1.7,5.7));
#3735 = CIRCLE('',#3736,0.5);
#3736 = AXIS2_PLACEMENT_3D('',#3737,#3738,#3739);
#3737 = CARTESIAN_POINT('',(-6.571856435732,1.7,6.2));
#3738 = DIRECTION('',(-1.,0.,6.123233995737E-17));
#3739 = DIRECTION('',(6.123233995737E-17,0.,1.));
#3740 = ORIENTED_EDGE('',*,*,#3741,.F.);
#3741 = EDGE_CURVE('',#3707,#3733,#3742,.T.);
#3742 = CIRCLE('',#3743,0.747893757613);
#3743 = AXIS2_PLACEMENT_3D('',#3744,#3745,#3746);
#3744 = CARTESIAN_POINT('',(-6.571856435732,1.7,4.952106242387));
#3745 = DIRECTION('',(0.,-1.,0.));
#3746 = DIRECTION('',(1.,0.,0.));
#3747 = TOROIDAL_SURFACE('',#3748,1.247893757613,0.5);
#3748 = AXIS2_PLACEMENT_3D('',#3749,#3750,#3751);
#3749 = CARTESIAN_POINT('',(-6.571856435732,1.7,4.952106242387));
#3750 = DIRECTION('',(0.,1.,0.));
#3751 = DIRECTION('',(1.,0.,0.));
#3752 = ADVANCED_FACE('',(#3753),#3772,.T.);
#3753 = FACE_BOUND('',#3754,.T.);
#3754 = EDGE_LOOP('',(#3755,#3756,#3764,#3771));
#3755 = ORIENTED_EDGE('',*,*,#3732,.T.);
#3756 = ORIENTED_EDGE('',*,*,#3757,.T.);
#3757 = EDGE_CURVE('',#3733,#3758,#3760,.T.);
#3758 = VERTEX_POINT('',#3759);
#3759 = CARTESIAN_POINT('',(-15.60216026859,1.7,5.7));
#3760 = LINE('',#3761,#3762);
#3761 = CARTESIAN_POINT('',(-6.571856435732,1.7,5.7));
#3762 = VECTOR('',#3763,1.);
#3763 = DIRECTION('',(-1.,-0.,-0.));
#3764 = ORIENTED_EDGE('',*,*,#3765,.F.);
#3765 = EDGE_CURVE('',#2335,#3758,#3766,.T.);
#3766 = CIRCLE('',#3767,0.5);
#3767 = AXIS2_PLACEMENT_3D('',#3768,#3769,#3770);
#3768 = CARTESIAN_POINT('',(-15.60216026859,1.7,6.2));
#3769 = DIRECTION('',(-1.,0.,0.));
#3770 = DIRECTION('',(0.,1.,0.));
#3771 = ORIENTED_EDGE('',*,*,#2334,.F.);
#3772 = CYLINDRICAL_SURFACE('',#3773,0.5);
#3773 = AXIS2_PLACEMENT_3D('',#3774,#3775,#3776);
#3774 = CARTESIAN_POINT('',(-6.571856435732,1.7,6.2));
#3775 = DIRECTION('',(-1.,-0.,-0.));
#3776 = DIRECTION('',(0.,1.,0.));
#3777 = ADVANCED_FACE('',(#3778),#3798,.T.);
#3778 = FACE_BOUND('',#3779,.F.);
#3779 = EDGE_LOOP('',(#3780,#3781,#3782,#3791));
#3780 = ORIENTED_EDGE('',*,*,#3765,.F.);
#3781 = ORIENTED_EDGE('',*,*,#2342,.T.);
#3782 = ORIENTED_EDGE('',*,*,#3783,.T.);
#3783 = EDGE_CURVE('',#2343,#3784,#3786,.T.);
#3784 = VERTEX_POINT('',#3785);
#3785 = CARTESIAN_POINT('',(-16.84845449346,1.7,4.45370577513));
#3786 = CIRCLE('',#3787,0.5);
#3787 = AXIS2_PLACEMENT_3D('',#3788,#3789,#3790);
#3788 = CARTESIAN_POINT('',(-17.34845449346,1.7,4.453705775129));
#3789 = DIRECTION('',(2.872658822833E-12,0.,-1.));
#3790 = DIRECTION('',(-1.,-0.,-2.872658822833E-12));
#3791 = ORIENTED_EDGE('',*,*,#3792,.F.);
#3792 = EDGE_CURVE('',#3758,#3784,#3793,.T.);
#3793 = CIRCLE('',#3794,1.246294224866);
#3794 = AXIS2_PLACEMENT_3D('',#3795,#3796,#3797);
#3795 = CARTESIAN_POINT('',(-15.60216026859,1.7,4.453705775134));
#3796 = DIRECTION('',(0.,-1.,0.));
#3797 = DIRECTION('',(1.425310977102E-15,0.,1.));
#3798 = TOROIDAL_SURFACE('',#3799,1.746294224866,0.5);
#3799 = AXIS2_PLACEMENT_3D('',#3800,#3801,#3802);
#3800 = CARTESIAN_POINT('',(-15.60216026859,1.7,4.453705775134));
#3801 = DIRECTION('',(0.,1.,0.));
#3802 = DIRECTION('',(1.425310977102E-15,0.,1.));
#3803 = ADVANCED_FACE('',(#3804),#3824,.T.);
#3804 = FACE_BOUND('',#3805,.F.);
#3805 = EDGE_LOOP('',(#3806,#3815,#3816,#3817));
#3806 = ORIENTED_EDGE('',*,*,#3807,.F.);
#3807 = EDGE_CURVE('',#2435,#3808,#3810,.T.);
#3808 = VERTEX_POINT('',#3809);
#3809 = CARTESIAN_POINT('',(-72.461671,1.7,3.806561296657));
#3810 = CIRCLE('',#3811,0.5);
#3811 = AXIS2_PLACEMENT_3D('',#3812,#3813,#3814);
#3812 = CARTESIAN_POINT('',(-72.461671,1.7,4.306561296657));
#3813 = DIRECTION('',(-1.,0.,0.));
#3814 = DIRECTION('',(0.,1.,0.));
#3815 = ORIENTED_EDGE('',*,*,#2442,.T.);
#3816 = ORIENTED_EDGE('',*,*,#3655,.T.);
#3817 = ORIENTED_EDGE('',*,*,#3818,.F.);
#3818 = EDGE_CURVE('',#3808,#3656,#3819,.T.);
#3819 = CIRCLE('',#3820,0.538329);
#3820 = AXIS2_PLACEMENT_3D('',#3821,#3822,#3823);
#3821 = CARTESIAN_POINT('',(-72.461671,1.7,3.268232296657));
#3822 = DIRECTION('',(0.,-1.,0.));
#3823 = DIRECTION('',(0.,0.,1.));
#3824 = TOROIDAL_SURFACE('',#3825,1.038329,0.5);
#3825 = AXIS2_PLACEMENT_3D('',#3826,#3827,#3828);
#3826 = CARTESIAN_POINT('',(-72.461671,1.7,3.268232296657));
#3827 = DIRECTION('',(0.,1.,0.));
#3828 = DIRECTION('',(0.,0.,1.));
#3829 = ADVANCED_FACE('',(#3830),#3849,.T.);
#3830 = FACE_BOUND('',#3831,.T.);
#3831 = EDGE_LOOP('',(#3832,#3833,#3841,#3848));
#3832 = ORIENTED_EDGE('',*,*,#3783,.T.);
#3833 = ORIENTED_EDGE('',*,*,#3834,.T.);
#3834 = EDGE_CURVE('',#3784,#3835,#3837,.T.);
#3835 = VERTEX_POINT('',#3836);
#3836 = CARTESIAN_POINT('',(-16.84845449346,1.7,-8.881784197001E-16));
#3837 = LINE('',#3838,#3839);
#3838 = CARTESIAN_POINT('',(-16.84845449346,1.7,4.45370577513));
#3839 = VECTOR('',#3840,1.);
#3840 = DIRECTION('',(-0.,-2.22044604925E-16,-1.));
#3841 = ORIENTED_EDGE('',*,*,#3842,.F.);
#3842 = EDGE_CURVE('',#2352,#3835,#3843,.T.);
#3843 = CIRCLE('',#3844,0.5);
#3844 = AXIS2_PLACEMENT_3D('',#3845,#3846,#3847);
#3845 = CARTESIAN_POINT('',(-17.34845449346,1.7,0.));
#3846 = DIRECTION('',(0.,-2.22044604925E-16,-1.));
#3847 = DIRECTION('',(0.,1.,-2.22044604925E-16));
#3848 = ORIENTED_EDGE('',*,*,#2351,.F.);
#3849 = CYLINDRICAL_SURFACE('',#3850,0.5);
#3850 = AXIS2_PLACEMENT_3D('',#3851,#3852,#3853);
#3851 = CARTESIAN_POINT('',(-17.34845449346,1.7,4.45370577513));
#3852 = DIRECTION('',(-0.,-2.22044604925E-16,-1.));
#3853 = DIRECTION('',(0.,1.,-2.22044604925E-16));
#3854 = ADVANCED_FACE('',(#3855),#3874,.T.);
#3855 = FACE_BOUND('',#3856,.T.);
#3856 = EDGE_LOOP('',(#3857,#3866,#3872,#3873));
#3857 = ORIENTED_EDGE('',*,*,#3858,.T.);
#3858 = EDGE_CURVE('',#2426,#3859,#3861,.T.);
#3859 = VERTEX_POINT('',#3860);
#3860 = CARTESIAN_POINT('',(-63.500949,1.7,3.806561296657));
#3861 = CIRCLE('',#3862,0.5);
#3862 = AXIS2_PLACEMENT_3D('',#3863,#3864,#3865);
#3863 = CARTESIAN_POINT('',(-63.500949,1.7,4.306561296657));
#3864 = DIRECTION('',(-1.,0.,6.123233995737E-17));
#3865 = DIRECTION('',(6.123233995737E-17,0.,1.));
#3866 = ORIENTED_EDGE('',*,*,#3867,.T.);
#3867 = EDGE_CURVE('',#3859,#3808,#3868,.T.);
#3868 = LINE('',#3869,#3870);
#3869 = CARTESIAN_POINT('',(-63.500949,1.7,3.806561296657));
#3870 = VECTOR('',#3871,1.);
#3871 = DIRECTION('',(-1.,-0.,-0.));
#3872 = ORIENTED_EDGE('',*,*,#3807,.F.);
#3873 = ORIENTED_EDGE('',*,*,#2434,.F.);
#3874 = CYLINDRICAL_SURFACE('',#3875,0.5);
#3875 = AXIS2_PLACEMENT_3D('',#3876,#3877,#3878);
#3876 = CARTESIAN_POINT('',(-63.500949,1.7,4.306561296657));
#3877 = DIRECTION('',(-1.,-0.,-0.));
#3878 = DIRECTION('',(0.,1.,0.));
#3879 = ADVANCED_FACE('',(#3880),#3915,.T.);
#3880 = FACE_BOUND('',#3881,.F.);
#3881 = EDGE_LOOP('',(#3882,#3883,#3892,#3900,#3908,#3914));
#3882 = ORIENTED_EDGE('',*,*,#2359,.F.);
#3883 = ORIENTED_EDGE('',*,*,#3884,.T.);
#3884 = EDGE_CURVE('',#2360,#3885,#3887,.T.);
#3885 = VERTEX_POINT('',#3886);
#3886 = CARTESIAN_POINT('',(-22.059414,1.7,1.110223024625E-16));
#3887 = CIRCLE('',#3888,0.5);
#3888 = AXIS2_PLACEMENT_3D('',#3889,#3890,#3891);
#3889 = CARTESIAN_POINT('',(-21.559414,1.7,0.));
#3890 = DIRECTION('',(-0.,2.22044604925E-16,1.));
#3891 = DIRECTION('',(0.,-1.,2.22044604925E-16));
#3892 = ORIENTED_EDGE('',*,*,#3893,.T.);
#3893 = EDGE_CURVE('',#3885,#3894,#3896,.T.);
#3894 = VERTEX_POINT('',#3895);
#3895 = CARTESIAN_POINT('',(-22.059414,0.2,4.440892098501E-16));
#3896 = LINE('',#3897,#3898);
#3897 = CARTESIAN_POINT('',(-22.059414,2.2,0.));
#3898 = VECTOR('',#3899,1.);
#3899 = DIRECTION('',(0.,-1.,2.22044604925E-16));
#3900 = ORIENTED_EDGE('',*,*,#3901,.T.);
#3901 = EDGE_CURVE('',#3894,#3902,#3904,.T.);
#3902 = VERTEX_POINT('',#3903);
#3903 = CARTESIAN_POINT('',(-16.84845449346,0.2,-1.33226762955E-15));
#3904 = LINE('',#3905,#3906);
#3905 = CARTESIAN_POINT('',(-73.,0.2,0.));
#3906 = VECTOR('',#3907,1.);
#3907 = DIRECTION('',(1.,0.,0.));
#3908 = ORIENTED_EDGE('',*,*,#3909,.F.);
#3909 = EDGE_CURVE('',#3835,#3902,#3910,.T.);
#3910 = LINE('',#3911,#3912);
#3911 = CARTESIAN_POINT('',(-16.84845449346,2.2,-1.7763568394E-15));
#3912 = VECTOR('',#3913,1.);
#3913 = DIRECTION('',(0.,-1.,2.22044604925E-16));
#3914 = ORIENTED_EDGE('',*,*,#3842,.F.);
#3915 = PLANE('',#3916);
#3916 = AXIS2_PLACEMENT_3D('',#3917,#3918,#3919);
#3917 = CARTESIAN_POINT('',(-37.54903074832,-22.17427246828,0.));
#3918 = DIRECTION('',(0.,0.,-1.));
#3919 = DIRECTION('',(-1.,0.,0.));
#3920 = ADVANCED_FACE('',(#3921),#3941,.T.);
#3921 = FACE_BOUND('',#3922,.F.);
#3922 = EDGE_LOOP('',(#3923,#3932,#3933,#3934));
#3923 = ORIENTED_EDGE('',*,*,#3924,.F.);
#3924 = EDGE_CURVE('',#2418,#3925,#3927,.T.);
#3925 = VERTEX_POINT('',#3926);
#3926 = CARTESIAN_POINT('',(-62.96262,1.7,3.268232296657));
#3927 = CIRCLE('',#3928,0.5);
#3928 = AXIS2_PLACEMENT_3D('',#3929,#3930,#3931);
#3929 = CARTESIAN_POINT('',(-62.46262,1.7,3.268232296657));
#3930 = DIRECTION('',(-0.,2.22044604925E-16,1.));
#3931 = DIRECTION('',(0.,1.,-2.22044604925E-16));
#3932 = ORIENTED_EDGE('',*,*,#2425,.T.);
#3933 = ORIENTED_EDGE('',*,*,#3858,.T.);
#3934 = ORIENTED_EDGE('',*,*,#3935,.F.);
#3935 = EDGE_CURVE('',#3925,#3859,#3936,.T.);
#3936 = CIRCLE('',#3937,0.538329);
#3937 = AXIS2_PLACEMENT_3D('',#3938,#3939,#3940);
#3938 = CARTESIAN_POINT('',(-63.500949,1.7,3.268232296657));
#3939 = DIRECTION('',(0.,-1.,0.));
#3940 = DIRECTION('',(1.,0.,0.));
#3941 = TOROIDAL_SURFACE('',#3942,1.038329,0.5);
#3942 = AXIS2_PLACEMENT_3D('',#3943,#3944,#3945);
#3943 = CARTESIAN_POINT('',(-63.500949,1.7,3.268232296657));
#3944 = DIRECTION('',(0.,1.,0.));
#3945 = DIRECTION('',(1.,0.,0.));
#3946 = ADVANCED_FACE('',(#3947),#3966,.T.);
#3947 = FACE_BOUND('',#3948,.T.);
#3948 = EDGE_LOOP('',(#3949,#3950,#3958,#3965));
#3949 = ORIENTED_EDGE('',*,*,#3884,.T.);
#3950 = ORIENTED_EDGE('',*,*,#3951,.T.);
#3951 = EDGE_CURVE('',#3885,#3952,#3954,.T.);
#3952 = VERTEX_POINT('',#3953);
#3953 = CARTESIAN_POINT('',(-22.059414,1.7,2.222));
#3954 = LINE('',#3955,#3956);
#3955 = CARTESIAN_POINT('',(-22.059414,1.7,-6.798155367234E-33));
#3956 = VECTOR('',#3957,1.);
#3957 = DIRECTION('',(0.,2.22044604925E-16,1.));
#3958 = ORIENTED_EDGE('',*,*,#3959,.F.);
#3959 = EDGE_CURVE('',#2368,#3952,#3960,.T.);
#3960 = CIRCLE('',#3961,0.5);
#3961 = AXIS2_PLACEMENT_3D('',#3962,#3963,#3964);
#3962 = CARTESIAN_POINT('',(-21.559414,1.7,2.222));
#3963 = DIRECTION('',(-0.,2.22044604925E-16,1.));
#3964 = DIRECTION('',(0.,1.,-2.22044604925E-16));
#3965 = ORIENTED_EDGE('',*,*,#2367,.F.);
#3966 = CYLINDRICAL_SURFACE('',#3967,0.5);
#3967 = AXIS2_PLACEMENT_3D('',#3968,#3969,#3970);
#3968 = CARTESIAN_POINT('',(-21.559414,1.7,0.));
#3969 = DIRECTION('',(0.,2.22044604925E-16,1.));
#3970 = DIRECTION('',(0.,1.,-2.22044604925E-16));
#3971 = ADVANCED_FACE('',(#3972),#3991,.T.);
#3972 = FACE_BOUND('',#3973,.T.);
#3973 = EDGE_LOOP('',(#3974,#3983,#3989,#3990));
#3974 = ORIENTED_EDGE('',*,*,#3975,.T.);
#3975 = EDGE_CURVE('',#2410,#3976,#3978,.T.);
#3976 = VERTEX_POINT('',#3977);
#3977 = CARTESIAN_POINT('',(-62.96262,1.7,-6.106226635438E-15));
#3978 = CIRCLE('',#3979,0.5);
#3979 = AXIS2_PLACEMENT_3D('',#3980,#3981,#3982);
#3980 = CARTESIAN_POINT('',(-62.46262,1.7,0.));
#3981 = DIRECTION('',(-0.,2.22044604925E-16,1.));
#3982 = DIRECTION('',(0.,-1.,2.22044604925E-16));
#3983 = ORIENTED_EDGE('',*,*,#3984,.T.);
#3984 = EDGE_CURVE('',#3976,#3925,#3985,.T.);
#3985 = LINE('',#3986,#3987);
#3986 = CARTESIAN_POINT('',(-62.96262,1.7,-6.217248937901E-15));
#3987 = VECTOR('',#3988,1.);
#3988 = DIRECTION('',(0.,2.22044604925E-16,1.));
#3989 = ORIENTED_EDGE('',*,*,#3924,.F.);
#3990 = ORIENTED_EDGE('',*,*,#2417,.F.);
#3991 = CYLINDRICAL_SURFACE('',#3992,0.5);
#3992 = AXIS2_PLACEMENT_3D('',#3993,#3994,#3995);
#3993 = CARTESIAN_POINT('',(-62.46262,1.7,-6.217248937901E-15));
#3994 = DIRECTION('',(0.,2.22044604925E-16,1.));
#3995 = DIRECTION('',(0.,1.,-2.22044604925E-16));
#3996 = ADVANCED_FACE('',(#3997),#4017,.T.);
#3997 = FACE_BOUND('',#3998,.F.);
#3998 = EDGE_LOOP('',(#3999,#4000,#4001,#4010));
#3999 = ORIENTED_EDGE('',*,*,#3959,.F.);
#4000 = ORIENTED_EDGE('',*,*,#2375,.T.);
#4001 = ORIENTED_EDGE('',*,*,#4002,.T.);
#4002 = EDGE_CURVE('',#2376,#4003,#4005,.T.);
#4003 = VERTEX_POINT('',#4004);
#4004 = CARTESIAN_POINT('',(-22.425412,1.7,2.587998));
#4005 = CIRCLE('',#4006,0.5);
#4006 = AXIS2_PLACEMENT_3D('',#4007,#4008,#4009);
#4007 = CARTESIAN_POINT('',(-22.425412,1.7,3.087998));
#4008 = DIRECTION('',(-1.,0.,6.123233995737E-17));
#4009 = DIRECTION('',(6.123233995737E-17,0.,1.));
#4010 = ORIENTED_EDGE('',*,*,#4011,.F.);
#4011 = EDGE_CURVE('',#3952,#4003,#4012,.T.);
#4012 = CIRCLE('',#4013,0.365998);
#4013 = AXIS2_PLACEMENT_3D('',#4014,#4015,#4016);
#4014 = CARTESIAN_POINT('',(-22.425412,1.7,2.222));
#4015 = DIRECTION('',(0.,-1.,0.));
#4016 = DIRECTION('',(1.,0.,0.));
#4017 = TOROIDAL_SURFACE('',#4018,0.865998,0.5);
#4018 = AXIS2_PLACEMENT_3D('',#4019,#4020,#4021);
#4019 = CARTESIAN_POINT('',(-22.425412,1.7,2.222));
#4020 = DIRECTION('',(0.,1.,0.));
#4021 = DIRECTION('',(1.,0.,0.));
#4022 = ADVANCED_FACE('',(#4023,#4091),#4102,.T.);
#4023 = FACE_BOUND('',#4024,.F.);
#4024 = EDGE_LOOP('',(#4025,#4026,#4027,#4035,#4043,#4051,#4060,#4068,
    #4076,#4084));
#4025 = ORIENTED_EDGE('',*,*,#2409,.F.);
#4026 = ORIENTED_EDGE('',*,*,#3975,.T.);
#4027 = ORIENTED_EDGE('',*,*,#4028,.T.);
#4028 = EDGE_CURVE('',#3976,#4029,#4031,.T.);
#4029 = VERTEX_POINT('',#4030);
#4030 = CARTESIAN_POINT('',(-62.96262,0.2,-5.773159728051E-15));
#4031 = LINE('',#4032,#4033);
#4032 = CARTESIAN_POINT('',(-62.96262,2.2,-6.217248937901E-15));
#4033 = VECTOR('',#4034,1.);
#4034 = DIRECTION('',(0.,-1.,2.22044604925E-16));
#4035 = ORIENTED_EDGE('',*,*,#4036,.T.);
#4036 = EDGE_CURVE('',#4029,#4037,#4039,.T.);
#4037 = VERTEX_POINT('',#4038);
#4038 = CARTESIAN_POINT('',(-62.633274,0.2,-1.224646799147E-17));
#4039 = LINE('',#4040,#4041);
#4040 = CARTESIAN_POINT('',(-73.,0.2,0.));
#4041 = VECTOR('',#4042,1.);
#4042 = DIRECTION('',(1.,0.,0.));
#4043 = ORIENTED_EDGE('',*,*,#4044,.F.);
#4044 = EDGE_CURVE('',#4045,#4037,#4047,.T.);
#4045 = VERTEX_POINT('',#4046);
#4046 = CARTESIAN_POINT('',(-62.633274,-3.05,3.735172737399E-16));
#4047 = LINE('',#4048,#4049);
#4048 = CARTESIAN_POINT('',(-62.633274,-3.05,3.735172737399E-16));
#4049 = VECTOR('',#4050,1.);
#4050 = DIRECTION('',(-0.,1.,-1.224646799147E-16));
#4051 = ORIENTED_EDGE('',*,*,#4052,.T.);
#4052 = EDGE_CURVE('',#4045,#4053,#4055,.T.);
#4053 = VERTEX_POINT('',#4054);
#4054 = CARTESIAN_POINT('',(-56.633274,-3.049998960769,
    3.735171464709E-16));
#4055 = CIRCLE('',#4056,3.);
#4056 = AXIS2_PLACEMENT_3D('',#4057,#4058,#4059);
#4057 = CARTESIAN_POINT('',(-59.633274,-3.05,3.735172737399E-16));
#4058 = DIRECTION('',(0.,1.224646799147E-16,1.));
#4059 = DIRECTION('',(-1.,0.,0.));
#4060 = ORIENTED_EDGE('',*,*,#4061,.F.);
#4061 = EDGE_CURVE('',#4062,#4053,#4064,.T.);
#4062 = VERTEX_POINT('',#4063);
#4063 = CARTESIAN_POINT('',(-56.633274,0.2,-1.224646799147E-17));
#4064 = LINE('',#4065,#4066);
#4065 = CARTESIAN_POINT('',(-56.633274,1.073844,-1.315079617384E-16));
#4066 = VECTOR('',#4067,1.);
#4067 = DIRECTION('',(0.,-1.,1.224646799147E-16));
#4068 = ORIENTED_EDGE('',*,*,#4069,.T.);
#4069 = EDGE_CURVE('',#4062,#4070,#4072,.T.);
#4070 = VERTEX_POINT('',#4071);
#4071 = CARTESIAN_POINT('',(-28.750465,0.2,4.440892098501E-16));
#4072 = LINE('',#4073,#4074);
#4073 = CARTESIAN_POINT('',(-73.,0.2,0.));
#4074 = VECTOR('',#4075,1.);
#4075 = DIRECTION('',(1.,0.,0.));
#4076 = ORIENTED_EDGE('',*,*,#4077,.F.);
#4077 = EDGE_CURVE('',#4078,#4070,#4080,.T.);
#4078 = VERTEX_POINT('',#4079);
#4079 = CARTESIAN_POINT('',(-28.750465,1.7,0.));
#4080 = LINE('',#4081,#4082);
#4081 = CARTESIAN_POINT('',(-28.750465,2.2,0.));
#4082 = VECTOR('',#4083,1.);
#4083 = DIRECTION('',(0.,-1.,2.22044604925E-16));
#4084 = ORIENTED_EDGE('',*,*,#4085,.F.);
#4085 = EDGE_CURVE('',#2402,#4078,#4086,.T.);
#4086 = CIRCLE('',#4087,0.5);
#4087 = AXIS2_PLACEMENT_3D('',#4088,#4089,#4090);
#4088 = CARTESIAN_POINT('',(-29.250465,1.7,0.));
#4089 = DIRECTION('',(0.,-2.22044604925E-16,-1.));
#4090 = DIRECTION('',(0.,1.,-2.22044604925E-16));
#4091 = FACE_BOUND('',#4092,.F.);
#4092 = EDGE_LOOP('',(#4093));
#4093 = ORIENTED_EDGE('',*,*,#4094,.F.);
#4094 = EDGE_CURVE('',#4095,#4095,#4097,.T.);
#4095 = VERTEX_POINT('',#4096);
#4096 = CARTESIAN_POINT('',(-61.333274,-3.05,3.735172737399E-16));
#4097 = CIRCLE('',#4098,1.7);
#4098 = AXIS2_PLACEMENT_3D('',#4099,#4100,#4101);
#4099 = CARTESIAN_POINT('',(-59.633274,-3.05,3.735172737399E-16));
#4100 = DIRECTION('',(0.,1.224646799147E-16,1.));
#4101 = DIRECTION('',(-1.,0.,0.));
#4102 = PLANE('',#4103);
#4103 = AXIS2_PLACEMENT_3D('',#4104,#4105,#4106);
#4104 = CARTESIAN_POINT('',(-37.54903074832,-22.17427246828,0.));
#4105 = DIRECTION('',(0.,0.,-1.));
#4106 = DIRECTION('',(-1.,0.,0.));
#4107 = ADVANCED_FACE('',(#4108),#4127,.T.);
#4108 = FACE_BOUND('',#4109,.T.);
#4109 = EDGE_LOOP('',(#4110,#4111,#4119,#4126));
#4110 = ORIENTED_EDGE('',*,*,#4002,.T.);
#4111 = ORIENTED_EDGE('',*,*,#4112,.T.);
#4112 = EDGE_CURVE('',#4003,#4113,#4115,.T.);
#4113 = VERTEX_POINT('',#4114);
#4114 = CARTESIAN_POINT('',(-28.384467,1.7,2.587998));
#4115 = LINE('',#4116,#4117);
#4116 = CARTESIAN_POINT('',(-22.425412,1.7,2.587998));
#4117 = VECTOR('',#4118,1.);
#4118 = DIRECTION('',(-1.,-0.,-0.));
#4119 = ORIENTED_EDGE('',*,*,#4120,.F.);
#4120 = EDGE_CURVE('',#2385,#4113,#4121,.T.);
#4121 = CIRCLE('',#4122,0.5);
#4122 = AXIS2_PLACEMENT_3D('',#4123,#4124,#4125);
#4123 = CARTESIAN_POINT('',(-28.384467,1.7,3.087998));
#4124 = DIRECTION('',(-1.,0.,0.));
#4125 = DIRECTION('',(0.,1.,0.));
#4126 = ORIENTED_EDGE('',*,*,#2384,.F.);
#4127 = CYLINDRICAL_SURFACE('',#4128,0.5);
#4128 = AXIS2_PLACEMENT_3D('',#4129,#4130,#4131);
#4129 = CARTESIAN_POINT('',(-22.425412,1.7,3.087998));
#4130 = DIRECTION('',(-1.,-0.,-0.));
#4131 = DIRECTION('',(0.,1.,0.));
#4132 = ADVANCED_FACE('',(#4133),#4152,.T.);
#4133 = FACE_BOUND('',#4134,.T.);
#4134 = EDGE_LOOP('',(#4135,#4144,#4150,#4151));
#4135 = ORIENTED_EDGE('',*,*,#4136,.T.);
#4136 = EDGE_CURVE('',#2393,#4137,#4139,.T.);
#4137 = VERTEX_POINT('',#4138);
#4138 = CARTESIAN_POINT('',(-28.750465,1.7,2.222));
#4139 = CIRCLE('',#4140,0.5);
#4140 = AXIS2_PLACEMENT_3D('',#4141,#4142,#4143);
#4141 = CARTESIAN_POINT('',(-29.250465,1.7,2.222));
#4142 = DIRECTION('',(-9.768153358106E-15,0.,-1.));
#4143 = DIRECTION('',(-1.,0.,9.768153358106E-15));
#4144 = ORIENTED_EDGE('',*,*,#4145,.T.);
#4145 = EDGE_CURVE('',#4137,#4078,#4146,.T.);
#4146 = LINE('',#4147,#4148);
#4147 = CARTESIAN_POINT('',(-28.750465,1.7,2.222));
#4148 = VECTOR('',#4149,1.);
#4149 = DIRECTION('',(-0.,-2.22044604925E-16,-1.));
#4150 = ORIENTED_EDGE('',*,*,#4085,.F.);
#4151 = ORIENTED_EDGE('',*,*,#2401,.F.);
#4152 = CYLINDRICAL_SURFACE('',#4153,0.5);
#4153 = AXIS2_PLACEMENT_3D('',#4154,#4155,#4156);
#4154 = CARTESIAN_POINT('',(-29.250465,1.7,2.222));
#4155 = DIRECTION('',(-0.,-2.22044604925E-16,-1.));
#4156 = DIRECTION('',(0.,1.,-2.22044604925E-16));
#4157 = ADVANCED_FACE('',(#4158),#4170,.T.);
#4158 = FACE_BOUND('',#4159,.F.);
#4159 = EDGE_LOOP('',(#4160,#4161,#4162,#4163));
#4160 = ORIENTED_EDGE('',*,*,#4120,.F.);
#4161 = ORIENTED_EDGE('',*,*,#2392,.T.);
#4162 = ORIENTED_EDGE('',*,*,#4136,.T.);
#4163 = ORIENTED_EDGE('',*,*,#4164,.F.);
#4164 = EDGE_CURVE('',#4113,#4137,#4165,.T.);
#4165 = CIRCLE('',#4166,0.365998);
#4166 = AXIS2_PLACEMENT_3D('',#4167,#4168,#4169);
#4167 = CARTESIAN_POINT('',(-28.384467,1.7,2.222));
#4168 = DIRECTION('',(0.,-1.,0.));
#4169 = DIRECTION('',(9.706921018149E-15,0.,1.));
#4170 = TOROIDAL_SURFACE('',#4171,0.865998,0.5);
#4171 = AXIS2_PLACEMENT_3D('',#4172,#4173,#4174);
#4172 = CARTESIAN_POINT('',(-28.384467,1.7,2.222));
#4173 = DIRECTION('',(0.,1.,0.));
#4174 = DIRECTION('',(9.706921018149E-15,0.,1.));
#4175 = ADVANCED_FACE('',(#4176),#4192,.F.);
#4176 = FACE_BOUND('',#4177,.T.);
#4177 = EDGE_LOOP('',(#4178,#4179,#4185,#4186));
#4178 = ORIENTED_EDGE('',*,*,#2507,.F.);
#4179 = ORIENTED_EDGE('',*,*,#4180,.T.);
#4180 = EDGE_CURVE('',#2508,#3007,#4181,.T.);
#4181 = LINE('',#4182,#4183);
#4182 = CARTESIAN_POINT('',(-79.983274,-13.486726,8.003));
#4183 = VECTOR('',#4184,1.);
#4184 = DIRECTION('',(-0.,-1.224646799147E-16,-1.));
#4185 = ORIENTED_EDGE('',*,*,#3015,.T.);
#4186 = ORIENTED_EDGE('',*,*,#4187,.T.);
#4187 = EDGE_CURVE('',#3016,#2510,#4188,.T.);
#4188 = LINE('',#4189,#4190);
#4189 = CARTESIAN_POINT('',(-82.60041883932,-13.486726,4.0015));
#4190 = VECTOR('',#4191,1.);
#4191 = DIRECTION('',(8.496515034084E-17,1.224646799147E-16,1.));
#4192 = PLANE('',#4193);
#4193 = AXIS2_PLACEMENT_3D('',#4194,#4195,#4196);
#4194 = CARTESIAN_POINT('',(-79.983274,-13.486726,8.003));
#4195 = DIRECTION('',(0.,-1.,1.224646799147E-16));
#4196 = DIRECTION('',(1.,0.,0.));
#4197 = ADVANCED_FACE('',(#4198),#4209,.T.);
#4198 = FACE_BOUND('',#4199,.T.);
#4199 = EDGE_LOOP('',(#4200,#4206,#4207,#4208));
#4200 = ORIENTED_EDGE('',*,*,#4201,.T.);
#4201 = EDGE_CURVE('',#2829,#2999,#4202,.T.);
#4202 = LINE('',#4203,#4204);
#4203 = CARTESIAN_POINT('',(-79.98327503923,-19.486726,8.003));
#4204 = VECTOR('',#4205,1.);
#4205 = DIRECTION('',(-0.,-1.224646799147E-16,-1.));
#4206 = ORIENTED_EDGE('',*,*,#3006,.T.);
#4207 = ORIENTED_EDGE('',*,*,#4180,.F.);
#4208 = ORIENTED_EDGE('',*,*,#2836,.F.);
#4209 = CYLINDRICAL_SURFACE('',#4210,3.);
#4210 = AXIS2_PLACEMENT_3D('',#4211,#4212,#4213);
#4211 = CARTESIAN_POINT('',(-79.983274,-16.486726,8.003));
#4212 = DIRECTION('',(0.,1.224646799147E-16,1.));
#4213 = DIRECTION('',(-1.,-0.,-0.));
#4214 = ADVANCED_FACE('',(#4215),#4226,.T.);
#4215 = FACE_BOUND('',#4216,.F.);
#4216 = EDGE_LOOP('',(#4217,#4218,#4219,#4220));
#4217 = ORIENTED_EDGE('',*,*,#3023,.F.);
#4218 = ORIENTED_EDGE('',*,*,#4187,.T.);
#4219 = ORIENTED_EDGE('',*,*,#2517,.T.);
#4220 = ORIENTED_EDGE('',*,*,#4221,.F.);
#4221 = EDGE_CURVE('',#3024,#2518,#4222,.T.);
#4222 = LINE('',#4223,#4224);
#4223 = CARTESIAN_POINT('',(-73.16432412194,0.114006942537,0.));
#4224 = VECTOR('',#4225,1.);
#4225 = DIRECTION('',(0.,0.,1.));
#4226 = PLANE('',#4227);
#4227 = AXIS2_PLACEMENT_3D('',#4228,#4229,#4230);
#4228 = CARTESIAN_POINT('',(-83.22432412194,-14.38599305746,0.));
#4229 = DIRECTION('',(0.821620609732,-0.570034712683,0.));
#4230 = DIRECTION('',(-0.570034712683,-0.821620609732,0.));
#4231 = ADVANCED_FACE('',(#4232),#4243,.F.);
#4232 = FACE_BOUND('',#4233,.T.);
#4233 = EDGE_LOOP('',(#4234,#4235,#4241,#4242));
#4234 = ORIENTED_EDGE('',*,*,#2828,.F.);
#4235 = ORIENTED_EDGE('',*,*,#4236,.T.);
#4236 = EDGE_CURVE('',#2821,#2991,#4237,.T.);
#4237 = LINE('',#4238,#4239);
#4238 = CARTESIAN_POINT('',(-83.26,-19.486726,4.0015));
#4239 = VECTOR('',#4240,1.);
#4240 = DIRECTION('',(0.,-1.224646799147E-16,-1.));
#4241 = ORIENTED_EDGE('',*,*,#2998,.T.);
#4242 = ORIENTED_EDGE('',*,*,#4201,.F.);
#4243 = PLANE('',#4244);
#4244 = AXIS2_PLACEMENT_3D('',#4245,#4246,#4247);
#4245 = CARTESIAN_POINT('',(-83.849556,-19.486726,8.003));
#4246 = DIRECTION('',(0.,1.,-1.224646799147E-16));
#4247 = DIRECTION('',(-1.,0.,0.));
#4248 = ADVANCED_FACE('',(#4249),#4268,.F.);
#4249 = FACE_BOUND('',#4250,.F.);
#4250 = EDGE_LOOP('',(#4251,#4259,#4260,#4261,#4262));
#4251 = ORIENTED_EDGE('',*,*,#4252,.F.);
#4252 = EDGE_CURVE('',#3032,#4253,#4255,.T.);
#4253 = VERTEX_POINT('',#4254);
#4254 = CARTESIAN_POINT('',(-73.,0.2,3.268232296657));
#4255 = LINE('',#4256,#4257);
#4256 = CARTESIAN_POINT('',(-73.,0.2,0.));
#4257 = VECTOR('',#4258,1.);
#4258 = DIRECTION('',(0.,0.,1.));
#4259 = ORIENTED_EDGE('',*,*,#3031,.F.);
#4260 = ORIENTED_EDGE('',*,*,#4221,.T.);
#4261 = ORIENTED_EDGE('',*,*,#2525,.F.);
#4262 = ORIENTED_EDGE('',*,*,#4263,.F.);
#4263 = EDGE_CURVE('',#4253,#2526,#4264,.T.);
#4264 = LINE('',#4265,#4266);
#4265 = CARTESIAN_POINT('',(-73.,0.2,0.));
#4266 = VECTOR('',#4267,1.);
#4267 = DIRECTION('',(0.,0.,1.));
#4268 = CYLINDRICAL_SURFACE('',#4269,0.2);
#4269 = AXIS2_PLACEMENT_3D('',#4270,#4271,#4272);
#4270 = CARTESIAN_POINT('',(-73.,0.,0.));
#4271 = DIRECTION('',(0.,0.,-1.));
#4272 = DIRECTION('',(1.,-1.2E-16,0.));
#4273 = ADVANCED_FACE('',(#4274),#4285,.T.);
#4274 = FACE_BOUND('',#4275,.F.);
#4275 = EDGE_LOOP('',(#4276,#4277,#4278,#4284));
#4276 = ORIENTED_EDGE('',*,*,#4236,.T.);
#4277 = ORIENTED_EDGE('',*,*,#2990,.F.);
#4278 = ORIENTED_EDGE('',*,*,#4279,.T.);
#4279 = EDGE_CURVE('',#2982,#2812,#4280,.T.);
#4280 = LINE('',#4281,#4282);
#4281 = CARTESIAN_POINT('',(-83.26,-32.9,0.));
#4282 = VECTOR('',#4283,1.);
#4283 = DIRECTION('',(0.,0.,1.));
#4284 = ORIENTED_EDGE('',*,*,#2820,.T.);
#4285 = PLANE('',#4286);
#4286 = AXIS2_PLACEMENT_3D('',#4287,#4288,#4289);
#4287 = CARTESIAN_POINT('',(-83.26,-32.9,0.));
#4288 = DIRECTION('',(1.,0.,0.));
#4289 = DIRECTION('',(0.,-1.,0.));
#4290 = ADVANCED_FACE('',(#4291),#4334,.T.);
#4291 = FACE_BOUND('',#4292,.F.);
#4292 = EDGE_LOOP('',(#4293,#4294,#4295,#4301,#4302,#4310,#4319,#4327));
#4293 = ORIENTED_EDGE('',*,*,#4263,.T.);
#4294 = ORIENTED_EDGE('',*,*,#2534,.T.);
#4295 = ORIENTED_EDGE('',*,*,#4296,.F.);
#4296 = EDGE_CURVE('',#4037,#2535,#4297,.T.);
#4297 = LINE('',#4298,#4299);
#4298 = CARTESIAN_POINT('',(-62.633274,0.2,4.0015));
#4299 = VECTOR('',#4300,1.);
#4300 = DIRECTION('',(0.,0.,1.));
#4301 = ORIENTED_EDGE('',*,*,#4036,.F.);
#4302 = ORIENTED_EDGE('',*,*,#4303,.T.);
#4303 = EDGE_CURVE('',#4029,#4304,#4306,.T.);
#4304 = VERTEX_POINT('',#4305);
#4305 = CARTESIAN_POINT('',(-62.96262,0.2,3.268232296657));
#4306 = LINE('',#4307,#4308);
#4307 = CARTESIAN_POINT('',(-62.96262,0.2,-5.773159728051E-15));
#4308 = VECTOR('',#4309,1.);
#4309 = DIRECTION('',(0.,2.22044604925E-16,1.));
#4310 = ORIENTED_EDGE('',*,*,#4311,.T.);
#4311 = EDGE_CURVE('',#4304,#4312,#4314,.T.);
#4312 = VERTEX_POINT('',#4313);
#4313 = CARTESIAN_POINT('',(-63.500949,0.2,3.806561296657));
#4314 = CIRCLE('',#4315,0.538329);
#4315 = AXIS2_PLACEMENT_3D('',#4316,#4317,#4318);
#4316 = CARTESIAN_POINT('',(-63.500949,0.2,3.268232296657));
#4317 = DIRECTION('',(-0.,-1.,2.22044604925E-16));
#4318 = DIRECTION('',(1.,-0.,0.));
#4319 = ORIENTED_EDGE('',*,*,#4320,.T.);
#4320 = EDGE_CURVE('',#4312,#4321,#4323,.T.);
#4321 = VERTEX_POINT('',#4322);
#4322 = CARTESIAN_POINT('',(-72.461671,0.2,3.806561296657));
#4323 = LINE('',#4324,#4325);
#4324 = CARTESIAN_POINT('',(-63.500949,0.2,3.806561296657));
#4325 = VECTOR('',#4326,1.);
#4326 = DIRECTION('',(-1.,0.,0.));
#4327 = ORIENTED_EDGE('',*,*,#4328,.T.);
#4328 = EDGE_CURVE('',#4321,#4253,#4329,.T.);
#4329 = CIRCLE('',#4330,0.538329);
#4330 = AXIS2_PLACEMENT_3D('',#4331,#4332,#4333);
#4331 = CARTESIAN_POINT('',(-72.461671,0.2,3.268232296657));
#4332 = DIRECTION('',(-0.,-1.,2.22044604925E-16));
#4333 = DIRECTION('',(1.,-0.,0.));
#4334 = PLANE('',#4335);
#4335 = AXIS2_PLACEMENT_3D('',#4336,#4337,#4338);
#4336 = CARTESIAN_POINT('',(-73.,0.2,0.));
#4337 = DIRECTION('',(-0.,-1.,-0.));
#4338 = DIRECTION('',(-1.,0.,0.));
#4339 = ADVANCED_FACE('',(#4340),#4351,.F.);
#4340 = FACE_BOUND('',#4341,.F.);
#4341 = EDGE_LOOP('',(#4342,#4343,#4344,#4350));
#4342 = ORIENTED_EDGE('',*,*,#4279,.F.);
#4343 = ORIENTED_EDGE('',*,*,#2981,.F.);
#4344 = ORIENTED_EDGE('',*,*,#4345,.T.);
#4345 = EDGE_CURVE('',#2974,#2804,#4346,.T.);
#4346 = LINE('',#4347,#4348);
#4347 = CARTESIAN_POINT('',(-83.20355268679,-33.03925740955,0.));
#4348 = VECTOR('',#4349,1.);
#4349 = DIRECTION('',(0.,0.,1.));
#4350 = ORIENTED_EDGE('',*,*,#2811,.F.);
#4351 = CYLINDRICAL_SURFACE('',#4352,0.2);
#4352 = AXIS2_PLACEMENT_3D('',#4353,#4354,#4355);
#4353 = CARTESIAN_POINT('',(-83.06,-32.9,0.));
#4354 = DIRECTION('',(-0.,-0.,-1.));
#4355 = DIRECTION('',(-1.1E-16,1.,0.));
#4356 = ADVANCED_FACE('',(#4357),#4368,.T.);
#4357 = FACE_BOUND('',#4358,.F.);
#4358 = EDGE_LOOP('',(#4359,#4360,#4366,#4367));
#4359 = ORIENTED_EDGE('',*,*,#2542,.F.);
#4360 = ORIENTED_EDGE('',*,*,#4361,.T.);
#4361 = EDGE_CURVE('',#2543,#4045,#4362,.T.);
#4362 = LINE('',#4363,#4364);
#4363 = CARTESIAN_POINT('',(-62.633274,-3.05,8.003));
#4364 = VECTOR('',#4365,1.);
#4365 = DIRECTION('',(-0.,-1.224646799147E-16,-1.));
#4366 = ORIENTED_EDGE('',*,*,#4044,.T.);
#4367 = ORIENTED_EDGE('',*,*,#4296,.T.);
#4368 = PLANE('',#4369);
#4369 = AXIS2_PLACEMENT_3D('',#4370,#4371,#4372);
#4370 = CARTESIAN_POINT('',(-62.633274,-3.05,8.003));
#4371 = DIRECTION('',(-1.,-0.,-0.));
#4372 = DIRECTION('',(0.,-1.,1.224646799147E-16));
#4373 = ADVANCED_FACE('',(#4374),#4385,.T.);
#4374 = FACE_BOUND('',#4375,.F.);
#4375 = EDGE_LOOP('',(#4376,#4377,#4378,#4384));
#4376 = ORIENTED_EDGE('',*,*,#4345,.F.);
#4377 = ORIENTED_EDGE('',*,*,#2973,.F.);
#4378 = ORIENTED_EDGE('',*,*,#4379,.T.);
#4379 = EDGE_CURVE('',#2965,#2795,#4380,.T.);
#4380 = LINE('',#4381,#4382);
#4381 = CARTESIAN_POINT('',(-77.04355268679,-39.38925740955,0.));
#4382 = VECTOR('',#4383,1.);
#4383 = DIRECTION('',(0.,0.,1.));
#4384 = ORIENTED_EDGE('',*,*,#2803,.T.);
#4385 = PLANE('',#4386);
#4386 = AXIS2_PLACEMENT_3D('',#4387,#4388,#4389);
#4387 = CARTESIAN_POINT('',(-77.04355268679,-39.38925740955,0.));
#4388 = DIRECTION('',(0.717763433963,0.69628704775,0.));
#4389 = DIRECTION('',(0.69628704775,-0.717763433963,0.));
#4390 = ADVANCED_FACE('',(#4391),#4402,.T.);
#4391 = FACE_BOUND('',#4392,.T.);
#4392 = EDGE_LOOP('',(#4393,#4394,#4395,#4401));
#4393 = ORIENTED_EDGE('',*,*,#4361,.T.);
#4394 = ORIENTED_EDGE('',*,*,#4052,.T.);
#4395 = ORIENTED_EDGE('',*,*,#4396,.F.);
#4396 = EDGE_CURVE('',#2551,#4053,#4397,.T.);
#4397 = LINE('',#4398,#4399);
#4398 = CARTESIAN_POINT('',(-56.633274,-3.049998960769,8.003));
#4399 = VECTOR('',#4400,1.);
#4400 = DIRECTION('',(-0.,-1.224646799147E-16,-1.));
#4401 = ORIENTED_EDGE('',*,*,#2550,.F.);
#4402 = CYLINDRICAL_SURFACE('',#4403,3.);
#4403 = AXIS2_PLACEMENT_3D('',#4404,#4405,#4406);
#4404 = CARTESIAN_POINT('',(-59.633274,-3.05,8.003));
#4405 = DIRECTION('',(0.,1.224646799147E-16,1.));
#4406 = DIRECTION('',(-1.,-0.,-0.));
#4407 = ADVANCED_FACE('',(#4408),#4419,.F.);
#4408 = FACE_BOUND('',#4409,.F.);
#4409 = EDGE_LOOP('',(#4410,#4411,#4412,#4418));
#4410 = ORIENTED_EDGE('',*,*,#4379,.F.);
#4411 = ORIENTED_EDGE('',*,*,#2964,.F.);
#4412 = ORIENTED_EDGE('',*,*,#4413,.T.);
#4413 = EDGE_CURVE('',#2957,#2787,#4414,.T.);
#4414 = LINE('',#4415,#4416);
#4415 = CARTESIAN_POINT('',(-76.9,-39.45,0.));
#4416 = VECTOR('',#4417,1.);
#4417 = DIRECTION('',(0.,0.,1.));
#4418 = ORIENTED_EDGE('',*,*,#2794,.F.);
#4419 = CYLINDRICAL_SURFACE('',#4420,0.2);
#4420 = AXIS2_PLACEMENT_3D('',#4421,#4422,#4423);
#4421 = CARTESIAN_POINT('',(-76.9,-39.25,0.));
#4422 = DIRECTION('',(-0.,-0.,-1.));
#4423 = DIRECTION('',(-0.69628704775,0.717763433963,0.));
#4424 = ADVANCED_FACE('',(#4425),#4436,.T.);
#4425 = FACE_BOUND('',#4426,.F.);
#4426 = EDGE_LOOP('',(#4427,#4428,#4434,#4435));
#4427 = ORIENTED_EDGE('',*,*,#2559,.F.);
#4428 = ORIENTED_EDGE('',*,*,#4429,.T.);
#4429 = EDGE_CURVE('',#2560,#4062,#4430,.T.);
#4430 = LINE('',#4431,#4432);
#4431 = CARTESIAN_POINT('',(-56.633274,0.2,4.0015));
#4432 = VECTOR('',#4433,1.);
#4433 = DIRECTION('',(-0.,-0.,-1.));
#4434 = ORIENTED_EDGE('',*,*,#4061,.T.);
#4435 = ORIENTED_EDGE('',*,*,#4396,.F.);
#4436 = PLANE('',#4437);
#4437 = AXIS2_PLACEMENT_3D('',#4438,#4439,#4440);
#4438 = CARTESIAN_POINT('',(-56.633274,1.073844,8.003));
#4439 = DIRECTION('',(1.,0.,0.));
#4440 = DIRECTION('',(0.,1.,-1.224646799147E-16));
#4441 = ADVANCED_FACE('',(#4442),#4453,.T.);
#4442 = FACE_BOUND('',#4443,.F.);
#4443 = EDGE_LOOP('',(#4444,#4445,#4446,#4452));
#4444 = ORIENTED_EDGE('',*,*,#4413,.F.);
#4445 = ORIENTED_EDGE('',*,*,#2956,.F.);
#4446 = ORIENTED_EDGE('',*,*,#4447,.T.);
#4447 = EDGE_CURVE('',#2948,#2778,#4448,.T.);
#4448 = LINE('',#4449,#4450);
#4449 = CARTESIAN_POINT('',(-70.7,-39.45,0.));
#4450 = VECTOR('',#4451,1.);
#4451 = DIRECTION('',(0.,0.,1.));
#4452 = ORIENTED_EDGE('',*,*,#2786,.T.);
#4453 = PLANE('',#4454);
#4454 = AXIS2_PLACEMENT_3D('',#4455,#4456,#4457);
#4455 = CARTESIAN_POINT('',(-70.7,-39.45,0.));
#4456 = DIRECTION('',(0.,1.,0.));
#4457 = DIRECTION('',(1.,0.,0.));
#4458 = ADVANCED_FACE('',(#4459),#4552,.T.);
#4459 = FACE_BOUND('',#4460,.F.);
#4460 = EDGE_LOOP('',(#4461,#4462,#4463,#4469,#4470,#4478,#4487,#4495,
    #4504,#4510,#4511,#4519,#4528,#4536,#4545,#4551));
#4461 = ORIENTED_EDGE('',*,*,#4429,.F.);
#4462 = ORIENTED_EDGE('',*,*,#2567,.T.);
#4463 = ORIENTED_EDGE('',*,*,#4464,.F.);
#4464 = EDGE_CURVE('',#3226,#2568,#4465,.T.);
#4465 = LINE('',#4466,#4467);
#4466 = CARTESIAN_POINT('',(-1.7,0.2,0.));
#4467 = VECTOR('',#4468,1.);
#4468 = DIRECTION('',(0.,0.,1.));
#4469 = ORIENTED_EDGE('',*,*,#3225,.F.);
#4470 = ORIENTED_EDGE('',*,*,#4471,.T.);
#4471 = EDGE_CURVE('',#3218,#4472,#4474,.T.);
#4472 = VERTEX_POINT('',#4473);
#4473 = CARTESIAN_POINT('',(-5.823962678119,0.2,4.952106242387));
#4474 = LINE('',#4475,#4476);
#4475 = CARTESIAN_POINT('',(-5.823962678119,0.2,-1.33226762955E-15));
#4476 = VECTOR('',#4477,1.);
#4477 = DIRECTION('',(0.,2.22044604925E-16,1.));
#4478 = ORIENTED_EDGE('',*,*,#4479,.T.);
#4479 = EDGE_CURVE('',#4472,#4480,#4482,.T.);
#4480 = VERTEX_POINT('',#4481);
#4481 = CARTESIAN_POINT('',(-6.571856435732,0.2,5.7));
#4482 = CIRCLE('',#4483,0.747893757613);
#4483 = AXIS2_PLACEMENT_3D('',#4484,#4485,#4486);
#4484 = CARTESIAN_POINT('',(-6.571856435732,0.2,4.952106242387));
#4485 = DIRECTION('',(-0.,-1.,2.22044604925E-16));
#4486 = DIRECTION('',(1.,-0.,0.));
#4487 = ORIENTED_EDGE('',*,*,#4488,.T.);
#4488 = EDGE_CURVE('',#4480,#4489,#4491,.T.);
#4489 = VERTEX_POINT('',#4490);
#4490 = CARTESIAN_POINT('',(-15.60216026859,0.2,5.7));
#4491 = LINE('',#4492,#4493);
#4492 = CARTESIAN_POINT('',(-6.571856435732,0.2,5.7));
#4493 = VECTOR('',#4494,1.);
#4494 = DIRECTION('',(-1.,0.,0.));
#4495 = ORIENTED_EDGE('',*,*,#4496,.T.);
#4496 = EDGE_CURVE('',#4489,#4497,#4499,.T.);
#4497 = VERTEX_POINT('',#4498);
#4498 = CARTESIAN_POINT('',(-16.84845449346,0.2,4.45370577513));
#4499 = CIRCLE('',#4500,1.246294224866);
#4500 = AXIS2_PLACEMENT_3D('',#4501,#4502,#4503);
#4501 = CARTESIAN_POINT('',(-15.60216026859,0.2,4.453705775134));
#4502 = DIRECTION('',(-0.,-1.,2.22044604925E-16));
#4503 = DIRECTION('',(1.,-0.,0.));
#4504 = ORIENTED_EDGE('',*,*,#4505,.T.);
#4505 = EDGE_CURVE('',#4497,#3902,#4506,.T.);
#4506 = LINE('',#4507,#4508);
#4507 = CARTESIAN_POINT('',(-16.84845449346,0.2,4.45370577513));
#4508 = VECTOR('',#4509,1.);
#4509 = DIRECTION('',(0.,-2.22044604925E-16,-1.));
#4510 = ORIENTED_EDGE('',*,*,#3901,.F.);
#4511 = ORIENTED_EDGE('',*,*,#4512,.T.);
#4512 = EDGE_CURVE('',#3894,#4513,#4515,.T.);
#4513 = VERTEX_POINT('',#4514);
#4514 = CARTESIAN_POINT('',(-22.059414,0.2,2.222));
#4515 = LINE('',#4516,#4517);
#4516 = CARTESIAN_POINT('',(-22.059414,0.2,4.440892098501E-16));
#4517 = VECTOR('',#4518,1.);
#4518 = DIRECTION('',(0.,2.22044604925E-16,1.));
#4519 = ORIENTED_EDGE('',*,*,#4520,.T.);
#4520 = EDGE_CURVE('',#4513,#4521,#4523,.T.);
#4521 = VERTEX_POINT('',#4522);
#4522 = CARTESIAN_POINT('',(-22.425412,0.2,2.587998));
#4523 = CIRCLE('',#4524,0.365998);
#4524 = AXIS2_PLACEMENT_3D('',#4525,#4526,#4527);
#4525 = CARTESIAN_POINT('',(-22.425412,0.2,2.222));
#4526 = DIRECTION('',(-0.,-1.,2.22044604925E-16));
#4527 = DIRECTION('',(1.,-0.,0.));
#4528 = ORIENTED_EDGE('',*,*,#4529,.T.);
#4529 = EDGE_CURVE('',#4521,#4530,#4532,.T.);
#4530 = VERTEX_POINT('',#4531);
#4531 = CARTESIAN_POINT('',(-28.384467,0.2,2.587998));
#4532 = LINE('',#4533,#4534);
#4533 = CARTESIAN_POINT('',(-22.425412,0.2,2.587998));
#4534 = VECTOR('',#4535,1.);
#4535 = DIRECTION('',(-1.,0.,0.));
#4536 = ORIENTED_EDGE('',*,*,#4537,.T.);
#4537 = EDGE_CURVE('',#4530,#4538,#4540,.T.);
#4538 = VERTEX_POINT('',#4539);
#4539 = CARTESIAN_POINT('',(-28.750465,0.2,2.222));
#4540 = CIRCLE('',#4541,0.365998);
#4541 = AXIS2_PLACEMENT_3D('',#4542,#4543,#4544);
#4542 = CARTESIAN_POINT('',(-28.384467,0.2,2.222));
#4543 = DIRECTION('',(-0.,-1.,2.22044604925E-16));
#4544 = DIRECTION('',(1.,-0.,0.));
#4545 = ORIENTED_EDGE('',*,*,#4546,.T.);
#4546 = EDGE_CURVE('',#4538,#4070,#4547,.T.);
#4547 = LINE('',#4548,#4549);
#4548 = CARTESIAN_POINT('',(-28.750465,0.2,2.222));
#4549 = VECTOR('',#4550,1.);
#4550 = DIRECTION('',(0.,-2.22044604925E-16,-1.));
#4551 = ORIENTED_EDGE('',*,*,#4069,.F.);
#4552 = PLANE('',#4553);
#4553 = AXIS2_PLACEMENT_3D('',#4554,#4555,#4556);
#4554 = CARTESIAN_POINT('',(-73.,0.2,0.));
#4555 = DIRECTION('',(-0.,-1.,-0.));
#4556 = DIRECTION('',(-1.,0.,0.));
#4557 = ADVANCED_FACE('',(#4558),#4569,.F.);
#4558 = FACE_BOUND('',#4559,.F.);
#4559 = EDGE_LOOP('',(#4560,#4561,#4562,#4568));
#4560 = ORIENTED_EDGE('',*,*,#4447,.F.);
#4561 = ORIENTED_EDGE('',*,*,#2947,.F.);
#4562 = ORIENTED_EDGE('',*,*,#4563,.T.);
#4563 = EDGE_CURVE('',#2940,#2770,#4564,.T.);
#4564 = LINE('',#4565,#4566);
#4565 = CARTESIAN_POINT('',(-70.54003071934,-39.3700409482,0.));
#4566 = VECTOR('',#4567,1.);
#4567 = DIRECTION('',(0.,0.,1.));
#4568 = ORIENTED_EDGE('',*,*,#2777,.F.);
#4569 = CYLINDRICAL_SURFACE('',#4570,0.2);
#4570 = AXIS2_PLACEMENT_3D('',#4571,#4572,#4573);
#4571 = CARTESIAN_POINT('',(-70.7,-39.25,0.));
#4572 = DIRECTION('',(0.,0.,-1.));
#4573 = DIRECTION('',(-1.,-0.,-0.));
#4574 = ADVANCED_FACE('',(#4575),#4586,.F.);
#4575 = FACE_BOUND('',#4576,.F.);
#4576 = EDGE_LOOP('',(#4577,#4583,#4584,#4585));
#4577 = ORIENTED_EDGE('',*,*,#4578,.F.);
#4578 = EDGE_CURVE('',#3234,#2576,#4579,.T.);
#4579 = LINE('',#4580,#4581);
#4580 = CARTESIAN_POINT('',(-1.549245454018,0.131427040086,0.));
#4581 = VECTOR('',#4582,1.);
#4582 = DIRECTION('',(0.,0.,1.));
#4583 = ORIENTED_EDGE('',*,*,#3233,.F.);
#4584 = ORIENTED_EDGE('',*,*,#4464,.T.);
#4585 = ORIENTED_EDGE('',*,*,#2575,.F.);
#4586 = CYLINDRICAL_SURFACE('',#4587,0.2);
#4587 = AXIS2_PLACEMENT_3D('',#4588,#4589,#4590);
#4588 = CARTESIAN_POINT('',(-1.7,0.,0.));
#4589 = DIRECTION('',(0.,0.,-1.));
#4590 = DIRECTION('',(0.657135200432,-0.753772729908,0.));
#4591 = ADVANCED_FACE('',(#4592),#4603,.T.);
#4592 = FACE_BOUND('',#4593,.F.);
#4593 = EDGE_LOOP('',(#4594,#4595,#4596,#4602));
#4594 = ORIENTED_EDGE('',*,*,#4563,.F.);
#4595 = ORIENTED_EDGE('',*,*,#2939,.F.);
#4596 = ORIENTED_EDGE('',*,*,#4597,.T.);
#4597 = EDGE_CURVE('',#2931,#2761,#4598,.T.);
#4598 = LINE('',#4599,#4600);
#4599 = CARTESIAN_POINT('',(-66.51004471647,-33.99959051794,0.));
#4600 = VECTOR('',#4601,1.);
#4601 = DIRECTION('',(0.,0.,1.));
#4602 = ORIENTED_EDGE('',*,*,#2769,.T.);
#4603 = PLANE('',#4604);
#4604 = AXIS2_PLACEMENT_3D('',#4605,#4606,#4607);
#4605 = CARTESIAN_POINT('',(-66.51004471647,-33.99959051794,0.));
#4606 = DIRECTION('',(-0.799846403286,0.600204741026,0.));
#4607 = DIRECTION('',(0.600204741026,0.799846403286,0.));
#4608 = ADVANCED_FACE('',(#4609),#4620,.T.);
#4609 = FACE_BOUND('',#4610,.F.);
#4610 = EDGE_LOOP('',(#4611,#4617,#4618,#4619));
#4611 = ORIENTED_EDGE('',*,*,#4612,.F.);
#4612 = EDGE_CURVE('',#3243,#2585,#4613,.T.);
#4613 = LINE('',#4614,#4615);
#4614 = CARTESIAN_POINT('',(0.150754545982,-1.818572959914,0.));
#4615 = VECTOR('',#4616,1.);
#4616 = DIRECTION('',(0.,0.,1.));
#4617 = ORIENTED_EDGE('',*,*,#3242,.F.);
#4618 = ORIENTED_EDGE('',*,*,#4578,.T.);
#4619 = ORIENTED_EDGE('',*,*,#2584,.T.);
#4620 = PLANE('',#4621);
#4621 = AXIS2_PLACEMENT_3D('',#4622,#4623,#4624);
#4622 = CARTESIAN_POINT('',(-1.549245454018,0.131427040086,0.));
#4623 = DIRECTION('',(-0.753772729908,-0.657135200432,-0.));
#4624 = DIRECTION('',(-0.657135200432,0.753772729908,0.));
#4625 = ADVANCED_FACE('',(#4626),#4637,.T.);
#4626 = FACE_BOUND('',#4627,.T.);
#4627 = EDGE_LOOP('',(#4628,#4629,#4630,#4636));
#4628 = ORIENTED_EDGE('',*,*,#4597,.T.);
#4629 = ORIENTED_EDGE('',*,*,#2760,.T.);
#4630 = ORIENTED_EDGE('',*,*,#4631,.F.);
#4631 = EDGE_CURVE('',#2923,#2753,#4632,.T.);
#4632 = LINE('',#4633,#4634);
#4633 = CARTESIAN_POINT('',(-64.9103519099,-33.2,0.));
#4634 = VECTOR('',#4635,1.);
#4635 = DIRECTION('',(0.,0.,1.));
#4636 = ORIENTED_EDGE('',*,*,#2930,.T.);
#4637 = CYLINDRICAL_SURFACE('',#4638,2.);
#4638 = AXIS2_PLACEMENT_3D('',#4639,#4640,#4641);
#4639 = CARTESIAN_POINT('',(-64.9103519099,-35.2,0.));
#4640 = DIRECTION('',(0.,0.,1.));
#4641 = DIRECTION('',(1.,1.1E-16,0.));
#4642 = ADVANCED_FACE('',(#4643),#4654,.F.);
#4643 = FACE_BOUND('',#4644,.F.);
#4644 = EDGE_LOOP('',(#4645,#4651,#4652,#4653));
#4645 = ORIENTED_EDGE('',*,*,#4646,.F.);
#4646 = EDGE_CURVE('',#3251,#2593,#4647,.T.);
#4647 = LINE('',#4648,#4649);
#4648 = CARTESIAN_POINT('',(0.2,-1.95,0.));
#4649 = VECTOR('',#4650,1.);
#4650 = DIRECTION('',(0.,0.,1.));
#4651 = ORIENTED_EDGE('',*,*,#3250,.F.);
#4652 = ORIENTED_EDGE('',*,*,#4612,.T.);
#4653 = ORIENTED_EDGE('',*,*,#2592,.F.);
#4654 = CYLINDRICAL_SURFACE('',#4655,0.2);
#4655 = AXIS2_PLACEMENT_3D('',#4656,#4657,#4658);
#4656 = CARTESIAN_POINT('',(0.,-1.95,0.));
#4657 = DIRECTION('',(-0.,-0.,-1.));
#4658 = DIRECTION('',(-1.1E-16,-1.,-0.));
#4659 = ADVANCED_FACE('',(#4660),#4753,.T.);
#4660 = FACE_BOUND('',#4661,.F.);
#4661 = EDGE_LOOP('',(#4662,#4668,#4669,#4670,#4671,#4679,#4688,#4696,
    #4705,#4711,#4712,#4720,#4729,#4737,#4746,#4752));
#4662 = ORIENTED_EDGE('',*,*,#4663,.T.);
#4663 = EDGE_CURVE('',#3403,#2745,#4664,.T.);
#4664 = LINE('',#4665,#4666);
#4665 = CARTESIAN_POINT('',(-26.44999796969,-33.2,4.0015));
#4666 = VECTOR('',#4667,1.);
#4667 = DIRECTION('',(7.534559946986E-23,0.,1.));
#4668 = ORIENTED_EDGE('',*,*,#2752,.T.);
#4669 = ORIENTED_EDGE('',*,*,#4631,.F.);
#4670 = ORIENTED_EDGE('',*,*,#2922,.F.);
#4671 = ORIENTED_EDGE('',*,*,#4672,.T.);
#4672 = EDGE_CURVE('',#2915,#4673,#4675,.T.);
#4673 = VERTEX_POINT('',#4674);
#4674 = CARTESIAN_POINT('',(-64.185104,-33.2,2.391973));
#4675 = LINE('',#4676,#4677);
#4676 = CARTESIAN_POINT('',(-64.185104,-33.2,-4.440892098501E-16));
#4677 = VECTOR('',#4678,1.);
#4678 = DIRECTION('',(0.,2.22044604925E-16,1.));
#4679 = ORIENTED_EDGE('',*,*,#4680,.T.);
#4680 = EDGE_CURVE('',#4673,#4681,#4683,.T.);
#4681 = VERTEX_POINT('',#4682);
#4682 = CARTESIAN_POINT('',(-63.791109,-33.2,2.785968));
#4683 = CIRCLE('',#4684,0.393995);
#4684 = AXIS2_PLACEMENT_3D('',#4685,#4686,#4687);
#4685 = CARTESIAN_POINT('',(-63.791109,-33.2,2.391973));
#4686 = DIRECTION('',(0.,1.,-2.22044604925E-16));
#4687 = DIRECTION('',(-1.,0.,-0.));
#4688 = ORIENTED_EDGE('',*,*,#4689,.T.);
#4689 = EDGE_CURVE('',#4681,#4690,#4692,.T.);
#4690 = VERTEX_POINT('',#4691);
#4691 = CARTESIAN_POINT('',(-56.445051,-33.2,2.785968));
#4692 = LINE('',#4693,#4694);
#4693 = CARTESIAN_POINT('',(-63.791109,-33.2,2.785968));
#4694 = VECTOR('',#4695,1.);
#4695 = DIRECTION('',(1.,0.,0.));
#4696 = ORIENTED_EDGE('',*,*,#4697,.T.);
#4697 = EDGE_CURVE('',#4690,#4698,#4700,.T.);
#4698 = VERTEX_POINT('',#4699);
#4699 = CARTESIAN_POINT('',(-56.051056,-33.2,2.391973));
#4700 = CIRCLE('',#4701,0.393995);
#4701 = AXIS2_PLACEMENT_3D('',#4702,#4703,#4704);
#4702 = CARTESIAN_POINT('',(-56.445051,-33.2,2.391973));
#4703 = DIRECTION('',(0.,1.,-2.22044604925E-16));
#4704 = DIRECTION('',(-1.,0.,-0.));
#4705 = ORIENTED_EDGE('',*,*,#4706,.T.);
#4706 = EDGE_CURVE('',#4698,#3497,#4707,.T.);
#4707 = LINE('',#4708,#4709);
#4708 = CARTESIAN_POINT('',(-56.051056,-33.2,2.391973));
#4709 = VECTOR('',#4710,1.);
#4710 = DIRECTION('',(-0.,-2.22044604925E-16,-1.));
#4711 = ORIENTED_EDGE('',*,*,#3523,.F.);
#4712 = ORIENTED_EDGE('',*,*,#4713,.T.);
#4713 = EDGE_CURVE('',#3516,#4714,#4716,.T.);
#4714 = VERTEX_POINT('',#4715);
#4715 = CARTESIAN_POINT('',(-49.502907,-33.2,2.420986));
#4716 = LINE('',#4717,#4718);
#4717 = CARTESIAN_POINT('',(-49.502907,-33.2,-4.440892098501E-16));
#4718 = VECTOR('',#4719,1.);
#4719 = DIRECTION('',(0.,2.22044604925E-16,1.));
#4720 = ORIENTED_EDGE('',*,*,#4721,.T.);
#4721 = EDGE_CURVE('',#4714,#4722,#4724,.T.);
#4722 = VERTEX_POINT('',#4723);
#4723 = CARTESIAN_POINT('',(-49.104133,-33.2,2.81976));
#4724 = CIRCLE('',#4725,0.398774);
#4725 = AXIS2_PLACEMENT_3D('',#4726,#4727,#4728);
#4726 = CARTESIAN_POINT('',(-49.104133,-33.2,2.420986));
#4727 = DIRECTION('',(0.,1.,-2.22044604925E-16));
#4728 = DIRECTION('',(-1.,0.,-0.));
#4729 = ORIENTED_EDGE('',*,*,#4730,.T.);
#4730 = EDGE_CURVE('',#4722,#4731,#4733,.T.);
#4731 = VERTEX_POINT('',#4732);
#4732 = CARTESIAN_POINT('',(-39.255929,-33.2,2.81976));
#4733 = LINE('',#4734,#4735);
#4734 = CARTESIAN_POINT('',(-49.104133,-33.2,2.81976));
#4735 = VECTOR('',#4736,1.);
#4736 = DIRECTION('',(1.,0.,0.));
#4737 = ORIENTED_EDGE('',*,*,#4738,.T.);
#4738 = EDGE_CURVE('',#4731,#4739,#4741,.T.);
#4739 = VERTEX_POINT('',#4740);
#4740 = CARTESIAN_POINT('',(-38.857155,-33.2,2.420986));
#4741 = CIRCLE('',#4742,0.398774);
#4742 = AXIS2_PLACEMENT_3D('',#4743,#4744,#4745);
#4743 = CARTESIAN_POINT('',(-39.255929,-33.2,2.420986));
#4744 = DIRECTION('',(0.,1.,-2.22044604925E-16));
#4745 = DIRECTION('',(-1.,0.,-0.));
#4746 = ORIENTED_EDGE('',*,*,#4747,.T.);
#4747 = EDGE_CURVE('',#4739,#3179,#4748,.T.);
#4748 = LINE('',#4749,#4750);
#4749 = CARTESIAN_POINT('',(-38.857155,-33.2,2.420986));
#4750 = VECTOR('',#4751,1.);
#4751 = DIRECTION('',(-0.,-2.22044604925E-16,-1.));
#4752 = ORIENTED_EDGE('',*,*,#3410,.F.);
#4753 = PLANE('',#4754);
#4754 = AXIS2_PLACEMENT_3D('',#4755,#4756,#4757);
#4755 = CARTESIAN_POINT('',(-22.64644394242,-33.2,0.));
#4756 = DIRECTION('',(0.,1.,0.));
#4757 = DIRECTION('',(1.,0.,0.));
#4758 = ADVANCED_FACE('',(#4759),#4770,.T.);
#4759 = FACE_BOUND('',#4760,.F.);
#4760 = EDGE_LOOP('',(#4761,#4762,#4768,#4769));
#4761 = ORIENTED_EDGE('',*,*,#2601,.T.);
#4762 = ORIENTED_EDGE('',*,*,#4763,.T.);
#4763 = EDGE_CURVE('',#2602,#3260,#4764,.T.);
#4764 = LINE('',#4765,#4766);
#4765 = CARTESIAN_POINT('',(0.2,-23.4,4.0015));
#4766 = VECTOR('',#4767,1.);
#4767 = DIRECTION('',(-0.,-1.224646799147E-16,-1.));
#4768 = ORIENTED_EDGE('',*,*,#3259,.F.);
#4769 = ORIENTED_EDGE('',*,*,#4646,.T.);
#4770 = PLANE('',#4771);
#4771 = AXIS2_PLACEMENT_3D('',#4772,#4773,#4774);
#4772 = CARTESIAN_POINT('',(0.2,-1.95,0.));
#4773 = DIRECTION('',(-1.,-0.,-0.));
#4774 = DIRECTION('',(0.,1.,0.));
#4775 = ADVANCED_FACE('',(#4776),#4787,.F.);
#4776 = FACE_BOUND('',#4777,.T.);
#4777 = EDGE_LOOP('',(#4778,#4779,#4785,#4786));
#4778 = ORIENTED_EDGE('',*,*,#2744,.F.);
#4779 = ORIENTED_EDGE('',*,*,#4780,.T.);
#4780 = EDGE_CURVE('',#2736,#3394,#4781,.T.);
#4781 = LINE('',#4782,#4783);
#4782 = CARTESIAN_POINT('',(-26.44999999999,-29.90000184573,8.003));
#4783 = VECTOR('',#4784,1.);
#4784 = DIRECTION('',(-0.,-1.224646799147E-16,-1.));
#4785 = ORIENTED_EDGE('',*,*,#3402,.T.);
#4786 = ORIENTED_EDGE('',*,*,#4663,.T.);
#4787 = PLANE('',#4788);
#4788 = AXIS2_PLACEMENT_3D('',#4789,#4790,#4791);
#4789 = CARTESIAN_POINT('',(-26.44999999999,-29.90000184573,8.003));
#4790 = DIRECTION('',(1.,6.15243509576E-07,-7.534559946984E-23));
#4791 = DIRECTION('',(-6.15243509576E-07,1.,-1.224646799147E-16));
#4792 = ADVANCED_FACE('',(#4793),#4804,.F.);
#4793 = FACE_BOUND('',#4794,.T.);
#4794 = EDGE_LOOP('',(#4795,#4796,#4797,#4798));
#4795 = ORIENTED_EDGE('',*,*,#2609,.F.);
#4796 = ORIENTED_EDGE('',*,*,#4763,.T.);
#4797 = ORIENTED_EDGE('',*,*,#3267,.T.);
#4798 = ORIENTED_EDGE('',*,*,#4799,.F.);
#4799 = EDGE_CURVE('',#2610,#3268,#4800,.T.);
#4800 = LINE('',#4801,#4802);
#4801 = CARTESIAN_POINT('',(-3.033274417968,-23.4,8.003));
#4802 = VECTOR('',#4803,1.);
#4803 = DIRECTION('',(-0.,-1.224646799147E-16,-1.));
#4804 = PLANE('',#4805);
#4805 = AXIS2_PLACEMENT_3D('',#4806,#4807,#4808);
#4806 = CARTESIAN_POINT('',(1.084215,-23.4,8.003));
#4807 = DIRECTION('',(0.,-1.,1.224646799147E-16));
#4808 = DIRECTION('',(1.,0.,0.));
#4809 = ADVANCED_FACE('',(#4810),#4821,.T.);
#4810 = FACE_BOUND('',#4811,.T.);
#4811 = EDGE_LOOP('',(#4812,#4818,#4819,#4820));
#4812 = ORIENTED_EDGE('',*,*,#4813,.T.);
#4813 = EDGE_CURVE('',#2728,#3386,#4814,.T.);
#4814 = LINE('',#4815,#4816);
#4815 = CARTESIAN_POINT('',(-20.45,-29.8999991935,8.003));
#4816 = VECTOR('',#4817,1.);
#4817 = DIRECTION('',(-0.,-1.224646799147E-16,-1.));
#4818 = ORIENTED_EDGE('',*,*,#3393,.T.);
#4819 = ORIENTED_EDGE('',*,*,#4780,.F.);
#4820 = ORIENTED_EDGE('',*,*,#2735,.F.);
#4821 = CYLINDRICAL_SURFACE('',#4822,3.);
#4822 = AXIS2_PLACEMENT_3D('',#4823,#4824,#4825);
#4823 = CARTESIAN_POINT('',(-23.45,-29.9,8.003));
#4824 = DIRECTION('',(0.,1.224646799147E-16,1.));
#4825 = DIRECTION('',(-1.,-0.,-0.));
#4826 = ADVANCED_FACE('',(#4827),#4838,.T.);
#4827 = FACE_BOUND('',#4828,.T.);
#4828 = EDGE_LOOP('',(#4829,#4830,#4831,#4837));
#4829 = ORIENTED_EDGE('',*,*,#4799,.T.);
#4830 = ORIENTED_EDGE('',*,*,#3275,.T.);
#4831 = ORIENTED_EDGE('',*,*,#4832,.F.);
#4832 = EDGE_CURVE('',#2618,#3276,#4833,.T.);
#4833 = LINE('',#4834,#4835);
#4834 = CARTESIAN_POINT('',(-3.033272542801,-29.4,8.003));
#4835 = VECTOR('',#4836,1.);
#4836 = DIRECTION('',(-0.,-1.224646799147E-16,-1.));
#4837 = ORIENTED_EDGE('',*,*,#2617,.F.);
#4838 = CYLINDRICAL_SURFACE('',#4839,3.);
#4839 = AXIS2_PLACEMENT_3D('',#4840,#4841,#4842);
#4840 = CARTESIAN_POINT('',(-3.033274,-26.4,8.003));
#4841 = DIRECTION('',(0.,1.224646799147E-16,1.));
#4842 = DIRECTION('',(-1.,-0.,-0.));
#4843 = ADVANCED_FACE('',(#4844),#4855,.F.);
#4844 = FACE_BOUND('',#4845,.T.);
#4845 = EDGE_LOOP('',(#4846,#4847,#4853,#4854));
#4846 = ORIENTED_EDGE('',*,*,#2727,.F.);
#4847 = ORIENTED_EDGE('',*,*,#4848,.T.);
#4848 = EDGE_CURVE('',#2720,#3378,#4849,.T.);
#4849 = LINE('',#4850,#4851);
#4850 = CARTESIAN_POINT('',(-20.45,-34.54999502005,4.0015));
#4851 = VECTOR('',#4852,1.);
#4852 = DIRECTION('',(-0.,-0.,-1.));
#4853 = ORIENTED_EDGE('',*,*,#3385,.T.);
#4854 = ORIENTED_EDGE('',*,*,#4813,.F.);
#4855 = PLANE('',#4856);
#4856 = AXIS2_PLACEMENT_3D('',#4857,#4858,#4859);
#4857 = CARTESIAN_POINT('',(-20.45,-34.776119,8.003));
#4858 = DIRECTION('',(-1.,-0.,-0.));
#4859 = DIRECTION('',(0.,-1.,1.224646799147E-16));
#4860 = ADVANCED_FACE('',(#4861),#4872,.F.);
#4861 = FACE_BOUND('',#4862,.T.);
#4862 = EDGE_LOOP('',(#4863,#4864,#4865,#4866));
#4863 = ORIENTED_EDGE('',*,*,#2626,.F.);
#4864 = ORIENTED_EDGE('',*,*,#4832,.T.);
#4865 = ORIENTED_EDGE('',*,*,#3284,.T.);
#4866 = ORIENTED_EDGE('',*,*,#4867,.T.);
#4867 = EDGE_CURVE('',#3285,#2627,#4868,.T.);
#4868 = LINE('',#4869,#4870);
#4869 = CARTESIAN_POINT('',(0.2,-29.39999842949,4.0015));
#4870 = VECTOR('',#4871,1.);
#4871 = DIRECTION('',(0.,1.224646799147E-16,1.));
#4872 = PLANE('',#4873);
#4873 = AXIS2_PLACEMENT_3D('',#4874,#4875,#4876);
#4874 = CARTESIAN_POINT('',(-3.033272542801,-29.4,8.003));
#4875 = DIRECTION('',(-4.857330161759E-07,1.,-1.224646799147E-16));
#4876 = DIRECTION('',(-1.,-4.857330161759E-07,5.948513835001E-23));
#4877 = ADVANCED_FACE('',(#4878),#4889,.T.);
#4878 = FACE_BOUND('',#4879,.F.);
#4879 = EDGE_LOOP('',(#4880,#4881,#4882,#4888));
#4880 = ORIENTED_EDGE('',*,*,#4848,.T.);
#4881 = ORIENTED_EDGE('',*,*,#3377,.F.);
#4882 = ORIENTED_EDGE('',*,*,#4883,.T.);
#4883 = EDGE_CURVE('',#3369,#2711,#4884,.T.);
#4884 = LINE('',#4885,#4886);
#4885 = CARTESIAN_POINT('',(-19.48218826983,-35.49573938178,0.));
#4886 = VECTOR('',#4887,1.);
#4887 = DIRECTION('',(0.,0.,1.));
#4888 = ORIENTED_EDGE('',*,*,#2719,.T.);
#4889 = PLANE('',#4890);
#4890 = AXIS2_PLACEMENT_3D('',#4891,#4892,#4893);
#4891 = CARTESIAN_POINT('',(-19.48218826983,-35.49573938178,0.));
#4892 = DIRECTION('',(0.698905865082,0.715213668601,0.));
#4893 = DIRECTION('',(0.715213668601,-0.698905865082,0.));
#4894 = ADVANCED_FACE('',(#4895),#4906,.T.);
#4895 = FACE_BOUND('',#4896,.F.);
#4896 = EDGE_LOOP('',(#4897,#4898,#4904,#4905));
#4897 = ORIENTED_EDGE('',*,*,#2634,.T.);
#4898 = ORIENTED_EDGE('',*,*,#4899,.F.);
#4899 = EDGE_CURVE('',#3293,#2635,#4900,.T.);
#4900 = LINE('',#4901,#4902);
#4901 = CARTESIAN_POINT('',(0.2,-46.05,0.));
#4902 = VECTOR('',#4903,1.);
#4903 = DIRECTION('',(0.,0.,1.));
#4904 = ORIENTED_EDGE('',*,*,#3292,.F.);
#4905 = ORIENTED_EDGE('',*,*,#4867,.T.);
#4906 = PLANE('',#4907);
#4907 = AXIS2_PLACEMENT_3D('',#4908,#4909,#4910);
#4908 = CARTESIAN_POINT('',(0.2,-1.95,0.));
#4909 = DIRECTION('',(-1.,-0.,-0.));
#4910 = DIRECTION('',(0.,1.,0.));
#4911 = ADVANCED_FACE('',(#4912),#4923,.T.);
#4912 = FACE_BOUND('',#4913,.T.);
#4913 = EDGE_LOOP('',(#4914,#4915,#4916,#4922));
#4914 = ORIENTED_EDGE('',*,*,#4883,.T.);
#4915 = ORIENTED_EDGE('',*,*,#2710,.T.);
#4916 = ORIENTED_EDGE('',*,*,#4917,.F.);
#4917 = EDGE_CURVE('',#3361,#2703,#4918,.T.);
#4918 = LINE('',#4919,#4920);
#4919 = CARTESIAN_POINT('',(-18.88,-36.92616671898,0.));
#4920 = VECTOR('',#4921,1.);
#4921 = DIRECTION('',(0.,0.,1.));
#4922 = ORIENTED_EDGE('',*,*,#3368,.T.);
#4923 = CYLINDRICAL_SURFACE('',#4924,2.);
#4924 = AXIS2_PLACEMENT_3D('',#4925,#4926,#4927);
#4925 = CARTESIAN_POINT('',(-20.88,-36.92616671898,0.));
#4926 = DIRECTION('',(0.,0.,1.));
#4927 = DIRECTION('',(1.1E-16,-1.,0.));
#4928 = ADVANCED_FACE('',(#4929),#4940,.F.);
#4929 = FACE_BOUND('',#4930,.F.);
#4930 = EDGE_LOOP('',(#4931,#4937,#4938,#4939));
#4931 = ORIENTED_EDGE('',*,*,#4932,.F.);
#4932 = EDGE_CURVE('',#3301,#2643,#4933,.T.);
#4933 = LINE('',#4934,#4935);
#4934 = CARTESIAN_POINT('',(0.141992748637,-46.19084764582,0.));
#4935 = VECTOR('',#4936,1.);
#4936 = DIRECTION('',(0.,0.,1.));
#4937 = ORIENTED_EDGE('',*,*,#3300,.F.);
#4938 = ORIENTED_EDGE('',*,*,#4899,.T.);
#4939 = ORIENTED_EDGE('',*,*,#2642,.F.);
#4940 = CYLINDRICAL_SURFACE('',#4941,0.2);
#4941 = AXIS2_PLACEMENT_3D('',#4942,#4943,#4944);
#4942 = CARTESIAN_POINT('',(0.,-46.05,0.));
#4943 = DIRECTION('',(-0.,-0.,-1.));
#4944 = DIRECTION('',(-0.704238229127,-0.709963743185,-0.));
#4945 = ADVANCED_FACE('',(#4946),#4957,.T.);
#4946 = FACE_BOUND('',#4947,.F.);
#4947 = EDGE_LOOP('',(#4948,#4949,#4950,#4956));
#4948 = ORIENTED_EDGE('',*,*,#4917,.F.);
#4949 = ORIENTED_EDGE('',*,*,#3360,.F.);
#4950 = ORIENTED_EDGE('',*,*,#4951,.T.);
#4951 = EDGE_CURVE('',#3352,#2694,#4952,.T.);
#4952 = LINE('',#4953,#4954);
#4953 = CARTESIAN_POINT('',(-18.88,-46.05,0.));
#4954 = VECTOR('',#4955,1.);
#4955 = DIRECTION('',(0.,0.,1.));
#4956 = ORIENTED_EDGE('',*,*,#2702,.T.);
#4957 = PLANE('',#4958);
#4958 = AXIS2_PLACEMENT_3D('',#4959,#4960,#4961);
#4959 = CARTESIAN_POINT('',(-18.88,-46.05,0.));
#4960 = DIRECTION('',(1.,0.,0.));
#4961 = DIRECTION('',(0.,-1.,0.));
#4962 = ADVANCED_FACE('',(#4963),#4974,.T.);
#4963 = FACE_BOUND('',#4964,.F.);
#4964 = EDGE_LOOP('',(#4965,#4971,#4972,#4973));
#4965 = ORIENTED_EDGE('',*,*,#4966,.F.);
#4966 = EDGE_CURVE('',#3310,#2652,#4967,.T.);
#4967 = LINE('',#4968,#4969);
#4968 = CARTESIAN_POINT('',(-6.008007251363,-52.39084764582,0.));
#4969 = VECTOR('',#4970,1.);
#4970 = DIRECTION('',(0.,0.,1.));
#4971 = ORIENTED_EDGE('',*,*,#3309,.F.);
#4972 = ORIENTED_EDGE('',*,*,#4932,.T.);
#4973 = ORIENTED_EDGE('',*,*,#2651,.T.);
#4974 = PLANE('',#4975);
#4975 = AXIS2_PLACEMENT_3D('',#4976,#4977,#4978);
#4976 = CARTESIAN_POINT('',(0.141992748637,-46.19084764582,0.));
#4977 = DIRECTION('',(-0.709963743185,0.704238229127,0.));
#4978 = DIRECTION('',(0.704238229127,0.709963743185,0.));
#4979 = ADVANCED_FACE('',(#4980),#4991,.F.);
#4980 = FACE_BOUND('',#4981,.F.);
#4981 = EDGE_LOOP('',(#4982,#4983,#4984,#4990));
#4982 = ORIENTED_EDGE('',*,*,#4951,.F.);
#4983 = ORIENTED_EDGE('',*,*,#3351,.F.);
#4984 = ORIENTED_EDGE('',*,*,#4985,.T.);
#4985 = EDGE_CURVE('',#3344,#2686,#4986,.T.);
#4986 = LINE('',#4987,#4988);
#4987 = CARTESIAN_POINT('',(-18.82165106213,-46.19119127662,0.));
#4988 = VECTOR('',#4989,1.);
#4989 = DIRECTION('',(0.,0.,1.));
#4990 = ORIENTED_EDGE('',*,*,#2693,.F.);
#4991 = CYLINDRICAL_SURFACE('',#4992,0.2);
#4992 = AXIS2_PLACEMENT_3D('',#4993,#4994,#4995);
#4993 = CARTESIAN_POINT('',(-18.68,-46.05,0.));
#4994 = DIRECTION('',(-0.,-0.,-1.));
#4995 = DIRECTION('',(-1.1E-16,1.,0.));
#4996 = ADVANCED_FACE('',(#4997),#5008,.F.);
#4997 = FACE_BOUND('',#4998,.F.);
#4998 = EDGE_LOOP('',(#4999,#5005,#5006,#5007));
#4999 = ORIENTED_EDGE('',*,*,#5000,.F.);
#5000 = EDGE_CURVE('',#3318,#2660,#5001,.T.);
#5001 = LINE('',#5002,#5003);
#5002 = CARTESIAN_POINT('',(-6.149996062992,-52.44999999996,0.));
#5003 = VECTOR('',#5004,1.);
#5004 = DIRECTION('',(0.,0.,1.));
#5005 = ORIENTED_EDGE('',*,*,#3317,.F.);
#5006 = ORIENTED_EDGE('',*,*,#4966,.T.);
#5007 = ORIENTED_EDGE('',*,*,#2659,.F.);
#5008 = CYLINDRICAL_SURFACE('',#5009,0.2);
#5009 = AXIS2_PLACEMENT_3D('',#5010,#5011,#5012);
#5010 = CARTESIAN_POINT('',(-6.15,-52.25,0.));
#5011 = DIRECTION('',(-0.,-0.,-1.));
#5012 = DIRECTION('',(-0.999999999806,-1.968503936583E-05,-0.));
#5013 = ADVANCED_FACE('',(#5014),#5025,.T.);
#5014 = FACE_BOUND('',#5015,.F.);
#5015 = EDGE_LOOP('',(#5016,#5017,#5018,#5024));
#5016 = ORIENTED_EDGE('',*,*,#4985,.F.);
#5017 = ORIENTED_EDGE('',*,*,#3343,.F.);
#5018 = ORIENTED_EDGE('',*,*,#5019,.T.);
#5019 = EDGE_CURVE('',#3335,#2677,#5020,.T.);
#5020 = LINE('',#5021,#5022);
#5021 = CARTESIAN_POINT('',(-12.64165106213,-52.39131627662,0.));
#5022 = VECTOR('',#5023,1.);
#5023 = DIRECTION('',(0.,0.,1.));
#5024 = ORIENTED_EDGE('',*,*,#2685,.T.);
#5025 = PLANE('',#5026);
#5026 = AXIS2_PLACEMENT_3D('',#5027,#5028,#5029);
#5027 = CARTESIAN_POINT('',(-12.64165106213,-52.39131627662,0.));
#5028 = DIRECTION('',(0.70825531068,0.705956383138,0.));
#5029 = DIRECTION('',(0.705956383138,-0.70825531068,0.));
#5030 = ADVANCED_FACE('',(#5031),#5042,.T.);
#5031 = FACE_BOUND('',#5032,.F.);
#5032 = EDGE_LOOP('',(#5033,#5039,#5040,#5041));
#5033 = ORIENTED_EDGE('',*,*,#5034,.F.);
#5034 = EDGE_CURVE('',#3327,#2669,#5035,.T.);
#5035 = LINE('',#5036,#5037);
#5036 = CARTESIAN_POINT('',(-12.49999606299,-52.45012499996,0.));
#5037 = VECTOR('',#5038,1.);
#5038 = DIRECTION('',(0.,0.,1.));
#5039 = ORIENTED_EDGE('',*,*,#3326,.F.);
#5040 = ORIENTED_EDGE('',*,*,#5000,.T.);
#5041 = ORIENTED_EDGE('',*,*,#2668,.T.);
#5042 = PLANE('',#5043);
#5043 = AXIS2_PLACEMENT_3D('',#5044,#5045,#5046);
#5044 = CARTESIAN_POINT('',(-6.149996062992,-52.44999999996,0.));
#5045 = DIRECTION('',(-1.96850393658E-05,0.999999999806,0.));
#5046 = DIRECTION('',(0.999999999806,1.96850393658E-05,0.));
#5047 = ADVANCED_FACE('',(#5048),#5054,.F.);
#5048 = FACE_BOUND('',#5049,.F.);
#5049 = EDGE_LOOP('',(#5050,#5051,#5052,#5053));
#5050 = ORIENTED_EDGE('',*,*,#5019,.F.);
#5051 = ORIENTED_EDGE('',*,*,#3334,.F.);
#5052 = ORIENTED_EDGE('',*,*,#5034,.T.);
#5053 = ORIENTED_EDGE('',*,*,#2676,.F.);
#5054 = CYLINDRICAL_SURFACE('',#5055,0.2);
#5055 = AXIS2_PLACEMENT_3D('',#5056,#5057,#5058);
#5056 = CARTESIAN_POINT('',(-12.5,-52.250125,0.));
#5057 = DIRECTION('',(-0.,-0.,-1.));
#5058 = DIRECTION('',(-0.705956383138,0.70825531068,0.));
#5059 = ADVANCED_FACE('',(#5060),#5071,.F.);
#5060 = FACE_BOUND('',#5061,.T.);
#5061 = EDGE_LOOP('',(#5062,#5068,#5069,#5070));
#5062 = ORIENTED_EDGE('',*,*,#5063,.T.);
#5063 = EDGE_CURVE('',#3632,#4253,#5064,.T.);
#5064 = LINE('',#5065,#5066);
#5065 = CARTESIAN_POINT('',(-73.,2.2,3.268232296657));
#5066 = VECTOR('',#5067,1.);
#5067 = DIRECTION('',(0.,-1.,2.22044604925E-16));
#5068 = ORIENTED_EDGE('',*,*,#4252,.F.);
#5069 = ORIENTED_EDGE('',*,*,#3040,.F.);
#5070 = ORIENTED_EDGE('',*,*,#3639,.F.);
#5071 = PLANE('',#5072);
#5072 = AXIS2_PLACEMENT_3D('',#5073,#5074,#5075);
#5073 = CARTESIAN_POINT('',(-73.,2.2,3.268232296657));
#5074 = DIRECTION('',(-1.,-0.,-0.));
#5075 = DIRECTION('',(0.,2.22044604925E-16,1.));
#5076 = ADVANCED_FACE('',(#5077),#5088,.F.);
#5077 = FACE_BOUND('',#5078,.T.);
#5078 = EDGE_LOOP('',(#5079,#5080,#5081,#5087));
#5079 = ORIENTED_EDGE('',*,*,#2914,.T.);
#5080 = ORIENTED_EDGE('',*,*,#4672,.T.);
#5081 = ORIENTED_EDGE('',*,*,#5082,.F.);
#5082 = EDGE_CURVE('',#3076,#4673,#5083,.T.);
#5083 = LINE('',#5084,#5085);
#5084 = CARTESIAN_POINT('',(-64.185104,-35.2,2.391973));
#5085 = VECTOR('',#5086,1.);
#5086 = DIRECTION('',(0.,1.,-2.22044604925E-16));
#5087 = ORIENTED_EDGE('',*,*,#3075,.F.);
#5088 = PLANE('',#5089);
#5089 = AXIS2_PLACEMENT_3D('',#5090,#5091,#5092);
#5090 = CARTESIAN_POINT('',(-64.185104,-35.2,0.));
#5091 = DIRECTION('',(-1.,-0.,-0.));
#5092 = DIRECTION('',(0.,-2.22044604925E-16,-1.));
#5093 = ADVANCED_FACE('',(#5094),#5113,.F.);
#5094 = FACE_BOUND('',#5095,.F.);
#5095 = EDGE_LOOP('',(#5096,#5104,#5105,#5106));
#5096 = ORIENTED_EDGE('',*,*,#5097,.T.);
#5097 = EDGE_CURVE('',#5098,#3058,#5100,.T.);
#5098 = VERTEX_POINT('',#5099);
#5099 = CARTESIAN_POINT('',(-81.683274,-16.486726,8.003));
#5100 = LINE('',#5101,#5102);
#5101 = CARTESIAN_POINT('',(-81.683274,-16.486726,8.003));
#5102 = VECTOR('',#5103,1.);
#5103 = DIRECTION('',(-0.,-1.224646799147E-16,-1.));
#5104 = ORIENTED_EDGE('',*,*,#3057,.T.);
#5105 = ORIENTED_EDGE('',*,*,#5097,.F.);
#5106 = ORIENTED_EDGE('',*,*,#5107,.F.);
#5107 = EDGE_CURVE('',#5098,#5098,#5108,.T.);
#5108 = CIRCLE('',#5109,1.7);
#5109 = AXIS2_PLACEMENT_3D('',#5110,#5111,#5112);
#5110 = CARTESIAN_POINT('',(-79.983274,-16.486726,8.003));
#5111 = DIRECTION('',(0.,1.224646799147E-16,1.));
#5112 = DIRECTION('',(-1.,0.,0.));
#5113 = CYLINDRICAL_SURFACE('',#5114,1.7);
#5114 = AXIS2_PLACEMENT_3D('',#5115,#5116,#5117);
#5115 = CARTESIAN_POINT('',(-79.983274,-16.486726,8.003));
#5116 = DIRECTION('',(0.,1.224646799147E-16,1.));
#5117 = DIRECTION('',(-1.,-0.,-0.));
#5118 = ADVANCED_FACE('',(#5119),#5130,.F.);
#5119 = FACE_BOUND('',#5120,.T.);
#5120 = EDGE_LOOP('',(#5121,#5122,#5123,#5129));
#5121 = ORIENTED_EDGE('',*,*,#5082,.T.);
#5122 = ORIENTED_EDGE('',*,*,#4680,.T.);
#5123 = ORIENTED_EDGE('',*,*,#5124,.F.);
#5124 = EDGE_CURVE('',#3102,#4681,#5125,.T.);
#5125 = LINE('',#5126,#5127);
#5126 = CARTESIAN_POINT('',(-63.791109,-35.2,2.785968));
#5127 = VECTOR('',#5128,1.);
#5128 = DIRECTION('',(0.,1.,-2.22044604925E-16));
#5129 = ORIENTED_EDGE('',*,*,#3110,.F.);
#5130 = CYLINDRICAL_SURFACE('',#5131,0.393995);
#5131 = AXIS2_PLACEMENT_3D('',#5132,#5133,#5134);
#5132 = CARTESIAN_POINT('',(-63.791109,-35.2,2.391973));
#5133 = DIRECTION('',(0.,-1.,2.22044604925E-16));
#5134 = DIRECTION('',(-1.,-0.,-0.));
#5135 = ADVANCED_FACE('',(#5136),#5147,.F.);
#5136 = FACE_BOUND('',#5137,.T.);
#5137 = EDGE_LOOP('',(#5138,#5139,#5140,#5146));
#5138 = ORIENTED_EDGE('',*,*,#5124,.T.);
#5139 = ORIENTED_EDGE('',*,*,#4689,.T.);
#5140 = ORIENTED_EDGE('',*,*,#5141,.F.);
#5141 = EDGE_CURVE('',#3127,#4690,#5142,.T.);
#5142 = LINE('',#5143,#5144);
#5143 = CARTESIAN_POINT('',(-56.445051,-35.2,2.785968));
#5144 = VECTOR('',#5145,1.);
#5145 = DIRECTION('',(0.,1.,-2.22044604925E-16));
#5146 = ORIENTED_EDGE('',*,*,#3126,.F.);
#5147 = PLANE('',#5148);
#5148 = AXIS2_PLACEMENT_3D('',#5149,#5150,#5151);
#5149 = CARTESIAN_POINT('',(-63.791109,-35.2,2.785968));
#5150 = DIRECTION('',(0.,2.22044604925E-16,1.));
#5151 = DIRECTION('',(-1.,0.,0.));
#5152 = ADVANCED_FACE('',(#5153),#5164,.F.);
#5153 = FACE_BOUND('',#5154,.T.);
#5154 = EDGE_LOOP('',(#5155,#5156,#5157,#5163));
#5155 = ORIENTED_EDGE('',*,*,#5141,.T.);
#5156 = ORIENTED_EDGE('',*,*,#4697,.T.);
#5157 = ORIENTED_EDGE('',*,*,#5158,.F.);
#5158 = EDGE_CURVE('',#3153,#4698,#5159,.T.);
#5159 = LINE('',#5160,#5161);
#5160 = CARTESIAN_POINT('',(-56.051056,-35.2,2.391973));
#5161 = VECTOR('',#5162,1.);
#5162 = DIRECTION('',(0.,1.,-2.22044604925E-16));
#5163 = ORIENTED_EDGE('',*,*,#3161,.F.);
#5164 = CYLINDRICAL_SURFACE('',#5165,0.393995);
#5165 = AXIS2_PLACEMENT_3D('',#5166,#5167,#5168);
#5166 = CARTESIAN_POINT('',(-56.445051,-35.2,2.391973));
#5167 = DIRECTION('',(0.,-1.,2.22044604925E-16));
#5168 = DIRECTION('',(-1.,-0.,-0.));
#5169 = ADVANCED_FACE('',(#5170),#5181,.F.);
#5170 = FACE_BOUND('',#5171,.T.);
#5171 = EDGE_LOOP('',(#5172,#5178,#5179,#5180));
#5172 = ORIENTED_EDGE('',*,*,#5173,.T.);
#5173 = EDGE_CURVE('',#3472,#4739,#5174,.T.);
#5174 = LINE('',#5175,#5176);
#5175 = CARTESIAN_POINT('',(-38.857155,-35.2,2.420986));
#5176 = VECTOR('',#5177,1.);
#5177 = DIRECTION('',(0.,1.,-2.22044604925E-16));
#5178 = ORIENTED_EDGE('',*,*,#4747,.T.);
#5179 = ORIENTED_EDGE('',*,*,#3176,.F.);
#5180 = ORIENTED_EDGE('',*,*,#3480,.F.);
#5181 = PLANE('',#5182);
#5182 = AXIS2_PLACEMENT_3D('',#5183,#5184,#5185);
#5183 = CARTESIAN_POINT('',(-38.857155,-35.2,2.420986));
#5184 = DIRECTION('',(1.,0.,0.));
#5185 = DIRECTION('',(0.,2.22044604925E-16,1.));
#5186 = ADVANCED_FACE('',(#5187),#5198,.F.);
#5187 = FACE_BOUND('',#5188,.T.);
#5188 = EDGE_LOOP('',(#5189,#5190,#5191,#5197));
#5189 = ORIENTED_EDGE('',*,*,#3217,.T.);
#5190 = ORIENTED_EDGE('',*,*,#4471,.T.);
#5191 = ORIENTED_EDGE('',*,*,#5192,.F.);
#5192 = EDGE_CURVE('',#3707,#4472,#5193,.T.);
#5193 = LINE('',#5194,#5195);
#5194 = CARTESIAN_POINT('',(-5.823962678119,2.2,4.952106242387));
#5195 = VECTOR('',#5196,1.);
#5196 = DIRECTION('',(0.,-1.,2.22044604925E-16));
#5197 = ORIENTED_EDGE('',*,*,#3706,.F.);
#5198 = PLANE('',#5199);
#5199 = AXIS2_PLACEMENT_3D('',#5200,#5201,#5202);
#5200 = CARTESIAN_POINT('',(-5.823962678119,2.2,-1.7763568394E-15));
#5201 = DIRECTION('',(1.,0.,0.));
#5202 = DIRECTION('',(0.,-2.22044604925E-16,-1.));
#5203 = ADVANCED_FACE('',(#5204),#5223,.F.);
#5204 = FACE_BOUND('',#5205,.F.);
#5205 = EDGE_LOOP('',(#5206,#5214,#5215,#5216));
#5206 = ORIENTED_EDGE('',*,*,#5207,.T.);
#5207 = EDGE_CURVE('',#5208,#3419,#5210,.T.);
#5208 = VERTEX_POINT('',#5209);
#5209 = CARTESIAN_POINT('',(-25.15,-29.9,8.003));
#5210 = LINE('',#5211,#5212);
#5211 = CARTESIAN_POINT('',(-25.15,-29.9,8.003));
#5212 = VECTOR('',#5213,1.);
#5213 = DIRECTION('',(-0.,-1.224646799147E-16,-1.));
#5214 = ORIENTED_EDGE('',*,*,#3418,.T.);
#5215 = ORIENTED_EDGE('',*,*,#5207,.F.);
#5216 = ORIENTED_EDGE('',*,*,#5217,.F.);
#5217 = EDGE_CURVE('',#5208,#5208,#5218,.T.);
#5218 = CIRCLE('',#5219,1.7);
#5219 = AXIS2_PLACEMENT_3D('',#5220,#5221,#5222);
#5220 = CARTESIAN_POINT('',(-23.45,-29.9,8.003));
#5221 = DIRECTION('',(0.,1.224646799147E-16,1.));
#5222 = DIRECTION('',(-1.,0.,0.));
#5223 = CYLINDRICAL_SURFACE('',#5224,1.7);
#5224 = AXIS2_PLACEMENT_3D('',#5225,#5226,#5227);
#5225 = CARTESIAN_POINT('',(-23.45,-29.9,8.003));
#5226 = DIRECTION('',(0.,1.224646799147E-16,1.));
#5227 = DIRECTION('',(-1.,-0.,-0.));
#5228 = ADVANCED_FACE('',(#5229),#5248,.F.);
#5229 = FACE_BOUND('',#5230,.F.);
#5230 = EDGE_LOOP('',(#5231,#5239,#5240,#5241));
#5231 = ORIENTED_EDGE('',*,*,#5232,.T.);
#5232 = EDGE_CURVE('',#5233,#3430,#5235,.T.);
#5233 = VERTEX_POINT('',#5234);
#5234 = CARTESIAN_POINT('',(-4.733274,-26.4,8.003));
#5235 = LINE('',#5236,#5237);
#5236 = CARTESIAN_POINT('',(-4.733274,-26.4,8.003));
#5237 = VECTOR('',#5238,1.);
#5238 = DIRECTION('',(-0.,-1.224646799147E-16,-1.));
#5239 = ORIENTED_EDGE('',*,*,#3429,.T.);
#5240 = ORIENTED_EDGE('',*,*,#5232,.F.);
#5241 = ORIENTED_EDGE('',*,*,#5242,.F.);
#5242 = EDGE_CURVE('',#5233,#5233,#5243,.T.);
#5243 = CIRCLE('',#5244,1.7);
#5244 = AXIS2_PLACEMENT_3D('',#5245,#5246,#5247);
#5245 = CARTESIAN_POINT('',(-3.033274,-26.4,8.003));
#5246 = DIRECTION('',(0.,1.224646799147E-16,1.));
#5247 = DIRECTION('',(-1.,0.,0.));
#5248 = CYLINDRICAL_SURFACE('',#5249,1.7);
#5249 = AXIS2_PLACEMENT_3D('',#5250,#5251,#5252);
#5250 = CARTESIAN_POINT('',(-3.033274,-26.4,8.003));
#5251 = DIRECTION('',(0.,1.224646799147E-16,1.));
#5252 = DIRECTION('',(-1.,-0.,-0.));
#5253 = ADVANCED_FACE('',(#5254),#5260,.F.);
#5254 = FACE_BOUND('',#5255,.T.);
#5255 = EDGE_LOOP('',(#5256,#5257,#5258,#5259));
#5256 = ORIENTED_EDGE('',*,*,#5158,.T.);
#5257 = ORIENTED_EDGE('',*,*,#4706,.T.);
#5258 = ORIENTED_EDGE('',*,*,#3496,.F.);
#5259 = ORIENTED_EDGE('',*,*,#3447,.F.);
#5260 = PLANE('',#5261);
#5261 = AXIS2_PLACEMENT_3D('',#5262,#5263,#5264);
#5262 = CARTESIAN_POINT('',(-56.051056,-35.2,2.391973));
#5263 = DIRECTION('',(1.,0.,0.));
#5264 = DIRECTION('',(0.,2.22044604925E-16,1.));
#5265 = ADVANCED_FACE('',(#5266),#5277,.F.);
#5266 = FACE_BOUND('',#5267,.T.);
#5267 = EDGE_LOOP('',(#5268,#5269,#5270,#5276));
#5268 = ORIENTED_EDGE('',*,*,#3515,.T.);
#5269 = ORIENTED_EDGE('',*,*,#4713,.T.);
#5270 = ORIENTED_EDGE('',*,*,#5271,.F.);
#5271 = EDGE_CURVE('',#3565,#4714,#5272,.T.);
#5272 = LINE('',#5273,#5274);
#5273 = CARTESIAN_POINT('',(-49.502907,-35.2,2.420986));
#5274 = VECTOR('',#5275,1.);
#5275 = DIRECTION('',(0.,1.,-2.22044604925E-16));
#5276 = ORIENTED_EDGE('',*,*,#3564,.F.);
#5277 = PLANE('',#5278);
#5278 = AXIS2_PLACEMENT_3D('',#5279,#5280,#5281);
#5279 = CARTESIAN_POINT('',(-49.502907,-35.2,0.));
#5280 = DIRECTION('',(-1.,-0.,-0.));
#5281 = DIRECTION('',(0.,-2.22044604925E-16,-1.));
#5282 = ADVANCED_FACE('',(#5283),#5294,.F.);
#5283 = FACE_BOUND('',#5284,.T.);
#5284 = EDGE_LOOP('',(#5285,#5291,#5292,#5293));
#5285 = ORIENTED_EDGE('',*,*,#5286,.T.);
#5286 = EDGE_CURVE('',#3538,#4731,#5287,.T.);
#5287 = LINE('',#5288,#5289);
#5288 = CARTESIAN_POINT('',(-39.255929,-35.2,2.81976));
#5289 = VECTOR('',#5290,1.);
#5290 = DIRECTION('',(0.,1.,-2.22044604925E-16));
#5291 = ORIENTED_EDGE('',*,*,#4738,.T.);
#5292 = ORIENTED_EDGE('',*,*,#5173,.F.);
#5293 = ORIENTED_EDGE('',*,*,#3548,.F.);
#5294 = CYLINDRICAL_SURFACE('',#5295,0.398774);
#5295 = AXIS2_PLACEMENT_3D('',#5296,#5297,#5298);
#5296 = CARTESIAN_POINT('',(-39.255929,-35.2,2.420986));
#5297 = DIRECTION('',(0.,-1.,2.22044604925E-16));
#5298 = DIRECTION('',(-1.,-0.,-0.));
#5299 = ADVANCED_FACE('',(#5300),#5311,.F.);
#5300 = FACE_BOUND('',#5301,.T.);
#5301 = EDGE_LOOP('',(#5302,#5308,#5309,#5310));
#5302 = ORIENTED_EDGE('',*,*,#5303,.T.);
#5303 = EDGE_CURVE('',#3589,#4722,#5304,.T.);
#5304 = LINE('',#5305,#5306);
#5305 = CARTESIAN_POINT('',(-49.104133,-35.2,2.81976));
#5306 = VECTOR('',#5307,1.);
#5307 = DIRECTION('',(0.,1.,-2.22044604925E-16));
#5308 = ORIENTED_EDGE('',*,*,#4730,.T.);
#5309 = ORIENTED_EDGE('',*,*,#5286,.F.);
#5310 = ORIENTED_EDGE('',*,*,#3597,.F.);
#5311 = PLANE('',#5312);
#5312 = AXIS2_PLACEMENT_3D('',#5313,#5314,#5315);
#5313 = CARTESIAN_POINT('',(-49.104133,-35.2,2.81976));
#5314 = DIRECTION('',(0.,2.22044604925E-16,1.));
#5315 = DIRECTION('',(-1.,0.,0.));
#5316 = ADVANCED_FACE('',(#5317),#5323,.F.);
#5317 = FACE_BOUND('',#5318,.T.);
#5318 = EDGE_LOOP('',(#5319,#5320,#5321,#5322));
#5319 = ORIENTED_EDGE('',*,*,#5271,.T.);
#5320 = ORIENTED_EDGE('',*,*,#4721,.T.);
#5321 = ORIENTED_EDGE('',*,*,#5303,.F.);
#5322 = ORIENTED_EDGE('',*,*,#3616,.F.);
#5323 = CYLINDRICAL_SURFACE('',#5324,0.398774);
#5324 = AXIS2_PLACEMENT_3D('',#5325,#5326,#5327);
#5325 = CARTESIAN_POINT('',(-49.104133,-35.2,2.420986));
#5326 = DIRECTION('',(0.,-1.,2.22044604925E-16));
#5327 = DIRECTION('',(-1.,-0.,-0.));
#5328 = ADVANCED_FACE('',(#5329),#5341,.F.);
#5329 = FACE_BOUND('',#5330,.T.);
#5330 = EDGE_LOOP('',(#5331,#5337,#5338,#5339,#5340));
#5331 = ORIENTED_EDGE('',*,*,#5332,.T.);
#5332 = EDGE_CURVE('',#3808,#4321,#5333,.T.);
#5333 = LINE('',#5334,#5335);
#5334 = CARTESIAN_POINT('',(-72.461671,2.2,3.806561296657));
#5335 = VECTOR('',#5336,1.);
#5336 = DIRECTION('',(0.,-1.,2.22044604925E-16));
#5337 = ORIENTED_EDGE('',*,*,#4328,.T.);
#5338 = ORIENTED_EDGE('',*,*,#5063,.F.);
#5339 = ORIENTED_EDGE('',*,*,#3664,.F.);
#5340 = ORIENTED_EDGE('',*,*,#3818,.F.);
#5341 = CYLINDRICAL_SURFACE('',#5342,0.538329);
#5342 = AXIS2_PLACEMENT_3D('',#5343,#5344,#5345);
#5343 = CARTESIAN_POINT('',(-72.461671,2.2,3.268232296657));
#5344 = DIRECTION('',(0.,1.,-2.22044604925E-16));
#5345 = DIRECTION('',(1.,0.,0.));
#5346 = ADVANCED_FACE('',(#5347),#5358,.F.);
#5347 = FACE_BOUND('',#5348,.T.);
#5348 = EDGE_LOOP('',(#5349,#5350,#5351,#5357));
#5349 = ORIENTED_EDGE('',*,*,#5192,.T.);
#5350 = ORIENTED_EDGE('',*,*,#4479,.T.);
#5351 = ORIENTED_EDGE('',*,*,#5352,.F.);
#5352 = EDGE_CURVE('',#3733,#4480,#5353,.T.);
#5353 = LINE('',#5354,#5355);
#5354 = CARTESIAN_POINT('',(-6.571856435732,2.2,5.7));
#5355 = VECTOR('',#5356,1.);
#5356 = DIRECTION('',(0.,-1.,2.22044604925E-16));
#5357 = ORIENTED_EDGE('',*,*,#3741,.F.);
#5358 = CYLINDRICAL_SURFACE('',#5359,0.747893757613);
#5359 = AXIS2_PLACEMENT_3D('',#5360,#5361,#5362);
#5360 = CARTESIAN_POINT('',(-6.571856435732,2.2,4.952106242387));
#5361 = DIRECTION('',(0.,1.,-2.22044604925E-16));
#5362 = DIRECTION('',(1.,0.,0.));
#5363 = ADVANCED_FACE('',(#5364),#5375,.F.);
#5364 = FACE_BOUND('',#5365,.T.);
#5365 = EDGE_LOOP('',(#5366,#5367,#5368,#5374));
#5366 = ORIENTED_EDGE('',*,*,#5352,.T.);
#5367 = ORIENTED_EDGE('',*,*,#4488,.T.);
#5368 = ORIENTED_EDGE('',*,*,#5369,.F.);
#5369 = EDGE_CURVE('',#3758,#4489,#5370,.T.);
#5370 = LINE('',#5371,#5372);
#5371 = CARTESIAN_POINT('',(-15.60216026859,2.2,5.7));
#5372 = VECTOR('',#5373,1.);
#5373 = DIRECTION('',(0.,-1.,2.22044604925E-16));
#5374 = ORIENTED_EDGE('',*,*,#3757,.F.);
#5375 = PLANE('',#5376);
#5376 = AXIS2_PLACEMENT_3D('',#5377,#5378,#5379);
#5377 = CARTESIAN_POINT('',(-6.571856435732,2.2,5.7));
#5378 = DIRECTION('',(0.,2.22044604925E-16,1.));
#5379 = DIRECTION('',(1.,0.,0.));
#5380 = ADVANCED_FACE('',(#5381),#5392,.F.);
#5381 = FACE_BOUND('',#5382,.T.);
#5382 = EDGE_LOOP('',(#5383,#5384,#5385,#5391));
#5383 = ORIENTED_EDGE('',*,*,#5369,.T.);
#5384 = ORIENTED_EDGE('',*,*,#4496,.T.);
#5385 = ORIENTED_EDGE('',*,*,#5386,.F.);
#5386 = EDGE_CURVE('',#3784,#4497,#5387,.T.);
#5387 = LINE('',#5388,#5389);
#5388 = CARTESIAN_POINT('',(-16.84845449346,2.2,4.45370577513));
#5389 = VECTOR('',#5390,1.);
#5390 = DIRECTION('',(0.,-1.,2.22044604925E-16));
#5391 = ORIENTED_EDGE('',*,*,#3792,.F.);
#5392 = CYLINDRICAL_SURFACE('',#5393,1.246294224866);
#5393 = AXIS2_PLACEMENT_3D('',#5394,#5395,#5396);
#5394 = CARTESIAN_POINT('',(-15.60216026859,2.2,4.453705775134));
#5395 = DIRECTION('',(0.,1.,-2.22044604925E-16));
#5396 = DIRECTION('',(1.,0.,0.));
#5397 = ADVANCED_FACE('',(#5398),#5404,.F.);
#5398 = FACE_BOUND('',#5399,.T.);
#5399 = EDGE_LOOP('',(#5400,#5401,#5402,#5403));
#5400 = ORIENTED_EDGE('',*,*,#5386,.T.);
#5401 = ORIENTED_EDGE('',*,*,#4505,.T.);
#5402 = ORIENTED_EDGE('',*,*,#3909,.F.);
#5403 = ORIENTED_EDGE('',*,*,#3834,.F.);
#5404 = PLANE('',#5405);
#5405 = AXIS2_PLACEMENT_3D('',#5406,#5407,#5408);
#5406 = CARTESIAN_POINT('',(-16.84845449346,2.2,4.45370577513));
#5407 = DIRECTION('',(-1.,-0.,-0.));
#5408 = DIRECTION('',(0.,2.22044604925E-16,1.));
#5409 = ADVANCED_FACE('',(#5410),#5421,.F.);
#5410 = FACE_BOUND('',#5411,.T.);
#5411 = EDGE_LOOP('',(#5412,#5418,#5419,#5420));
#5412 = ORIENTED_EDGE('',*,*,#5413,.T.);
#5413 = EDGE_CURVE('',#3859,#4312,#5414,.T.);
#5414 = LINE('',#5415,#5416);
#5415 = CARTESIAN_POINT('',(-63.500949,2.2,3.806561296657));
#5416 = VECTOR('',#5417,1.);
#5417 = DIRECTION('',(0.,-1.,2.22044604925E-16));
#5418 = ORIENTED_EDGE('',*,*,#4320,.T.);
#5419 = ORIENTED_EDGE('',*,*,#5332,.F.);
#5420 = ORIENTED_EDGE('',*,*,#3867,.F.);
#5421 = PLANE('',#5422);
#5422 = AXIS2_PLACEMENT_3D('',#5423,#5424,#5425);
#5423 = CARTESIAN_POINT('',(-63.500949,2.2,3.806561296657));
#5424 = DIRECTION('',(0.,2.22044604925E-16,1.));
#5425 = DIRECTION('',(1.,0.,0.));
#5426 = ADVANCED_FACE('',(#5427),#5438,.F.);
#5427 = FACE_BOUND('',#5428,.T.);
#5428 = EDGE_LOOP('',(#5429,#5430,#5431,#5437));
#5429 = ORIENTED_EDGE('',*,*,#3893,.T.);
#5430 = ORIENTED_EDGE('',*,*,#4512,.T.);
#5431 = ORIENTED_EDGE('',*,*,#5432,.F.);
#5432 = EDGE_CURVE('',#3952,#4513,#5433,.T.);
#5433 = LINE('',#5434,#5435);
#5434 = CARTESIAN_POINT('',(-22.059414,2.2,2.222));
#5435 = VECTOR('',#5436,1.);
#5436 = DIRECTION('',(0.,-1.,2.22044604925E-16));
#5437 = ORIENTED_EDGE('',*,*,#3951,.F.);
#5438 = PLANE('',#5439);
#5439 = AXIS2_PLACEMENT_3D('',#5440,#5441,#5442);
#5440 = CARTESIAN_POINT('',(-22.059414,2.2,0.));
#5441 = DIRECTION('',(1.,0.,0.));
#5442 = DIRECTION('',(0.,-2.22044604925E-16,-1.));
#5443 = ADVANCED_FACE('',(#5444),#5455,.F.);
#5444 = FACE_BOUND('',#5445,.T.);
#5445 = EDGE_LOOP('',(#5446,#5452,#5453,#5454));
#5446 = ORIENTED_EDGE('',*,*,#5447,.T.);
#5447 = EDGE_CURVE('',#3925,#4304,#5448,.T.);
#5448 = LINE('',#5449,#5450);
#5449 = CARTESIAN_POINT('',(-62.96262,2.2,3.268232296657));
#5450 = VECTOR('',#5451,1.);
#5451 = DIRECTION('',(0.,-1.,2.22044604925E-16));
#5452 = ORIENTED_EDGE('',*,*,#4311,.T.);
#5453 = ORIENTED_EDGE('',*,*,#5413,.F.);
#5454 = ORIENTED_EDGE('',*,*,#3935,.F.);
#5455 = CYLINDRICAL_SURFACE('',#5456,0.538329);
#5456 = AXIS2_PLACEMENT_3D('',#5457,#5458,#5459);
#5457 = CARTESIAN_POINT('',(-63.500949,2.2,3.268232296657));
#5458 = DIRECTION('',(0.,1.,-2.22044604925E-16));
#5459 = DIRECTION('',(1.,0.,0.));
#5460 = ADVANCED_FACE('',(#5461),#5467,.F.);
#5461 = FACE_BOUND('',#5462,.T.);
#5462 = EDGE_LOOP('',(#5463,#5464,#5465,#5466));
#5463 = ORIENTED_EDGE('',*,*,#4028,.T.);
#5464 = ORIENTED_EDGE('',*,*,#4303,.T.);
#5465 = ORIENTED_EDGE('',*,*,#5447,.F.);
#5466 = ORIENTED_EDGE('',*,*,#3984,.F.);
#5467 = PLANE('',#5468);
#5468 = AXIS2_PLACEMENT_3D('',#5469,#5470,#5471);
#5469 = CARTESIAN_POINT('',(-62.96262,2.2,-6.217248937901E-15));
#5470 = DIRECTION('',(1.,0.,0.));
#5471 = DIRECTION('',(0.,-2.22044604925E-16,-1.));
#5472 = ADVANCED_FACE('',(#5473),#5484,.F.);
#5473 = FACE_BOUND('',#5474,.T.);
#5474 = EDGE_LOOP('',(#5475,#5476,#5477,#5483));
#5475 = ORIENTED_EDGE('',*,*,#5432,.T.);
#5476 = ORIENTED_EDGE('',*,*,#4520,.T.);
#5477 = ORIENTED_EDGE('',*,*,#5478,.F.);
#5478 = EDGE_CURVE('',#4003,#4521,#5479,.T.);
#5479 = LINE('',#5480,#5481);
#5480 = CARTESIAN_POINT('',(-22.425412,2.2,2.587998));
#5481 = VECTOR('',#5482,1.);
#5482 = DIRECTION('',(0.,-1.,2.22044604925E-16));
#5483 = ORIENTED_EDGE('',*,*,#4011,.F.);
#5484 = CYLINDRICAL_SURFACE('',#5485,0.365998);
#5485 = AXIS2_PLACEMENT_3D('',#5486,#5487,#5488);
#5486 = CARTESIAN_POINT('',(-22.425412,2.2,2.222));
#5487 = DIRECTION('',(0.,1.,-2.22044604925E-16));
#5488 = DIRECTION('',(1.,0.,0.));
#5489 = ADVANCED_FACE('',(#5490),#5501,.F.);
#5490 = FACE_BOUND('',#5491,.T.);
#5491 = EDGE_LOOP('',(#5492,#5498,#5499,#5500));
#5492 = ORIENTED_EDGE('',*,*,#5493,.T.);
#5493 = EDGE_CURVE('',#4137,#4538,#5494,.T.);
#5494 = LINE('',#5495,#5496);
#5495 = CARTESIAN_POINT('',(-28.750465,2.2,2.222));
#5496 = VECTOR('',#5497,1.);
#5497 = DIRECTION('',(0.,-1.,2.22044604925E-16));
#5498 = ORIENTED_EDGE('',*,*,#4546,.T.);
#5499 = ORIENTED_EDGE('',*,*,#4077,.F.);
#5500 = ORIENTED_EDGE('',*,*,#4145,.F.);
#5501 = PLANE('',#5502);
#5502 = AXIS2_PLACEMENT_3D('',#5503,#5504,#5505);
#5503 = CARTESIAN_POINT('',(-28.750465,2.2,2.222));
#5504 = DIRECTION('',(-1.,-0.,-0.));
#5505 = DIRECTION('',(0.,2.22044604925E-16,1.));
#5506 = ADVANCED_FACE('',(#5507),#5526,.F.);
#5507 = FACE_BOUND('',#5508,.F.);
#5508 = EDGE_LOOP('',(#5509,#5517,#5518,#5519));
#5509 = ORIENTED_EDGE('',*,*,#5510,.T.);
#5510 = EDGE_CURVE('',#5511,#4095,#5513,.T.);
#5511 = VERTEX_POINT('',#5512);
#5512 = CARTESIAN_POINT('',(-61.333274,-3.05,8.003));
#5513 = LINE('',#5514,#5515);
#5514 = CARTESIAN_POINT('',(-61.333274,-3.05,8.003));
#5515 = VECTOR('',#5516,1.);
#5516 = DIRECTION('',(-0.,-1.224646799147E-16,-1.));
#5517 = ORIENTED_EDGE('',*,*,#4094,.T.);
#5518 = ORIENTED_EDGE('',*,*,#5510,.F.);
#5519 = ORIENTED_EDGE('',*,*,#5520,.F.);
#5520 = EDGE_CURVE('',#5511,#5511,#5521,.T.);
#5521 = CIRCLE('',#5522,1.7);
#5522 = AXIS2_PLACEMENT_3D('',#5523,#5524,#5525);
#5523 = CARTESIAN_POINT('',(-59.633274,-3.05,8.003));
#5524 = DIRECTION('',(0.,1.224646799147E-16,1.));
#5525 = DIRECTION('',(-1.,0.,0.));
#5526 = CYLINDRICAL_SURFACE('',#5527,1.7);
#5527 = AXIS2_PLACEMENT_3D('',#5528,#5529,#5530);
#5528 = CARTESIAN_POINT('',(-59.633274,-3.05,8.003));
#5529 = DIRECTION('',(0.,1.224646799147E-16,1.));
#5530 = DIRECTION('',(-1.,-0.,-0.));
#5531 = ADVANCED_FACE('',(#5532),#5543,.F.);
#5532 = FACE_BOUND('',#5533,.T.);
#5533 = EDGE_LOOP('',(#5534,#5535,#5536,#5542));
#5534 = ORIENTED_EDGE('',*,*,#5478,.T.);
#5535 = ORIENTED_EDGE('',*,*,#4529,.T.);
#5536 = ORIENTED_EDGE('',*,*,#5537,.F.);
#5537 = EDGE_CURVE('',#4113,#4530,#5538,.T.);
#5538 = LINE('',#5539,#5540);
#5539 = CARTESIAN_POINT('',(-28.384467,2.2,2.587998));
#5540 = VECTOR('',#5541,1.);
#5541 = DIRECTION('',(0.,-1.,2.22044604925E-16));
#5542 = ORIENTED_EDGE('',*,*,#4112,.F.);
#5543 = PLANE('',#5544);
#5544 = AXIS2_PLACEMENT_3D('',#5545,#5546,#5547);
#5545 = CARTESIAN_POINT('',(-22.425412,2.2,2.587998));
#5546 = DIRECTION('',(0.,2.22044604925E-16,1.));
#5547 = DIRECTION('',(1.,0.,0.));
#5548 = ADVANCED_FACE('',(#5549),#5555,.F.);
#5549 = FACE_BOUND('',#5550,.T.);
#5550 = EDGE_LOOP('',(#5551,#5552,#5553,#5554));
#5551 = ORIENTED_EDGE('',*,*,#5537,.T.);
#5552 = ORIENTED_EDGE('',*,*,#4537,.T.);
#5553 = ORIENTED_EDGE('',*,*,#5493,.F.);
#5554 = ORIENTED_EDGE('',*,*,#4164,.F.);
#5555 = CYLINDRICAL_SURFACE('',#5556,0.365998);
#5556 = AXIS2_PLACEMENT_3D('',#5557,#5558,#5559);
#5557 = CARTESIAN_POINT('',(-28.384467,2.2,2.222));
#5558 = DIRECTION('',(0.,1.,-2.22044604925E-16));
#5559 = DIRECTION('',(1.,0.,0.));
#5560 = ADVANCED_FACE('',(#5561),#5564,.F.);
#5561 = FACE_BOUND('',#5562,.T.);
#5562 = EDGE_LOOP('',(#5563));
#5563 = ORIENTED_EDGE('',*,*,#5107,.F.);
#5564 = PLANE('',#5565);
#5565 = AXIS2_PLACEMENT_3D('',#5566,#5567,#5568);
#5566 = CARTESIAN_POINT('',(-37.54903074832,-22.17427246828,8.003));
#5567 = DIRECTION('',(0.,0.,1.));
#5568 = DIRECTION('',(1.,0.,0.));
#5569 = ADVANCED_FACE('',(#5570),#5573,.F.);
#5570 = FACE_BOUND('',#5571,.T.);
#5571 = EDGE_LOOP('',(#5572));
#5572 = ORIENTED_EDGE('',*,*,#5217,.F.);
#5573 = PLANE('',#5574);
#5574 = AXIS2_PLACEMENT_3D('',#5575,#5576,#5577);
#5575 = CARTESIAN_POINT('',(-37.54903074832,-22.17427246828,8.003));
#5576 = DIRECTION('',(0.,0.,1.));
#5577 = DIRECTION('',(1.,0.,0.));
#5578 = ADVANCED_FACE('',(#5579),#5582,.F.);
#5579 = FACE_BOUND('',#5580,.T.);
#5580 = EDGE_LOOP('',(#5581));
#5581 = ORIENTED_EDGE('',*,*,#5242,.F.);
#5582 = PLANE('',#5583);
#5583 = AXIS2_PLACEMENT_3D('',#5584,#5585,#5586);
#5584 = CARTESIAN_POINT('',(-37.54903074832,-22.17427246828,8.003));
#5585 = DIRECTION('',(0.,0.,1.));
#5586 = DIRECTION('',(1.,0.,0.));
#5587 = ADVANCED_FACE('',(#5588),#5591,.F.);
#5588 = FACE_BOUND('',#5589,.T.);
#5589 = EDGE_LOOP('',(#5590));
#5590 = ORIENTED_EDGE('',*,*,#5520,.F.);
#5591 = PLANE('',#5592);
#5592 = AXIS2_PLACEMENT_3D('',#5593,#5594,#5595);
#5593 = CARTESIAN_POINT('',(-37.54903074832,-22.17427246828,8.003));
#5594 = DIRECTION('',(0.,0.,1.));
#5595 = DIRECTION('',(1.,0.,0.));
#5596 = ( GEOMETRIC_REPRESENTATION_CONTEXT(3) 
GLOBAL_UNCERTAINTY_ASSIGNED_CONTEXT((#5600)) 
GLOBAL_UNIT_ASSIGNED_CONTEXT((#5597,#5598,#5599)) REPRESENTATION_CONTEXT
('Context #1','3D Context with UNIT and UNCERTAINTY') );
#5597 = ( LENGTH_UNIT() NAMED_UNIT(*) SI_UNIT(.MILLI.,.METRE.) );
#5598 = ( NAMED_UNIT(*) PLANE_ANGLE_UNIT() SI_UNIT($,.RADIAN.) );
#5599 = ( NAMED_UNIT(*) SI_UNIT($,.STERADIAN.) SOLID_ANGLE_UNIT() );
#5600 = UNCERTAINTY_MEASURE_WITH_UNIT(LENGTH_MEASURE(1.E-04),#5597,
  'distance_accuracy_value','confusion accuracy');
#5601 = CONTEXT_DEPENDENT_SHAPE_REPRESENTATION(#5602,#5604);
#5602 = ( REPRESENTATION_RELATIONSHIP('','',#32,#10) 
REPRESENTATION_RELATIONSHIP_WITH_TRANSFORMATION(#5603) 
SHAPE_REPRESENTATION_RELATIONSHIP() );
#5603 = ITEM_DEFINED_TRANSFORMATION('','',#11,#15);
#5604 = PRODUCT_DEFINITION_SHAPE('Placement','Placement of an item',
  #5605);
#5605 = NEXT_ASSEMBLY_USAGE_OCCURRENCE('8','top-stick-right-print2','',
  #5,#27,$);
#5606 = PRODUCT_RELATED_PRODUCT_CATEGORY('part',$,(#29));
#5607 = MECHANICAL_DESIGN_GEOMETRIC_PRESENTATION_REPRESENTATION('',(
    #5608,#5619,#5628,#5637,#5646),#5596);
#5608 = STYLED_ITEM('color',(#5609),#33);
#5609 = PRESENTATION_STYLE_ASSIGNMENT((#5610,#5616));
#5610 = SURFACE_STYLE_USAGE(.BOTH.,#5611);
#5611 = SURFACE_SIDE_STYLE('',(#5612));
#5612 = SURFACE_STYLE_FILL_AREA(#5613);
#5613 = FILL_AREA_STYLE('',(#5614));
#5614 = FILL_AREA_STYLE_COLOUR('',#5615);
#5615 = COLOUR_RGB('',0.447058818107,0.474509808674,0.501960817233);
#5616 = CURVE_STYLE('',#5617,POSITIVE_LENGTH_MEASURE(0.1),#5618);
#5617 = DRAUGHTING_PRE_DEFINED_CURVE_FONT('continuous');
#5618 = COLOUR_RGB('',9.803921802644E-02,9.803921802644E-02,
  9.803921802644E-02);
#5619 = STYLED_ITEM('color',(#5620),#126);
#5620 = PRESENTATION_STYLE_ASSIGNMENT((#5621,#5626));
#5621 = SURFACE_STYLE_USAGE(.BOTH.,#5622);
#5622 = SURFACE_SIDE_STYLE('',(#5623));
#5623 = SURFACE_STYLE_FILL_AREA(#5624);
#5624 = FILL_AREA_STYLE('',(#5625));
#5625 = FILL_AREA_STYLE_COLOUR('',#5615);
#5626 = CURVE_STYLE('',#5627,POSITIVE_LENGTH_MEASURE(0.1),#5618);
#5627 = DRAUGHTING_PRE_DEFINED_CURVE_FONT('continuous');
#5628 = STYLED_ITEM('color',(#5629),#219);
#5629 = PRESENTATION_STYLE_ASSIGNMENT((#5630,#5635));
#5630 = SURFACE_STYLE_USAGE(.BOTH.,#5631);
#5631 = SURFACE_SIDE_STYLE('',(#5632));
#5632 = SURFACE_STYLE_FILL_AREA(#5633);
#5633 = FILL_AREA_STYLE('',(#5634));
#5634 = FILL_AREA_STYLE_COLOUR('',#5615);
#5635 = CURVE_STYLE('',#5636,POSITIVE_LENGTH_MEASURE(0.1),#5618);
#5636 = DRAUGHTING_PRE_DEFINED_CURVE_FONT('continuous');
#5637 = STYLED_ITEM('color',(#5638),#312);
#5638 = PRESENTATION_STYLE_ASSIGNMENT((#5639,#5644));
#5639 = SURFACE_STYLE_USAGE(.BOTH.,#5640);
#5640 = SURFACE_SIDE_STYLE('',(#5641));
#5641 = SURFACE_STYLE_FILL_AREA(#5642);
#5642 = FILL_AREA_STYLE('',(#5643));
#5643 = FILL_AREA_STYLE_COLOUR('',#5615);
#5644 = CURVE_STYLE('',#5645,POSITIVE_LENGTH_MEASURE(0.1),#5618);
#5645 = DRAUGHTING_PRE_DEFINED_CURVE_FONT('continuous');
#5646 = STYLED_ITEM('color',(#5647),#405);
#5647 = PRESENTATION_STYLE_ASSIGNMENT((#5648,#5653));
#5648 = SURFACE_STYLE_USAGE(.BOTH.,#5649);
#5649 = SURFACE_SIDE_STYLE('',(#5650));
#5650 = SURFACE_STYLE_FILL_AREA(#5651);
#5651 = FILL_AREA_STYLE('',(#5652));
#5652 = FILL_AREA_STYLE_COLOUR('',#5615);
#5653 = CURVE_STYLE('',#5654,POSITIVE_LENGTH_MEASURE(0.1),#5618);
#5654 = DRAUGHTING_PRE_DEFINED_CURVE_FONT('continuous');
ENDSEC;
END-ISO-10303-21;
