ISO-10303-21;
HEADER;
FILE_DESCRIPTION(('FreeCAD Model'),'2;1');
FILE_NAME('Open CASCADE Shape Model','2025-07-27T20:55:54',(''),(''),
  'Open CASCADE STEP processor 7.8','FreeCAD','Unknown');
FILE_SCHEMA(('AUTOMOTIVE_DESIGN { 1 0 10303 214 1 1 1 1 }'));
ENDSEC;
DATA;
#1 = APPLICATION_PROTOCOL_DEFINITION('international standard',
  'automotive_design',2000,#2);
#2 = APPLICATION_CONTEXT(
  'core data for automotive mechanical design processes');
#3 = SHAPE_DEFINITION_REPRESENTATION(#4,#10);
#4 = PRODUCT_DEFINITION_SHAPE('','',#5);
#5 = PRODUCT_DEFINITION('design','',#6,#9);
#6 = PRODUCT_DEFINITION_FORMATION('','',#7);
#7 = PRODUCT('base-mount-right','base-mount-right','',(#8));
#8 = PRODUCT_CONTEXT('',#2,'mechanical');
#9 = PRODUCT_DEFINITION_CONTEXT('part definition',#2,'design');
#10 = SHAPE_REPRESENTATION('',(#11,#15,#2914),#3590);
#11 = AXIS2_PLACEMENT_3D('',#12,#13,#14);
#12 = CARTESIAN_POINT('',(0.,0.,0.));
#13 = DIRECTION('',(0.,0.,1.));
#14 = DIRECTION('',(1.,0.,-0.));
#15 = MANIFOLD_SOLID_BREP('',#16);
#16 = CLOSED_SHELL('',(#17,#291,#316,#347,#372,#397,#421,#445,#470,#495,
    #519,#543,#568,#593,#617,#641,#666,#691,#715,#739,#763,#788,#812,
    #836,#860,#885,#910,#927,#952,#977,#1002,#1027,#1052,#1325,#1345,
    #1370,#1395,#1420,#1440,#1487,#1512,#1536,#1561,#1585,#1610,#1666,
    #1691,#1715,#1740,#1780,#1805,#1845,#1870,#1894,#1919,#1943,#1968,
    #2024,#2049,#2073,#2098,#2154,#2179,#2203,#2228,#2268,#2286,#2311,
    #2331,#2351,#2371,#2396,#2421,#2445,#2598,#2622,#2638,#2650,#2667,
    #2679,#2703,#2719,#2731,#2755,#2771,#2783,#2795,#2812,#2829,#2846,
    #2871,#2896,#2905));
#17 = ADVANCED_FACE('',(#18,#29,#242,#253,#264,#275),#286,.F.);
#18 = FACE_BOUND('',#19,.T.);
#19 = EDGE_LOOP('',(#20));
#20 = ORIENTED_EDGE('',*,*,#21,.F.);
#21 = EDGE_CURVE('',#22,#22,#24,.T.);
#22 = VERTEX_POINT('',#23);
#23 = CARTESIAN_POINT('',(-81.983274,-16.486726,-8.));
#24 = CIRCLE('',#25,2.);
#25 = AXIS2_PLACEMENT_3D('',#26,#27,#28);
#26 = CARTESIAN_POINT('',(-79.983274,-16.486726,-8.));
#27 = DIRECTION('',(0.,0.,-1.));
#28 = DIRECTION('',(-1.,-0.,-0.));
#29 = FACE_BOUND('',#30,.T.);
#30 = EDGE_LOOP('',(#31,#41,#50,#58,#67,#75,#84,#92,#101,#109,#118,#126,
    #135,#143,#152,#160,#168,#176,#184,#193,#201,#210,#218,#227,#235));
#31 = ORIENTED_EDGE('',*,*,#32,.T.);
#32 = EDGE_CURVE('',#33,#35,#37,.T.);
#33 = VERTEX_POINT('',#34);
#34 = CARTESIAN_POINT('',(-84.86756534141,-13.24592363209,-8.));
#35 = VERTEX_POINT('',#36);
#36 = CARTESIAN_POINT('',(-74.80756534141,1.254076367903,-8.));
#37 = LINE('',#38,#39);
#38 = CARTESIAN_POINT('',(-84.86756534141,-13.24592363209,-8.));
#39 = VECTOR('',#40,1.);
#40 = DIRECTION('',(0.570034712683,0.821620609732,0.));
#41 = ORIENTED_EDGE('',*,*,#42,.T.);
#42 = EDGE_CURVE('',#35,#43,#45,.T.);
#43 = VERTEX_POINT('',#44);
#44 = CARTESIAN_POINT('',(-73.,2.2,-8.));
#45 = CIRCLE('',#46,2.2);
#46 = AXIS2_PLACEMENT_3D('',#47,#48,#49);
#47 = CARTESIAN_POINT('',(-73.,0.,-8.));
#48 = DIRECTION('',(0.,0.,-1.));
#49 = DIRECTION('',(1.,0.,0.));
#50 = ORIENTED_EDGE('',*,*,#51,.T.);
#51 = EDGE_CURVE('',#43,#52,#54,.T.);
#52 = VERTEX_POINT('',#53);
#53 = CARTESIAN_POINT('',(-1.7,2.2,-8.));
#54 = LINE('',#55,#56);
#55 = CARTESIAN_POINT('',(-73.,2.2,-8.));
#56 = VECTOR('',#57,1.);
#57 = DIRECTION('',(1.,0.,0.));
#58 = ORIENTED_EDGE('',*,*,#59,.T.);
#59 = EDGE_CURVE('',#52,#60,#62,.T.);
#60 = VERTEX_POINT('',#61);
#61 = CARTESIAN_POINT('',(-4.169999420287E-02,1.445697440951,-8.));
#62 = CIRCLE('',#63,2.2);
#63 = AXIS2_PLACEMENT_3D('',#64,#65,#66);
#64 = CARTESIAN_POINT('',(-1.7,0.,-8.));
#65 = DIRECTION('',(0.,0.,-1.));
#66 = DIRECTION('',(0.657135200432,-0.753772729908,0.));
#67 = ORIENTED_EDGE('',*,*,#68,.T.);
#68 = EDGE_CURVE('',#60,#69,#71,.T.);
#69 = VERTEX_POINT('',#70);
#70 = CARTESIAN_POINT('',(1.658300005797,-0.504302559049,-8.));
#71 = LINE('',#72,#73);
#72 = CARTESIAN_POINT('',(-4.169999420287E-02,1.445697440951,-8.));
#73 = VECTOR('',#74,1.);
#74 = DIRECTION('',(0.657135200432,-0.753772729908,0.));
#75 = ORIENTED_EDGE('',*,*,#76,.T.);
#76 = EDGE_CURVE('',#69,#77,#79,.T.);
#77 = VERTEX_POINT('',#78);
#78 = CARTESIAN_POINT('',(2.2,-1.95,-8.));
#79 = CIRCLE('',#80,2.2);
#80 = AXIS2_PLACEMENT_3D('',#81,#82,#83);
#81 = CARTESIAN_POINT('',(0.,-1.95,-8.));
#82 = DIRECTION('',(0.,0.,-1.));
#83 = DIRECTION('',(-0.,-1.,-0.));
#84 = ORIENTED_EDGE('',*,*,#85,.T.);
#85 = EDGE_CURVE('',#77,#86,#88,.T.);
#86 = VERTEX_POINT('',#87);
#87 = CARTESIAN_POINT('',(2.2,-46.05,-8.));
#88 = LINE('',#89,#90);
#89 = CARTESIAN_POINT('',(2.2,-1.95,-8.));
#90 = VECTOR('',#91,1.);
#91 = DIRECTION('',(-0.,-1.,-0.));
#92 = ORIENTED_EDGE('',*,*,#93,.T.);
#93 = EDGE_CURVE('',#86,#94,#96,.T.);
#94 = VERTEX_POINT('',#95);
#95 = CARTESIAN_POINT('',(1.561920235006,-47.59932410407,-8.));
#96 = CIRCLE('',#97,2.2);
#97 = AXIS2_PLACEMENT_3D('',#98,#99,#100);
#98 = CARTESIAN_POINT('',(0.,-46.05,-8.));
#99 = DIRECTION('',(0.,0.,-1.));
#100 = DIRECTION('',(-0.704238229127,-0.709963743185,-0.));
#101 = ORIENTED_EDGE('',*,*,#102,.T.);
#102 = EDGE_CURVE('',#94,#103,#105,.T.);
#103 = VERTEX_POINT('',#104);
#104 = CARTESIAN_POINT('',(-4.588079764994,-53.79932410407,-8.));
#105 = LINE('',#106,#107);
#106 = CARTESIAN_POINT('',(1.561920235006,-47.59932410407,-8.));
#107 = VECTOR('',#108,1.);
#108 = DIRECTION('',(-0.704238229127,-0.709963743185,-0.));
#109 = ORIENTED_EDGE('',*,*,#110,.T.);
#110 = EDGE_CURVE('',#103,#111,#113,.T.);
#111 = VERTEX_POINT('',#112);
#112 = CARTESIAN_POINT('',(-6.149956692913,-54.44999999957,-8.));
#113 = CIRCLE('',#114,2.2);
#114 = AXIS2_PLACEMENT_3D('',#115,#116,#117);
#115 = CARTESIAN_POINT('',(-6.15,-52.25,-8.));
#116 = DIRECTION('',(0.,0.,-1.));
#117 = DIRECTION('',(-0.999999999806,-1.96850393658E-05,-0.));
#118 = ORIENTED_EDGE('',*,*,#119,.T.);
#119 = EDGE_CURVE('',#111,#120,#122,.T.);
#120 = VERTEX_POINT('',#121);
#121 = CARTESIAN_POINT('',(-12.49995669291,-54.45012499957,-8.));
#122 = LINE('',#123,#124);
#123 = CARTESIAN_POINT('',(-6.149956692913,-54.44999999957,-8.));
#124 = VECTOR('',#125,1.);
#125 = DIRECTION('',(-0.999999999806,-1.96850393658E-05,-0.));
#126 = ORIENTED_EDGE('',*,*,#127,.T.);
#127 = EDGE_CURVE('',#120,#128,#130,.T.);
#128 = VERTEX_POINT('',#129);
#129 = CARTESIAN_POINT('',(-14.05816168349,-53.8032290429,-8.));
#130 = CIRCLE('',#131,2.2);
#131 = AXIS2_PLACEMENT_3D('',#132,#133,#134);
#132 = CARTESIAN_POINT('',(-12.5,-52.250125,-8.));
#133 = DIRECTION('',(0.,0.,-1.));
#134 = DIRECTION('',(-0.705956383138,0.70825531068,0.));
#135 = ORIENTED_EDGE('',*,*,#136,.T.);
#136 = EDGE_CURVE('',#128,#137,#139,.T.);
#137 = VERTEX_POINT('',#138);
#138 = CARTESIAN_POINT('',(-20.23816168349,-47.6031040429,-8.));
#139 = LINE('',#140,#141);
#140 = CARTESIAN_POINT('',(-14.05816168349,-53.8032290429,-8.));
#141 = VECTOR('',#142,1.);
#142 = DIRECTION('',(-0.705956383138,0.70825531068,0.));
#143 = ORIENTED_EDGE('',*,*,#144,.T.);
#144 = EDGE_CURVE('',#137,#145,#147,.T.);
#145 = VERTEX_POINT('',#146);
#146 = CARTESIAN_POINT('',(-20.88,-46.05,-8.));
#147 = CIRCLE('',#148,2.2);
#148 = AXIS2_PLACEMENT_3D('',#149,#150,#151);
#149 = CARTESIAN_POINT('',(-18.68,-46.05,-8.));
#150 = DIRECTION('',(0.,0.,-1.));
#151 = DIRECTION('',(0.,1.,0.));
#152 = ORIENTED_EDGE('',*,*,#153,.T.);
#153 = EDGE_CURVE('',#145,#154,#156,.T.);
#154 = VERTEX_POINT('',#155);
#155 = CARTESIAN_POINT('',(-20.88,-36.92616671898,-8.));
#156 = LINE('',#157,#158);
#157 = CARTESIAN_POINT('',(-20.88,-46.05,-8.));
#158 = VECTOR('',#159,1.);
#159 = DIRECTION('',(0.,1.,0.));
#160 = ORIENTED_EDGE('',*,*,#161,.T.);
#161 = EDGE_CURVE('',#154,#162,#164,.T.);
#162 = VERTEX_POINT('',#163);
#163 = CARTESIAN_POINT('',(-22.64644394242,-35.2,-8.));
#164 = LINE('',#165,#166);
#165 = CARTESIAN_POINT('',(-20.88,-36.92616671898,-8.));
#166 = VECTOR('',#167,1.);
#167 = DIRECTION('',(-0.715213668601,0.698905865082,0.));
#168 = ORIENTED_EDGE('',*,*,#169,.T.);
#169 = EDGE_CURVE('',#162,#170,#172,.T.);
#170 = VERTEX_POINT('',#171);
#171 = CARTESIAN_POINT('',(-64.9103519099,-35.2,-8.));
#172 = LINE('',#173,#174);
#173 = CARTESIAN_POINT('',(-22.64644394242,-35.2,-8.));
#174 = VECTOR('',#175,1.);
#175 = DIRECTION('',(-1.,-0.,-0.));
#176 = ORIENTED_EDGE('',*,*,#177,.T.);
#177 = EDGE_CURVE('',#170,#178,#180,.T.);
#178 = VERTEX_POINT('',#179);
#179 = CARTESIAN_POINT('',(-68.94033791277,-40.57045043025,-8.));
#180 = LINE('',#181,#182);
#181 = CARTESIAN_POINT('',(-64.9103519099,-35.2,-8.));
#182 = VECTOR('',#183,1.);
#183 = DIRECTION('',(-0.600204741026,-0.799846403286,-0.));
#184 = ORIENTED_EDGE('',*,*,#185,.T.);
#185 = EDGE_CURVE('',#178,#186,#188,.T.);
#186 = VERTEX_POINT('',#187);
#187 = CARTESIAN_POINT('',(-70.7,-41.45,-8.));
#188 = CIRCLE('',#189,2.2);
#189 = AXIS2_PLACEMENT_3D('',#190,#191,#192);
#190 = CARTESIAN_POINT('',(-70.7,-39.25,-8.));
#191 = DIRECTION('',(0.,0.,-1.));
#192 = DIRECTION('',(-1.,-0.,-0.));
#193 = ORIENTED_EDGE('',*,*,#194,.T.);
#194 = EDGE_CURVE('',#186,#195,#197,.T.);
#195 = VERTEX_POINT('',#196);
#196 = CARTESIAN_POINT('',(-76.9,-41.45,-8.));
#197 = LINE('',#198,#199);
#198 = CARTESIAN_POINT('',(-70.7,-41.45,-8.));
#199 = VECTOR('',#200,1.);
#200 = DIRECTION('',(-1.,-0.,-0.));
#201 = ORIENTED_EDGE('',*,*,#202,.T.);
#202 = EDGE_CURVE('',#195,#203,#205,.T.);
#203 = VERTEX_POINT('',#204);
#204 = CARTESIAN_POINT('',(-78.47907955472,-40.78183150505,-8.));
#205 = CIRCLE('',#206,2.2);
#206 = AXIS2_PLACEMENT_3D('',#207,#208,#209);
#207 = CARTESIAN_POINT('',(-76.9,-39.25,-8.));
#208 = DIRECTION('',(0.,0.,-1.));
#209 = DIRECTION('',(-0.69628704775,0.717763433963,0.));
#210 = ORIENTED_EDGE('',*,*,#211,.T.);
#211 = EDGE_CURVE('',#203,#212,#214,.T.);
#212 = VERTEX_POINT('',#213);
#213 = CARTESIAN_POINT('',(-84.63907955472,-34.43183150505,-8.));
#214 = LINE('',#215,#216);
#215 = CARTESIAN_POINT('',(-78.47907955472,-40.78183150505,-8.));
#216 = VECTOR('',#217,1.);
#217 = DIRECTION('',(-0.69628704775,0.717763433963,0.));
#218 = ORIENTED_EDGE('',*,*,#219,.T.);
#219 = EDGE_CURVE('',#212,#220,#222,.T.);
#220 = VERTEX_POINT('',#221);
#221 = CARTESIAN_POINT('',(-85.26,-32.9,-8.));
#222 = CIRCLE('',#223,2.2);
#223 = AXIS2_PLACEMENT_3D('',#224,#225,#226);
#224 = CARTESIAN_POINT('',(-83.06,-32.9,-8.));
#225 = DIRECTION('',(0.,0.,-1.));
#226 = DIRECTION('',(0.,1.,0.));
#227 = ORIENTED_EDGE('',*,*,#228,.T.);
#228 = EDGE_CURVE('',#220,#229,#231,.T.);
#229 = VERTEX_POINT('',#230);
#230 = CARTESIAN_POINT('',(-85.26,-14.5,-8.));
#231 = LINE('',#232,#233);
#232 = CARTESIAN_POINT('',(-85.26,-32.9,-8.));
#233 = VECTOR('',#234,1.);
#234 = DIRECTION('',(0.,1.,0.));
#235 = ORIENTED_EDGE('',*,*,#236,.T.);
#236 = EDGE_CURVE('',#229,#33,#237,.T.);
#237 = CIRCLE('',#238,2.2);
#238 = AXIS2_PLACEMENT_3D('',#239,#240,#241);
#239 = CARTESIAN_POINT('',(-83.06,-14.5,-8.));
#240 = DIRECTION('',(0.,0.,-1.));
#241 = DIRECTION('',(0.570034712683,0.821620609732,0.));
#242 = FACE_BOUND('',#243,.T.);
#243 = EDGE_LOOP('',(#244));
#244 = ORIENTED_EDGE('',*,*,#245,.F.);
#245 = EDGE_CURVE('',#246,#246,#248,.T.);
#246 = VERTEX_POINT('',#247);
#247 = CARTESIAN_POINT('',(-70.476393,-13.743442,-8.));
#248 = CIRCLE('',#249,3.9);
#249 = AXIS2_PLACEMENT_3D('',#250,#251,#252);
#250 = CARTESIAN_POINT('',(-66.576393,-13.743442,-8.));
#251 = DIRECTION('',(0.,0.,-1.));
#252 = DIRECTION('',(-1.,-0.,-0.));
#253 = FACE_BOUND('',#254,.T.);
#254 = EDGE_LOOP('',(#255));
#255 = ORIENTED_EDGE('',*,*,#256,.F.);
#256 = EDGE_CURVE('',#257,#257,#259,.T.);
#257 = VERTEX_POINT('',#258);
#258 = CARTESIAN_POINT('',(-61.633274,-3.05,-8.));
#259 = CIRCLE('',#260,2.);
#260 = AXIS2_PLACEMENT_3D('',#261,#262,#263);
#261 = CARTESIAN_POINT('',(-59.633274,-3.05,-8.));
#262 = DIRECTION('',(0.,0.,-1.));
#263 = DIRECTION('',(-1.,7.1E-16,0.));
#264 = FACE_BOUND('',#265,.T.);
#265 = EDGE_LOOP('',(#266));
#266 = ORIENTED_EDGE('',*,*,#267,.F.);
#267 = EDGE_CURVE('',#268,#268,#270,.T.);
#268 = VERTEX_POINT('',#269);
#269 = CARTESIAN_POINT('',(-25.45,-29.9,-8.));
#270 = CIRCLE('',#271,2.);
#271 = AXIS2_PLACEMENT_3D('',#272,#273,#274);
#272 = CARTESIAN_POINT('',(-23.45,-29.9,-8.));
#273 = DIRECTION('',(0.,0.,-1.));
#274 = DIRECTION('',(-1.,-0.,-0.));
#275 = FACE_BOUND('',#276,.T.);
#276 = EDGE_LOOP('',(#277));
#277 = ORIENTED_EDGE('',*,*,#278,.F.);
#278 = EDGE_CURVE('',#279,#279,#281,.T.);
#279 = VERTEX_POINT('',#280);
#280 = CARTESIAN_POINT('',(-5.033274,-26.4,-8.));
#281 = CIRCLE('',#282,2.);
#282 = AXIS2_PLACEMENT_3D('',#283,#284,#285);
#283 = CARTESIAN_POINT('',(-3.033274,-26.4,-8.));
#284 = DIRECTION('',(0.,0.,-1.));
#285 = DIRECTION('',(-1.,-0.,-0.));
#286 = PLANE('',#287);
#287 = AXIS2_PLACEMENT_3D('',#288,#289,#290);
#288 = CARTESIAN_POINT('',(-37.54903074832,-22.17427246828,-8.));
#289 = DIRECTION('',(0.,0.,1.));
#290 = DIRECTION('',(1.,0.,0.));
#291 = ADVANCED_FACE('',(#292),#311,.F.);
#292 = FACE_BOUND('',#293,.T.);
#293 = EDGE_LOOP('',(#294,#302,#303,#304));
#294 = ORIENTED_EDGE('',*,*,#295,.F.);
#295 = EDGE_CURVE('',#22,#296,#298,.T.);
#296 = VERTEX_POINT('',#297);
#297 = CARTESIAN_POINT('',(-81.233274,-16.486726,-6.5));
#298 = LINE('',#299,#300);
#299 = CARTESIAN_POINT('',(-81.233274,-16.486726,-6.5));
#300 = VECTOR('',#301,1.);
#301 = DIRECTION('',(0.4472135955,0.,0.894427191));
#302 = ORIENTED_EDGE('',*,*,#21,.T.);
#303 = ORIENTED_EDGE('',*,*,#295,.T.);
#304 = ORIENTED_EDGE('',*,*,#305,.F.);
#305 = EDGE_CURVE('',#296,#296,#306,.T.);
#306 = CIRCLE('',#307,1.25);
#307 = AXIS2_PLACEMENT_3D('',#308,#309,#310);
#308 = CARTESIAN_POINT('',(-79.983274,-16.486726,-6.5));
#309 = DIRECTION('',(0.,0.,-1.));
#310 = DIRECTION('',(-1.,-0.,-0.));
#311 = CONICAL_SURFACE('',#312,1.25,0.463647609001);
#312 = AXIS2_PLACEMENT_3D('',#313,#314,#315);
#313 = CARTESIAN_POINT('',(-79.983274,-16.486726,-6.5));
#314 = DIRECTION('',(0.,0.,-1.));
#315 = DIRECTION('',(-1.,-0.,-0.));
#316 = ADVANCED_FACE('',(#317),#342,.T.);
#317 = FACE_BOUND('',#318,.F.);
#318 = EDGE_LOOP('',(#319,#327,#328,#336));
#319 = ORIENTED_EDGE('',*,*,#320,.T.);
#320 = EDGE_CURVE('',#321,#33,#323,.T.);
#321 = VERTEX_POINT('',#322);
#322 = CARTESIAN_POINT('',(-84.86756534141,-13.24592363209,0.));
#323 = LINE('',#324,#325);
#324 = CARTESIAN_POINT('',(-84.86756534141,-13.24592363209,0.));
#325 = VECTOR('',#326,1.);
#326 = DIRECTION('',(0.,0.,-1.));
#327 = ORIENTED_EDGE('',*,*,#32,.T.);
#328 = ORIENTED_EDGE('',*,*,#329,.F.);
#329 = EDGE_CURVE('',#330,#35,#332,.T.);
#330 = VERTEX_POINT('',#331);
#331 = CARTESIAN_POINT('',(-74.80756534141,1.254076367903,0.));
#332 = LINE('',#333,#334);
#333 = CARTESIAN_POINT('',(-74.80756534141,1.254076367903,0.));
#334 = VECTOR('',#335,1.);
#335 = DIRECTION('',(0.,0.,-1.));
#336 = ORIENTED_EDGE('',*,*,#337,.F.);
#337 = EDGE_CURVE('',#321,#330,#338,.T.);
#338 = LINE('',#339,#340);
#339 = CARTESIAN_POINT('',(-84.86756534141,-13.24592363209,0.));
#340 = VECTOR('',#341,1.);
#341 = DIRECTION('',(0.570034712683,0.821620609732,0.));
#342 = PLANE('',#343);
#343 = AXIS2_PLACEMENT_3D('',#344,#345,#346);
#344 = CARTESIAN_POINT('',(-84.86756534141,-13.24592363209,0.));
#345 = DIRECTION('',(-0.821620609732,0.570034712683,0.));
#346 = DIRECTION('',(-0.570034712683,-0.821620609732,0.));
#347 = ADVANCED_FACE('',(#348),#367,.T.);
#348 = FACE_BOUND('',#349,.F.);
#349 = EDGE_LOOP('',(#350,#358,#359,#360));
#350 = ORIENTED_EDGE('',*,*,#351,.T.);
#351 = EDGE_CURVE('',#352,#229,#354,.T.);
#352 = VERTEX_POINT('',#353);
#353 = CARTESIAN_POINT('',(-85.26,-14.5,0.));
#354 = LINE('',#355,#356);
#355 = CARTESIAN_POINT('',(-85.26,-14.5,0.));
#356 = VECTOR('',#357,1.);
#357 = DIRECTION('',(0.,0.,-1.));
#358 = ORIENTED_EDGE('',*,*,#236,.T.);
#359 = ORIENTED_EDGE('',*,*,#320,.F.);
#360 = ORIENTED_EDGE('',*,*,#361,.F.);
#361 = EDGE_CURVE('',#352,#321,#362,.T.);
#362 = CIRCLE('',#363,2.2);
#363 = AXIS2_PLACEMENT_3D('',#364,#365,#366);
#364 = CARTESIAN_POINT('',(-83.06,-14.5,0.));
#365 = DIRECTION('',(0.,0.,-1.));
#366 = DIRECTION('',(0.570034712683,0.821620609732,0.));
#367 = CYLINDRICAL_SURFACE('',#368,2.2);
#368 = AXIS2_PLACEMENT_3D('',#369,#370,#371);
#369 = CARTESIAN_POINT('',(-83.06,-14.5,0.));
#370 = DIRECTION('',(0.,0.,1.));
#371 = DIRECTION('',(0.570034712683,0.821620609732,0.));
#372 = ADVANCED_FACE('',(#373),#392,.T.);
#373 = FACE_BOUND('',#374,.F.);
#374 = EDGE_LOOP('',(#375,#376,#377,#385));
#375 = ORIENTED_EDGE('',*,*,#329,.T.);
#376 = ORIENTED_EDGE('',*,*,#42,.T.);
#377 = ORIENTED_EDGE('',*,*,#378,.F.);
#378 = EDGE_CURVE('',#379,#43,#381,.T.);
#379 = VERTEX_POINT('',#380);
#380 = CARTESIAN_POINT('',(-73.,2.2,0.));
#381 = LINE('',#382,#383);
#382 = CARTESIAN_POINT('',(-73.,2.2,0.));
#383 = VECTOR('',#384,1.);
#384 = DIRECTION('',(0.,0.,-1.));
#385 = ORIENTED_EDGE('',*,*,#386,.F.);
#386 = EDGE_CURVE('',#330,#379,#387,.T.);
#387 = CIRCLE('',#388,2.2);
#388 = AXIS2_PLACEMENT_3D('',#389,#390,#391);
#389 = CARTESIAN_POINT('',(-73.,0.,0.));
#390 = DIRECTION('',(0.,0.,-1.));
#391 = DIRECTION('',(1.,0.,0.));
#392 = CYLINDRICAL_SURFACE('',#393,2.2);
#393 = AXIS2_PLACEMENT_3D('',#394,#395,#396);
#394 = CARTESIAN_POINT('',(-73.,0.,0.));
#395 = DIRECTION('',(0.,0.,1.));
#396 = DIRECTION('',(1.,0.,0.));
#397 = ADVANCED_FACE('',(#398),#416,.T.);
#398 = FACE_BOUND('',#399,.F.);
#399 = EDGE_LOOP('',(#400,#408,#409,#410));
#400 = ORIENTED_EDGE('',*,*,#401,.T.);
#401 = EDGE_CURVE('',#402,#220,#404,.T.);
#402 = VERTEX_POINT('',#403);
#403 = CARTESIAN_POINT('',(-85.26,-32.9,0.));
#404 = LINE('',#405,#406);
#405 = CARTESIAN_POINT('',(-85.26,-32.9,0.));
#406 = VECTOR('',#407,1.);
#407 = DIRECTION('',(0.,0.,-1.));
#408 = ORIENTED_EDGE('',*,*,#228,.T.);
#409 = ORIENTED_EDGE('',*,*,#351,.F.);
#410 = ORIENTED_EDGE('',*,*,#411,.F.);
#411 = EDGE_CURVE('',#402,#352,#412,.T.);
#412 = LINE('',#413,#414);
#413 = CARTESIAN_POINT('',(-85.26,-32.9,0.));
#414 = VECTOR('',#415,1.);
#415 = DIRECTION('',(0.,1.,0.));
#416 = PLANE('',#417);
#417 = AXIS2_PLACEMENT_3D('',#418,#419,#420);
#418 = CARTESIAN_POINT('',(-85.26,-32.9,0.));
#419 = DIRECTION('',(-1.,-0.,-0.));
#420 = DIRECTION('',(0.,-1.,0.));
#421 = ADVANCED_FACE('',(#422),#440,.T.);
#422 = FACE_BOUND('',#423,.F.);
#423 = EDGE_LOOP('',(#424,#425,#426,#434));
#424 = ORIENTED_EDGE('',*,*,#378,.T.);
#425 = ORIENTED_EDGE('',*,*,#51,.T.);
#426 = ORIENTED_EDGE('',*,*,#427,.F.);
#427 = EDGE_CURVE('',#428,#52,#430,.T.);
#428 = VERTEX_POINT('',#429);
#429 = CARTESIAN_POINT('',(-1.7,2.2,0.));
#430 = LINE('',#431,#432);
#431 = CARTESIAN_POINT('',(-1.7,2.2,0.));
#432 = VECTOR('',#433,1.);
#433 = DIRECTION('',(0.,0.,-1.));
#434 = ORIENTED_EDGE('',*,*,#435,.F.);
#435 = EDGE_CURVE('',#379,#428,#436,.T.);
#436 = LINE('',#437,#438);
#437 = CARTESIAN_POINT('',(-73.,2.2,0.));
#438 = VECTOR('',#439,1.);
#439 = DIRECTION('',(1.,0.,0.));
#440 = PLANE('',#441);
#441 = AXIS2_PLACEMENT_3D('',#442,#443,#444);
#442 = CARTESIAN_POINT('',(-73.,2.2,0.));
#443 = DIRECTION('',(0.,1.,0.));
#444 = DIRECTION('',(-1.,0.,0.));
#445 = ADVANCED_FACE('',(#446),#465,.T.);
#446 = FACE_BOUND('',#447,.F.);
#447 = EDGE_LOOP('',(#448,#456,#457,#458));
#448 = ORIENTED_EDGE('',*,*,#449,.T.);
#449 = EDGE_CURVE('',#450,#212,#452,.T.);
#450 = VERTEX_POINT('',#451);
#451 = CARTESIAN_POINT('',(-84.63907955472,-34.43183150505,0.));
#452 = LINE('',#453,#454);
#453 = CARTESIAN_POINT('',(-84.63907955472,-34.43183150505,0.));
#454 = VECTOR('',#455,1.);
#455 = DIRECTION('',(0.,0.,-1.));
#456 = ORIENTED_EDGE('',*,*,#219,.T.);
#457 = ORIENTED_EDGE('',*,*,#401,.F.);
#458 = ORIENTED_EDGE('',*,*,#459,.F.);
#459 = EDGE_CURVE('',#450,#402,#460,.T.);
#460 = CIRCLE('',#461,2.2);
#461 = AXIS2_PLACEMENT_3D('',#462,#463,#464);
#462 = CARTESIAN_POINT('',(-83.06,-32.9,0.));
#463 = DIRECTION('',(0.,0.,-1.));
#464 = DIRECTION('',(0.,1.,0.));
#465 = CYLINDRICAL_SURFACE('',#466,2.2);
#466 = AXIS2_PLACEMENT_3D('',#467,#468,#469);
#467 = CARTESIAN_POINT('',(-83.06,-32.9,0.));
#468 = DIRECTION('',(0.,0.,1.));
#469 = DIRECTION('',(0.,1.,0.));
#470 = ADVANCED_FACE('',(#471),#490,.T.);
#471 = FACE_BOUND('',#472,.F.);
#472 = EDGE_LOOP('',(#473,#474,#475,#483));
#473 = ORIENTED_EDGE('',*,*,#427,.T.);
#474 = ORIENTED_EDGE('',*,*,#59,.T.);
#475 = ORIENTED_EDGE('',*,*,#476,.F.);
#476 = EDGE_CURVE('',#477,#60,#479,.T.);
#477 = VERTEX_POINT('',#478);
#478 = CARTESIAN_POINT('',(-4.169999420287E-02,1.445697440951,0.));
#479 = LINE('',#480,#481);
#480 = CARTESIAN_POINT('',(-4.169999420287E-02,1.445697440951,0.));
#481 = VECTOR('',#482,1.);
#482 = DIRECTION('',(0.,0.,-1.));
#483 = ORIENTED_EDGE('',*,*,#484,.F.);
#484 = EDGE_CURVE('',#428,#477,#485,.T.);
#485 = CIRCLE('',#486,2.2);
#486 = AXIS2_PLACEMENT_3D('',#487,#488,#489);
#487 = CARTESIAN_POINT('',(-1.7,0.,0.));
#488 = DIRECTION('',(0.,0.,-1.));
#489 = DIRECTION('',(0.657135200432,-0.753772729908,0.));
#490 = CYLINDRICAL_SURFACE('',#491,2.2);
#491 = AXIS2_PLACEMENT_3D('',#492,#493,#494);
#492 = CARTESIAN_POINT('',(-1.7,0.,0.));
#493 = DIRECTION('',(0.,0.,1.));
#494 = DIRECTION('',(0.657135200432,-0.753772729908,0.));
#495 = ADVANCED_FACE('',(#496),#514,.T.);
#496 = FACE_BOUND('',#497,.F.);
#497 = EDGE_LOOP('',(#498,#506,#507,#508));
#498 = ORIENTED_EDGE('',*,*,#499,.T.);
#499 = EDGE_CURVE('',#500,#203,#502,.T.);
#500 = VERTEX_POINT('',#501);
#501 = CARTESIAN_POINT('',(-78.47907955472,-40.78183150505,0.));
#502 = LINE('',#503,#504);
#503 = CARTESIAN_POINT('',(-78.47907955472,-40.78183150505,0.));
#504 = VECTOR('',#505,1.);
#505 = DIRECTION('',(0.,0.,-1.));
#506 = ORIENTED_EDGE('',*,*,#211,.T.);
#507 = ORIENTED_EDGE('',*,*,#449,.F.);
#508 = ORIENTED_EDGE('',*,*,#509,.F.);
#509 = EDGE_CURVE('',#500,#450,#510,.T.);
#510 = LINE('',#511,#512);
#511 = CARTESIAN_POINT('',(-78.47907955472,-40.78183150505,0.));
#512 = VECTOR('',#513,1.);
#513 = DIRECTION('',(-0.69628704775,0.717763433963,0.));
#514 = PLANE('',#515);
#515 = AXIS2_PLACEMENT_3D('',#516,#517,#518);
#516 = CARTESIAN_POINT('',(-78.47907955472,-40.78183150505,0.));
#517 = DIRECTION('',(-0.717763433963,-0.69628704775,-0.));
#518 = DIRECTION('',(0.69628704775,-0.717763433963,0.));
#519 = ADVANCED_FACE('',(#520),#538,.T.);
#520 = FACE_BOUND('',#521,.F.);
#521 = EDGE_LOOP('',(#522,#523,#524,#532));
#522 = ORIENTED_EDGE('',*,*,#476,.T.);
#523 = ORIENTED_EDGE('',*,*,#68,.T.);
#524 = ORIENTED_EDGE('',*,*,#525,.F.);
#525 = EDGE_CURVE('',#526,#69,#528,.T.);
#526 = VERTEX_POINT('',#527);
#527 = CARTESIAN_POINT('',(1.658300005797,-0.504302559049,0.));
#528 = LINE('',#529,#530);
#529 = CARTESIAN_POINT('',(1.658300005797,-0.504302559049,0.));
#530 = VECTOR('',#531,1.);
#531 = DIRECTION('',(0.,0.,-1.));
#532 = ORIENTED_EDGE('',*,*,#533,.F.);
#533 = EDGE_CURVE('',#477,#526,#534,.T.);
#534 = LINE('',#535,#536);
#535 = CARTESIAN_POINT('',(-4.169999420287E-02,1.445697440951,0.));
#536 = VECTOR('',#537,1.);
#537 = DIRECTION('',(0.657135200432,-0.753772729908,0.));
#538 = PLANE('',#539);
#539 = AXIS2_PLACEMENT_3D('',#540,#541,#542);
#540 = CARTESIAN_POINT('',(-4.169999420287E-02,1.445697440951,0.));
#541 = DIRECTION('',(0.753772729908,0.657135200432,0.));
#542 = DIRECTION('',(-0.657135200432,0.753772729908,0.));
#543 = ADVANCED_FACE('',(#544),#563,.T.);
#544 = FACE_BOUND('',#545,.F.);
#545 = EDGE_LOOP('',(#546,#554,#555,#556));
#546 = ORIENTED_EDGE('',*,*,#547,.T.);
#547 = EDGE_CURVE('',#548,#195,#550,.T.);
#548 = VERTEX_POINT('',#549);
#549 = CARTESIAN_POINT('',(-76.9,-41.45,0.));
#550 = LINE('',#551,#552);
#551 = CARTESIAN_POINT('',(-76.9,-41.45,0.));
#552 = VECTOR('',#553,1.);
#553 = DIRECTION('',(0.,0.,-1.));
#554 = ORIENTED_EDGE('',*,*,#202,.T.);
#555 = ORIENTED_EDGE('',*,*,#499,.F.);
#556 = ORIENTED_EDGE('',*,*,#557,.F.);
#557 = EDGE_CURVE('',#548,#500,#558,.T.);
#558 = CIRCLE('',#559,2.2);
#559 = AXIS2_PLACEMENT_3D('',#560,#561,#562);
#560 = CARTESIAN_POINT('',(-76.9,-39.25,0.));
#561 = DIRECTION('',(0.,0.,-1.));
#562 = DIRECTION('',(-0.69628704775,0.717763433963,0.));
#563 = CYLINDRICAL_SURFACE('',#564,2.2);
#564 = AXIS2_PLACEMENT_3D('',#565,#566,#567);
#565 = CARTESIAN_POINT('',(-76.9,-39.25,0.));
#566 = DIRECTION('',(0.,0.,1.));
#567 = DIRECTION('',(-0.69628704775,0.717763433963,0.));
#568 = ADVANCED_FACE('',(#569),#588,.T.);
#569 = FACE_BOUND('',#570,.F.);
#570 = EDGE_LOOP('',(#571,#572,#573,#581));
#571 = ORIENTED_EDGE('',*,*,#525,.T.);
#572 = ORIENTED_EDGE('',*,*,#76,.T.);
#573 = ORIENTED_EDGE('',*,*,#574,.F.);
#574 = EDGE_CURVE('',#575,#77,#577,.T.);
#575 = VERTEX_POINT('',#576);
#576 = CARTESIAN_POINT('',(2.2,-1.95,0.));
#577 = LINE('',#578,#579);
#578 = CARTESIAN_POINT('',(2.2,-1.95,0.));
#579 = VECTOR('',#580,1.);
#580 = DIRECTION('',(0.,0.,-1.));
#581 = ORIENTED_EDGE('',*,*,#582,.F.);
#582 = EDGE_CURVE('',#526,#575,#583,.T.);
#583 = CIRCLE('',#584,2.2);
#584 = AXIS2_PLACEMENT_3D('',#585,#586,#587);
#585 = CARTESIAN_POINT('',(0.,-1.95,0.));
#586 = DIRECTION('',(0.,0.,-1.));
#587 = DIRECTION('',(-0.,-1.,-0.));
#588 = CYLINDRICAL_SURFACE('',#589,2.2);
#589 = AXIS2_PLACEMENT_3D('',#590,#591,#592);
#590 = CARTESIAN_POINT('',(0.,-1.95,0.));
#591 = DIRECTION('',(0.,0.,1.));
#592 = DIRECTION('',(-0.,-1.,-0.));
#593 = ADVANCED_FACE('',(#594),#612,.T.);
#594 = FACE_BOUND('',#595,.F.);
#595 = EDGE_LOOP('',(#596,#604,#605,#606));
#596 = ORIENTED_EDGE('',*,*,#597,.T.);
#597 = EDGE_CURVE('',#598,#186,#600,.T.);
#598 = VERTEX_POINT('',#599);
#599 = CARTESIAN_POINT('',(-70.7,-41.45,0.));
#600 = LINE('',#601,#602);
#601 = CARTESIAN_POINT('',(-70.7,-41.45,0.));
#602 = VECTOR('',#603,1.);
#603 = DIRECTION('',(0.,0.,-1.));
#604 = ORIENTED_EDGE('',*,*,#194,.T.);
#605 = ORIENTED_EDGE('',*,*,#547,.F.);
#606 = ORIENTED_EDGE('',*,*,#607,.F.);
#607 = EDGE_CURVE('',#598,#548,#608,.T.);
#608 = LINE('',#609,#610);
#609 = CARTESIAN_POINT('',(-70.7,-41.45,0.));
#610 = VECTOR('',#611,1.);
#611 = DIRECTION('',(-1.,-0.,-0.));
#612 = PLANE('',#613);
#613 = AXIS2_PLACEMENT_3D('',#614,#615,#616);
#614 = CARTESIAN_POINT('',(-70.7,-41.45,0.));
#615 = DIRECTION('',(-0.,-1.,-0.));
#616 = DIRECTION('',(1.,0.,0.));
#617 = ADVANCED_FACE('',(#618),#636,.T.);
#618 = FACE_BOUND('',#619,.F.);
#619 = EDGE_LOOP('',(#620,#621,#622,#630));
#620 = ORIENTED_EDGE('',*,*,#574,.T.);
#621 = ORIENTED_EDGE('',*,*,#85,.T.);
#622 = ORIENTED_EDGE('',*,*,#623,.F.);
#623 = EDGE_CURVE('',#624,#86,#626,.T.);
#624 = VERTEX_POINT('',#625);
#625 = CARTESIAN_POINT('',(2.2,-46.05,0.));
#626 = LINE('',#627,#628);
#627 = CARTESIAN_POINT('',(2.2,-46.05,0.));
#628 = VECTOR('',#629,1.);
#629 = DIRECTION('',(0.,0.,-1.));
#630 = ORIENTED_EDGE('',*,*,#631,.F.);
#631 = EDGE_CURVE('',#575,#624,#632,.T.);
#632 = LINE('',#633,#634);
#633 = CARTESIAN_POINT('',(2.2,-1.95,0.));
#634 = VECTOR('',#635,1.);
#635 = DIRECTION('',(-0.,-1.,-0.));
#636 = PLANE('',#637);
#637 = AXIS2_PLACEMENT_3D('',#638,#639,#640);
#638 = CARTESIAN_POINT('',(2.2,-1.95,0.));
#639 = DIRECTION('',(1.,0.,0.));
#640 = DIRECTION('',(0.,1.,0.));
#641 = ADVANCED_FACE('',(#642),#661,.T.);
#642 = FACE_BOUND('',#643,.F.);
#643 = EDGE_LOOP('',(#644,#652,#653,#654));
#644 = ORIENTED_EDGE('',*,*,#645,.T.);
#645 = EDGE_CURVE('',#646,#178,#648,.T.);
#646 = VERTEX_POINT('',#647);
#647 = CARTESIAN_POINT('',(-68.94033791277,-40.57045043025,0.));
#648 = LINE('',#649,#650);
#649 = CARTESIAN_POINT('',(-68.94033791277,-40.57045043025,0.));
#650 = VECTOR('',#651,1.);
#651 = DIRECTION('',(0.,0.,-1.));
#652 = ORIENTED_EDGE('',*,*,#185,.T.);
#653 = ORIENTED_EDGE('',*,*,#597,.F.);
#654 = ORIENTED_EDGE('',*,*,#655,.F.);
#655 = EDGE_CURVE('',#646,#598,#656,.T.);
#656 = CIRCLE('',#657,2.2);
#657 = AXIS2_PLACEMENT_3D('',#658,#659,#660);
#658 = CARTESIAN_POINT('',(-70.7,-39.25,0.));
#659 = DIRECTION('',(0.,0.,-1.));
#660 = DIRECTION('',(-1.,-0.,-0.));
#661 = CYLINDRICAL_SURFACE('',#662,2.2);
#662 = AXIS2_PLACEMENT_3D('',#663,#664,#665);
#663 = CARTESIAN_POINT('',(-70.7,-39.25,0.));
#664 = DIRECTION('',(0.,0.,1.));
#665 = DIRECTION('',(-1.,-0.,-0.));
#666 = ADVANCED_FACE('',(#667),#686,.T.);
#667 = FACE_BOUND('',#668,.F.);
#668 = EDGE_LOOP('',(#669,#670,#671,#679));
#669 = ORIENTED_EDGE('',*,*,#623,.T.);
#670 = ORIENTED_EDGE('',*,*,#93,.T.);
#671 = ORIENTED_EDGE('',*,*,#672,.F.);
#672 = EDGE_CURVE('',#673,#94,#675,.T.);
#673 = VERTEX_POINT('',#674);
#674 = CARTESIAN_POINT('',(1.561920235006,-47.59932410407,0.));
#675 = LINE('',#676,#677);
#676 = CARTESIAN_POINT('',(1.561920235006,-47.59932410407,0.));
#677 = VECTOR('',#678,1.);
#678 = DIRECTION('',(0.,0.,-1.));
#679 = ORIENTED_EDGE('',*,*,#680,.F.);
#680 = EDGE_CURVE('',#624,#673,#681,.T.);
#681 = CIRCLE('',#682,2.2);
#682 = AXIS2_PLACEMENT_3D('',#683,#684,#685);
#683 = CARTESIAN_POINT('',(0.,-46.05,0.));
#684 = DIRECTION('',(0.,0.,-1.));
#685 = DIRECTION('',(-0.704238229127,-0.709963743185,-0.));
#686 = CYLINDRICAL_SURFACE('',#687,2.2);
#687 = AXIS2_PLACEMENT_3D('',#688,#689,#690);
#688 = CARTESIAN_POINT('',(0.,-46.05,0.));
#689 = DIRECTION('',(0.,0.,1.));
#690 = DIRECTION('',(-0.704238229127,-0.709963743185,-0.));
#691 = ADVANCED_FACE('',(#692),#710,.T.);
#692 = FACE_BOUND('',#693,.F.);
#693 = EDGE_LOOP('',(#694,#702,#703,#704));
#694 = ORIENTED_EDGE('',*,*,#695,.T.);
#695 = EDGE_CURVE('',#696,#170,#698,.T.);
#696 = VERTEX_POINT('',#697);
#697 = CARTESIAN_POINT('',(-64.9103519099,-35.2,0.));
#698 = LINE('',#699,#700);
#699 = CARTESIAN_POINT('',(-64.9103519099,-35.2,0.));
#700 = VECTOR('',#701,1.);
#701 = DIRECTION('',(0.,0.,-1.));
#702 = ORIENTED_EDGE('',*,*,#177,.T.);
#703 = ORIENTED_EDGE('',*,*,#645,.F.);
#704 = ORIENTED_EDGE('',*,*,#705,.F.);
#705 = EDGE_CURVE('',#696,#646,#706,.T.);
#706 = LINE('',#707,#708);
#707 = CARTESIAN_POINT('',(-64.9103519099,-35.2,0.));
#708 = VECTOR('',#709,1.);
#709 = DIRECTION('',(-0.600204741026,-0.799846403286,-0.));
#710 = PLANE('',#711);
#711 = AXIS2_PLACEMENT_3D('',#712,#713,#714);
#712 = CARTESIAN_POINT('',(-64.9103519099,-35.2,0.));
#713 = DIRECTION('',(0.799846403286,-0.600204741026,0.));
#714 = DIRECTION('',(0.600204741026,0.799846403286,0.));
#715 = ADVANCED_FACE('',(#716),#734,.T.);
#716 = FACE_BOUND('',#717,.F.);
#717 = EDGE_LOOP('',(#718,#719,#720,#728));
#718 = ORIENTED_EDGE('',*,*,#672,.T.);
#719 = ORIENTED_EDGE('',*,*,#102,.T.);
#720 = ORIENTED_EDGE('',*,*,#721,.F.);
#721 = EDGE_CURVE('',#722,#103,#724,.T.);
#722 = VERTEX_POINT('',#723);
#723 = CARTESIAN_POINT('',(-4.588079764994,-53.79932410407,0.));
#724 = LINE('',#725,#726);
#725 = CARTESIAN_POINT('',(-4.588079764994,-53.79932410407,0.));
#726 = VECTOR('',#727,1.);
#727 = DIRECTION('',(0.,0.,-1.));
#728 = ORIENTED_EDGE('',*,*,#729,.F.);
#729 = EDGE_CURVE('',#673,#722,#730,.T.);
#730 = LINE('',#731,#732);
#731 = CARTESIAN_POINT('',(1.561920235006,-47.59932410407,0.));
#732 = VECTOR('',#733,1.);
#733 = DIRECTION('',(-0.704238229127,-0.709963743185,-0.));
#734 = PLANE('',#735);
#735 = AXIS2_PLACEMENT_3D('',#736,#737,#738);
#736 = CARTESIAN_POINT('',(1.561920235006,-47.59932410407,0.));
#737 = DIRECTION('',(0.709963743185,-0.704238229127,0.));
#738 = DIRECTION('',(0.704238229127,0.709963743185,0.));
#739 = ADVANCED_FACE('',(#740),#758,.T.);
#740 = FACE_BOUND('',#741,.F.);
#741 = EDGE_LOOP('',(#742,#750,#751,#752));
#742 = ORIENTED_EDGE('',*,*,#743,.T.);
#743 = EDGE_CURVE('',#744,#162,#746,.T.);
#744 = VERTEX_POINT('',#745);
#745 = CARTESIAN_POINT('',(-22.64644394242,-35.2,0.));
#746 = LINE('',#747,#748);
#747 = CARTESIAN_POINT('',(-22.64644394242,-35.2,0.));
#748 = VECTOR('',#749,1.);
#749 = DIRECTION('',(0.,0.,-1.));
#750 = ORIENTED_EDGE('',*,*,#169,.T.);
#751 = ORIENTED_EDGE('',*,*,#695,.F.);
#752 = ORIENTED_EDGE('',*,*,#753,.F.);
#753 = EDGE_CURVE('',#744,#696,#754,.T.);
#754 = LINE('',#755,#756);
#755 = CARTESIAN_POINT('',(-22.64644394242,-35.2,0.));
#756 = VECTOR('',#757,1.);
#757 = DIRECTION('',(-1.,-0.,-0.));
#758 = PLANE('',#759);
#759 = AXIS2_PLACEMENT_3D('',#760,#761,#762);
#760 = CARTESIAN_POINT('',(-22.64644394242,-35.2,0.));
#761 = DIRECTION('',(-0.,-1.,-0.));
#762 = DIRECTION('',(1.,0.,0.));
#763 = ADVANCED_FACE('',(#764),#783,.T.);
#764 = FACE_BOUND('',#765,.F.);
#765 = EDGE_LOOP('',(#766,#767,#768,#776));
#766 = ORIENTED_EDGE('',*,*,#721,.T.);
#767 = ORIENTED_EDGE('',*,*,#110,.T.);
#768 = ORIENTED_EDGE('',*,*,#769,.F.);
#769 = EDGE_CURVE('',#770,#111,#772,.T.);
#770 = VERTEX_POINT('',#771);
#771 = CARTESIAN_POINT('',(-6.149956692913,-54.44999999957,0.));
#772 = LINE('',#773,#774);
#773 = CARTESIAN_POINT('',(-6.149956692913,-54.44999999957,0.));
#774 = VECTOR('',#775,1.);
#775 = DIRECTION('',(0.,0.,-1.));
#776 = ORIENTED_EDGE('',*,*,#777,.F.);
#777 = EDGE_CURVE('',#722,#770,#778,.T.);
#778 = CIRCLE('',#779,2.2);
#779 = AXIS2_PLACEMENT_3D('',#780,#781,#782);
#780 = CARTESIAN_POINT('',(-6.15,-52.25,0.));
#781 = DIRECTION('',(0.,0.,-1.));
#782 = DIRECTION('',(-0.999999999806,-1.96850393658E-05,-0.));
#783 = CYLINDRICAL_SURFACE('',#784,2.2);
#784 = AXIS2_PLACEMENT_3D('',#785,#786,#787);
#785 = CARTESIAN_POINT('',(-6.15,-52.25,0.));
#786 = DIRECTION('',(0.,0.,1.));
#787 = DIRECTION('',(-0.999999999806,-1.96850393658E-05,-0.));
#788 = ADVANCED_FACE('',(#789),#807,.T.);
#789 = FACE_BOUND('',#790,.F.);
#790 = EDGE_LOOP('',(#791,#799,#800,#801));
#791 = ORIENTED_EDGE('',*,*,#792,.T.);
#792 = EDGE_CURVE('',#793,#154,#795,.T.);
#793 = VERTEX_POINT('',#794);
#794 = CARTESIAN_POINT('',(-20.88,-36.92616671898,0.));
#795 = LINE('',#796,#797);
#796 = CARTESIAN_POINT('',(-20.88,-36.92616671898,0.));
#797 = VECTOR('',#798,1.);
#798 = DIRECTION('',(0.,0.,-1.));
#799 = ORIENTED_EDGE('',*,*,#161,.T.);
#800 = ORIENTED_EDGE('',*,*,#743,.F.);
#801 = ORIENTED_EDGE('',*,*,#802,.F.);
#802 = EDGE_CURVE('',#793,#744,#803,.T.);
#803 = LINE('',#804,#805);
#804 = CARTESIAN_POINT('',(-20.88,-36.92616671898,0.));
#805 = VECTOR('',#806,1.);
#806 = DIRECTION('',(-0.715213668601,0.698905865082,0.));
#807 = PLANE('',#808);
#808 = AXIS2_PLACEMENT_3D('',#809,#810,#811);
#809 = CARTESIAN_POINT('',(-20.88,-36.92616671898,0.));
#810 = DIRECTION('',(-0.698905865082,-0.715213668601,-0.));
#811 = DIRECTION('',(0.715213668601,-0.698905865082,0.));
#812 = ADVANCED_FACE('',(#813),#831,.T.);
#813 = FACE_BOUND('',#814,.F.);
#814 = EDGE_LOOP('',(#815,#816,#817,#825));
#815 = ORIENTED_EDGE('',*,*,#769,.T.);
#816 = ORIENTED_EDGE('',*,*,#119,.T.);
#817 = ORIENTED_EDGE('',*,*,#818,.F.);
#818 = EDGE_CURVE('',#819,#120,#821,.T.);
#819 = VERTEX_POINT('',#820);
#820 = CARTESIAN_POINT('',(-12.49995669291,-54.45012499957,0.));
#821 = LINE('',#822,#823);
#822 = CARTESIAN_POINT('',(-12.49995669291,-54.45012499957,0.));
#823 = VECTOR('',#824,1.);
#824 = DIRECTION('',(0.,0.,-1.));
#825 = ORIENTED_EDGE('',*,*,#826,.F.);
#826 = EDGE_CURVE('',#770,#819,#827,.T.);
#827 = LINE('',#828,#829);
#828 = CARTESIAN_POINT('',(-6.149956692913,-54.44999999957,0.));
#829 = VECTOR('',#830,1.);
#830 = DIRECTION('',(-0.999999999806,-1.96850393658E-05,-0.));
#831 = PLANE('',#832);
#832 = AXIS2_PLACEMENT_3D('',#833,#834,#835);
#833 = CARTESIAN_POINT('',(-6.149956692913,-54.44999999957,0.));
#834 = DIRECTION('',(1.96850393658E-05,-0.999999999806,0.));
#835 = DIRECTION('',(0.999999999806,1.96850393658E-05,0.));
#836 = ADVANCED_FACE('',(#837),#855,.T.);
#837 = FACE_BOUND('',#838,.F.);
#838 = EDGE_LOOP('',(#839,#847,#848,#849));
#839 = ORIENTED_EDGE('',*,*,#840,.T.);
#840 = EDGE_CURVE('',#841,#145,#843,.T.);
#841 = VERTEX_POINT('',#842);
#842 = CARTESIAN_POINT('',(-20.88,-46.05,0.));
#843 = LINE('',#844,#845);
#844 = CARTESIAN_POINT('',(-20.88,-46.05,0.));
#845 = VECTOR('',#846,1.);
#846 = DIRECTION('',(0.,0.,-1.));
#847 = ORIENTED_EDGE('',*,*,#153,.T.);
#848 = ORIENTED_EDGE('',*,*,#792,.F.);
#849 = ORIENTED_EDGE('',*,*,#850,.F.);
#850 = EDGE_CURVE('',#841,#793,#851,.T.);
#851 = LINE('',#852,#853);
#852 = CARTESIAN_POINT('',(-20.88,-46.05,0.));
#853 = VECTOR('',#854,1.);
#854 = DIRECTION('',(0.,1.,0.));
#855 = PLANE('',#856);
#856 = AXIS2_PLACEMENT_3D('',#857,#858,#859);
#857 = CARTESIAN_POINT('',(-20.88,-46.05,0.));
#858 = DIRECTION('',(-1.,-0.,-0.));
#859 = DIRECTION('',(0.,-1.,0.));
#860 = ADVANCED_FACE('',(#861),#880,.T.);
#861 = FACE_BOUND('',#862,.F.);
#862 = EDGE_LOOP('',(#863,#864,#865,#873));
#863 = ORIENTED_EDGE('',*,*,#818,.T.);
#864 = ORIENTED_EDGE('',*,*,#127,.T.);
#865 = ORIENTED_EDGE('',*,*,#866,.F.);
#866 = EDGE_CURVE('',#867,#128,#869,.T.);
#867 = VERTEX_POINT('',#868);
#868 = CARTESIAN_POINT('',(-14.05816168349,-53.8032290429,0.));
#869 = LINE('',#870,#871);
#870 = CARTESIAN_POINT('',(-14.05816168349,-53.8032290429,0.));
#871 = VECTOR('',#872,1.);
#872 = DIRECTION('',(0.,0.,-1.));
#873 = ORIENTED_EDGE('',*,*,#874,.F.);
#874 = EDGE_CURVE('',#819,#867,#875,.T.);
#875 = CIRCLE('',#876,2.2);
#876 = AXIS2_PLACEMENT_3D('',#877,#878,#879);
#877 = CARTESIAN_POINT('',(-12.5,-52.250125,0.));
#878 = DIRECTION('',(0.,0.,-1.));
#879 = DIRECTION('',(-0.705956383138,0.70825531068,0.));
#880 = CYLINDRICAL_SURFACE('',#881,2.2);
#881 = AXIS2_PLACEMENT_3D('',#882,#883,#884);
#882 = CARTESIAN_POINT('',(-12.5,-52.250125,0.));
#883 = DIRECTION('',(0.,0.,1.));
#884 = DIRECTION('',(-0.705956383138,0.70825531068,0.));
#885 = ADVANCED_FACE('',(#886),#905,.T.);
#886 = FACE_BOUND('',#887,.F.);
#887 = EDGE_LOOP('',(#888,#896,#897,#898));
#888 = ORIENTED_EDGE('',*,*,#889,.T.);
#889 = EDGE_CURVE('',#890,#137,#892,.T.);
#890 = VERTEX_POINT('',#891);
#891 = CARTESIAN_POINT('',(-20.23816168349,-47.6031040429,0.));
#892 = LINE('',#893,#894);
#893 = CARTESIAN_POINT('',(-20.23816168349,-47.6031040429,0.));
#894 = VECTOR('',#895,1.);
#895 = DIRECTION('',(0.,0.,-1.));
#896 = ORIENTED_EDGE('',*,*,#144,.T.);
#897 = ORIENTED_EDGE('',*,*,#840,.F.);
#898 = ORIENTED_EDGE('',*,*,#899,.F.);
#899 = EDGE_CURVE('',#890,#841,#900,.T.);
#900 = CIRCLE('',#901,2.2);
#901 = AXIS2_PLACEMENT_3D('',#902,#903,#904);
#902 = CARTESIAN_POINT('',(-18.68,-46.05,0.));
#903 = DIRECTION('',(0.,0.,-1.));
#904 = DIRECTION('',(0.,1.,0.));
#905 = CYLINDRICAL_SURFACE('',#906,2.2);
#906 = AXIS2_PLACEMENT_3D('',#907,#908,#909);
#907 = CARTESIAN_POINT('',(-18.68,-46.05,0.));
#908 = DIRECTION('',(0.,0.,1.));
#909 = DIRECTION('',(0.,1.,0.));
#910 = ADVANCED_FACE('',(#911),#922,.T.);
#911 = FACE_BOUND('',#912,.F.);
#912 = EDGE_LOOP('',(#913,#914,#915,#916));
#913 = ORIENTED_EDGE('',*,*,#866,.T.);
#914 = ORIENTED_EDGE('',*,*,#136,.T.);
#915 = ORIENTED_EDGE('',*,*,#889,.F.);
#916 = ORIENTED_EDGE('',*,*,#917,.F.);
#917 = EDGE_CURVE('',#867,#890,#918,.T.);
#918 = LINE('',#919,#920);
#919 = CARTESIAN_POINT('',(-14.05816168349,-53.8032290429,0.));
#920 = VECTOR('',#921,1.);
#921 = DIRECTION('',(-0.705956383138,0.70825531068,0.));
#922 = PLANE('',#923);
#923 = AXIS2_PLACEMENT_3D('',#924,#925,#926);
#924 = CARTESIAN_POINT('',(-14.05816168349,-53.8032290429,0.));
#925 = DIRECTION('',(-0.70825531068,-0.705956383138,-0.));
#926 = DIRECTION('',(0.705956383138,-0.70825531068,0.));
#927 = ADVANCED_FACE('',(#928),#947,.F.);
#928 = FACE_BOUND('',#929,.T.);
#929 = EDGE_LOOP('',(#930,#939,#945,#946));
#930 = ORIENTED_EDGE('',*,*,#931,.F.);
#931 = EDGE_CURVE('',#932,#932,#934,.T.);
#932 = VERTEX_POINT('',#933);
#933 = CARTESIAN_POINT('',(-70.476393,-13.743442,-1.7));
#934 = CIRCLE('',#935,3.9);
#935 = AXIS2_PLACEMENT_3D('',#936,#937,#938);
#936 = CARTESIAN_POINT('',(-66.576393,-13.743442,-1.7));
#937 = DIRECTION('',(0.,0.,-1.));
#938 = DIRECTION('',(-1.,-0.,-0.));
#939 = ORIENTED_EDGE('',*,*,#940,.T.);
#940 = EDGE_CURVE('',#932,#246,#941,.T.);
#941 = LINE('',#942,#943);
#942 = CARTESIAN_POINT('',(-70.476393,-13.743442,-1.7));
#943 = VECTOR('',#944,1.);
#944 = DIRECTION('',(0.,0.,-1.));
#945 = ORIENTED_EDGE('',*,*,#245,.T.);
#946 = ORIENTED_EDGE('',*,*,#940,.F.);
#947 = CYLINDRICAL_SURFACE('',#948,3.9);
#948 = AXIS2_PLACEMENT_3D('',#949,#950,#951);
#949 = CARTESIAN_POINT('',(-66.576393,-13.743442,-1.7));
#950 = DIRECTION('',(0.,0.,1.));
#951 = DIRECTION('',(-1.,-0.,-0.));
#952 = ADVANCED_FACE('',(#953),#972,.F.);
#953 = FACE_BOUND('',#954,.T.);
#954 = EDGE_LOOP('',(#955,#963,#964,#965));
#955 = ORIENTED_EDGE('',*,*,#956,.F.);
#956 = EDGE_CURVE('',#257,#957,#959,.T.);
#957 = VERTEX_POINT('',#958);
#958 = CARTESIAN_POINT('',(-60.883274,-3.05,-6.5));
#959 = LINE('',#960,#961);
#960 = CARTESIAN_POINT('',(-60.883274,-3.05,-6.5));
#961 = VECTOR('',#962,1.);
#962 = DIRECTION('',(0.4472135955,-3.2E-16,0.894427191));
#963 = ORIENTED_EDGE('',*,*,#256,.T.);
#964 = ORIENTED_EDGE('',*,*,#956,.T.);
#965 = ORIENTED_EDGE('',*,*,#966,.F.);
#966 = EDGE_CURVE('',#957,#957,#967,.T.);
#967 = CIRCLE('',#968,1.25);
#968 = AXIS2_PLACEMENT_3D('',#969,#970,#971);
#969 = CARTESIAN_POINT('',(-59.633274,-3.05,-6.5));
#970 = DIRECTION('',(0.,0.,-1.));
#971 = DIRECTION('',(-1.,7.1E-16,0.));
#972 = CONICAL_SURFACE('',#973,1.25,0.463647609001);
#973 = AXIS2_PLACEMENT_3D('',#974,#975,#976);
#974 = CARTESIAN_POINT('',(-59.633274,-3.05,-6.5));
#975 = DIRECTION('',(0.,0.,-1.));
#976 = DIRECTION('',(-1.,7.1E-16,0.));
#977 = ADVANCED_FACE('',(#978),#997,.F.);
#978 = FACE_BOUND('',#979,.T.);
#979 = EDGE_LOOP('',(#980,#988,#989,#990));
#980 = ORIENTED_EDGE('',*,*,#981,.F.);
#981 = EDGE_CURVE('',#268,#982,#984,.T.);
#982 = VERTEX_POINT('',#983);
#983 = CARTESIAN_POINT('',(-24.7,-29.9,-6.5));
#984 = LINE('',#985,#986);
#985 = CARTESIAN_POINT('',(-24.7,-29.9,-6.5));
#986 = VECTOR('',#987,1.);
#987 = DIRECTION('',(0.4472135955,0.,0.894427191));
#988 = ORIENTED_EDGE('',*,*,#267,.T.);
#989 = ORIENTED_EDGE('',*,*,#981,.T.);
#990 = ORIENTED_EDGE('',*,*,#991,.F.);
#991 = EDGE_CURVE('',#982,#982,#992,.T.);
#992 = CIRCLE('',#993,1.25);
#993 = AXIS2_PLACEMENT_3D('',#994,#995,#996);
#994 = CARTESIAN_POINT('',(-23.45,-29.9,-6.5));
#995 = DIRECTION('',(0.,0.,-1.));
#996 = DIRECTION('',(-1.,-0.,-0.));
#997 = CONICAL_SURFACE('',#998,1.25,0.463647609001);
#998 = AXIS2_PLACEMENT_3D('',#999,#1000,#1001);
#999 = CARTESIAN_POINT('',(-23.45,-29.9,-6.5));
#1000 = DIRECTION('',(0.,0.,-1.));
#1001 = DIRECTION('',(-1.,-0.,-0.));
#1002 = ADVANCED_FACE('',(#1003),#1022,.F.);
#1003 = FACE_BOUND('',#1004,.T.);
#1004 = EDGE_LOOP('',(#1005,#1013,#1014,#1015));
#1005 = ORIENTED_EDGE('',*,*,#1006,.F.);
#1006 = EDGE_CURVE('',#279,#1007,#1009,.T.);
#1007 = VERTEX_POINT('',#1008);
#1008 = CARTESIAN_POINT('',(-4.283274,-26.4,-6.5));
#1009 = LINE('',#1010,#1011);
#1010 = CARTESIAN_POINT('',(-4.283274,-26.4,-6.5));
#1011 = VECTOR('',#1012,1.);
#1012 = DIRECTION('',(0.4472135955,0.,0.894427191));
#1013 = ORIENTED_EDGE('',*,*,#278,.T.);
#1014 = ORIENTED_EDGE('',*,*,#1006,.T.);
#1015 = ORIENTED_EDGE('',*,*,#1016,.F.);
#1016 = EDGE_CURVE('',#1007,#1007,#1017,.T.);
#1017 = CIRCLE('',#1018,1.25);
#1018 = AXIS2_PLACEMENT_3D('',#1019,#1020,#1021);
#1019 = CARTESIAN_POINT('',(-3.033274,-26.4,-6.5));
#1020 = DIRECTION('',(0.,0.,-1.));
#1021 = DIRECTION('',(-1.,-0.,-0.));
#1022 = CONICAL_SURFACE('',#1023,1.25,0.463647609001);
#1023 = AXIS2_PLACEMENT_3D('',#1024,#1025,#1026);
#1024 = CARTESIAN_POINT('',(-3.033274,-26.4,-6.5));
#1025 = DIRECTION('',(0.,0.,-1.));
#1026 = DIRECTION('',(-1.,-0.,-0.));
#1027 = ADVANCED_FACE('',(#1028),#1047,.F.);
#1028 = FACE_BOUND('',#1029,.T.);
#1029 = EDGE_LOOP('',(#1030,#1038,#1045,#1046));
#1030 = ORIENTED_EDGE('',*,*,#1031,.F.);
#1031 = EDGE_CURVE('',#1032,#296,#1034,.T.);
#1032 = VERTEX_POINT('',#1033);
#1033 = CARTESIAN_POINT('',(-81.233274,-16.486726,-1.7));
#1034 = LINE('',#1035,#1036);
#1035 = CARTESIAN_POINT('',(-81.233274,-16.486726,-1.7));
#1036 = VECTOR('',#1037,1.);
#1037 = DIRECTION('',(0.,0.,-1.));
#1038 = ORIENTED_EDGE('',*,*,#1039,.F.);
#1039 = EDGE_CURVE('',#1032,#1032,#1040,.T.);
#1040 = CIRCLE('',#1041,1.25);
#1041 = AXIS2_PLACEMENT_3D('',#1042,#1043,#1044);
#1042 = CARTESIAN_POINT('',(-79.983274,-16.486726,-1.7));
#1043 = DIRECTION('',(0.,0.,-1.));
#1044 = DIRECTION('',(-1.,-0.,-0.));
#1045 = ORIENTED_EDGE('',*,*,#1031,.T.);
#1046 = ORIENTED_EDGE('',*,*,#305,.T.);
#1047 = CYLINDRICAL_SURFACE('',#1048,1.25);
#1048 = AXIS2_PLACEMENT_3D('',#1049,#1050,#1051);
#1049 = CARTESIAN_POINT('',(-79.983274,-16.486726,-1.7));
#1050 = DIRECTION('',(0.,0.,1.));
#1051 = DIRECTION('',(-1.,-0.,-0.));
#1052 = ADVANCED_FACE('',(#1053,#1080),#1320,.T.);
#1053 = FACE_BOUND('',#1054,.F.);
#1054 = EDGE_LOOP('',(#1055,#1056,#1057,#1058,#1059,#1060,#1061,#1062,
    #1063,#1064,#1065,#1066,#1067,#1068,#1069,#1070,#1071,#1072,#1073,
    #1074,#1075,#1076,#1077,#1078,#1079));
#1055 = ORIENTED_EDGE('',*,*,#337,.T.);
#1056 = ORIENTED_EDGE('',*,*,#386,.T.);
#1057 = ORIENTED_EDGE('',*,*,#435,.T.);
#1058 = ORIENTED_EDGE('',*,*,#484,.T.);
#1059 = ORIENTED_EDGE('',*,*,#533,.T.);
#1060 = ORIENTED_EDGE('',*,*,#582,.T.);
#1061 = ORIENTED_EDGE('',*,*,#631,.T.);
#1062 = ORIENTED_EDGE('',*,*,#680,.T.);
#1063 = ORIENTED_EDGE('',*,*,#729,.T.);
#1064 = ORIENTED_EDGE('',*,*,#777,.T.);
#1065 = ORIENTED_EDGE('',*,*,#826,.T.);
#1066 = ORIENTED_EDGE('',*,*,#874,.T.);
#1067 = ORIENTED_EDGE('',*,*,#917,.T.);
#1068 = ORIENTED_EDGE('',*,*,#899,.T.);
#1069 = ORIENTED_EDGE('',*,*,#850,.T.);
#1070 = ORIENTED_EDGE('',*,*,#802,.T.);
#1071 = ORIENTED_EDGE('',*,*,#753,.T.);
#1072 = ORIENTED_EDGE('',*,*,#705,.T.);
#1073 = ORIENTED_EDGE('',*,*,#655,.T.);
#1074 = ORIENTED_EDGE('',*,*,#607,.T.);
#1075 = ORIENTED_EDGE('',*,*,#557,.T.);
#1076 = ORIENTED_EDGE('',*,*,#509,.T.);
#1077 = ORIENTED_EDGE('',*,*,#459,.T.);
#1078 = ORIENTED_EDGE('',*,*,#411,.T.);
#1079 = ORIENTED_EDGE('',*,*,#361,.T.);
#1080 = FACE_BOUND('',#1081,.F.);
#1081 = EDGE_LOOP('',(#1082,#1092,#1101,#1109,#1118,#1126,#1135,#1143,
    #1152,#1160,#1169,#1177,#1186,#1194,#1203,#1211,#1220,#1228,#1237,
    #1245,#1254,#1262,#1271,#1279,#1288,#1296,#1305,#1313));
#1082 = ORIENTED_EDGE('',*,*,#1083,.F.);
#1083 = EDGE_CURVE('',#1084,#1086,#1088,.T.);
#1084 = VERTEX_POINT('',#1085);
#1085 = CARTESIAN_POINT('',(-73.,0.2,0.));
#1086 = VERTEX_POINT('',#1087);
#1087 = CARTESIAN_POINT('',(-1.7,0.2,0.));
#1088 = LINE('',#1089,#1090);
#1089 = CARTESIAN_POINT('',(-73.,0.2,0.));
#1090 = VECTOR('',#1091,1.);
#1091 = DIRECTION('',(1.,0.,0.));
#1092 = ORIENTED_EDGE('',*,*,#1093,.F.);
#1093 = EDGE_CURVE('',#1094,#1084,#1096,.T.);
#1094 = VERTEX_POINT('',#1095);
#1095 = CARTESIAN_POINT('',(-73.16432412194,0.114006942537,0.));
#1096 = CIRCLE('',#1097,0.2);
#1097 = AXIS2_PLACEMENT_3D('',#1098,#1099,#1100);
#1098 = CARTESIAN_POINT('',(-73.,0.,0.));
#1099 = DIRECTION('',(0.,0.,-1.));
#1100 = DIRECTION('',(1.,0.,0.));
#1101 = ORIENTED_EDGE('',*,*,#1102,.F.);
#1102 = EDGE_CURVE('',#1103,#1094,#1105,.T.);
#1103 = VERTEX_POINT('',#1104);
#1104 = CARTESIAN_POINT('',(-83.22432412194,-14.38599305746,0.));
#1105 = LINE('',#1106,#1107);
#1106 = CARTESIAN_POINT('',(-83.22432412194,-14.38599305746,0.));
#1107 = VECTOR('',#1108,1.);
#1108 = DIRECTION('',(0.570034712683,0.821620609732,0.));
#1109 = ORIENTED_EDGE('',*,*,#1110,.F.);
#1110 = EDGE_CURVE('',#1111,#1103,#1113,.T.);
#1111 = VERTEX_POINT('',#1112);
#1112 = CARTESIAN_POINT('',(-83.26,-14.5,0.));
#1113 = CIRCLE('',#1114,0.2);
#1114 = AXIS2_PLACEMENT_3D('',#1115,#1116,#1117);
#1115 = CARTESIAN_POINT('',(-83.06,-14.5,0.));
#1116 = DIRECTION('',(0.,0.,-1.));
#1117 = DIRECTION('',(0.570034712683,0.821620609732,0.));
#1118 = ORIENTED_EDGE('',*,*,#1119,.F.);
#1119 = EDGE_CURVE('',#1120,#1111,#1122,.T.);
#1120 = VERTEX_POINT('',#1121);
#1121 = CARTESIAN_POINT('',(-83.26,-32.9,0.));
#1122 = LINE('',#1123,#1124);
#1123 = CARTESIAN_POINT('',(-83.26,-32.9,0.));
#1124 = VECTOR('',#1125,1.);
#1125 = DIRECTION('',(0.,1.,0.));
#1126 = ORIENTED_EDGE('',*,*,#1127,.F.);
#1127 = EDGE_CURVE('',#1128,#1120,#1130,.T.);
#1128 = VERTEX_POINT('',#1129);
#1129 = CARTESIAN_POINT('',(-83.20355268679,-33.03925740955,0.));
#1130 = CIRCLE('',#1131,0.2);
#1131 = AXIS2_PLACEMENT_3D('',#1132,#1133,#1134);
#1132 = CARTESIAN_POINT('',(-83.06,-32.9,0.));
#1133 = DIRECTION('',(0.,0.,-1.));
#1134 = DIRECTION('',(0.,1.,0.));
#1135 = ORIENTED_EDGE('',*,*,#1136,.F.);
#1136 = EDGE_CURVE('',#1137,#1128,#1139,.T.);
#1137 = VERTEX_POINT('',#1138);
#1138 = CARTESIAN_POINT('',(-77.04355268679,-39.38925740955,0.));
#1139 = LINE('',#1140,#1141);
#1140 = CARTESIAN_POINT('',(-77.04355268679,-39.38925740955,0.));
#1141 = VECTOR('',#1142,1.);
#1142 = DIRECTION('',(-0.69628704775,0.717763433963,0.));
#1143 = ORIENTED_EDGE('',*,*,#1144,.F.);
#1144 = EDGE_CURVE('',#1145,#1137,#1147,.T.);
#1145 = VERTEX_POINT('',#1146);
#1146 = CARTESIAN_POINT('',(-76.9,-39.45,0.));
#1147 = CIRCLE('',#1148,0.2);
#1148 = AXIS2_PLACEMENT_3D('',#1149,#1150,#1151);
#1149 = CARTESIAN_POINT('',(-76.9,-39.25,0.));
#1150 = DIRECTION('',(0.,0.,-1.));
#1151 = DIRECTION('',(-0.69628704775,0.717763433963,0.));
#1152 = ORIENTED_EDGE('',*,*,#1153,.F.);
#1153 = EDGE_CURVE('',#1154,#1145,#1156,.T.);
#1154 = VERTEX_POINT('',#1155);
#1155 = CARTESIAN_POINT('',(-70.7,-39.45,0.));
#1156 = LINE('',#1157,#1158);
#1157 = CARTESIAN_POINT('',(-70.7,-39.45,0.));
#1158 = VECTOR('',#1159,1.);
#1159 = DIRECTION('',(-1.,-0.,-0.));
#1160 = ORIENTED_EDGE('',*,*,#1161,.F.);
#1161 = EDGE_CURVE('',#1162,#1154,#1164,.T.);
#1162 = VERTEX_POINT('',#1163);
#1163 = CARTESIAN_POINT('',(-70.54003071934,-39.3700409482,0.));
#1164 = CIRCLE('',#1165,0.2);
#1165 = AXIS2_PLACEMENT_3D('',#1166,#1167,#1168);
#1166 = CARTESIAN_POINT('',(-70.7,-39.25,0.));
#1167 = DIRECTION('',(0.,0.,-1.));
#1168 = DIRECTION('',(-1.,-0.,-0.));
#1169 = ORIENTED_EDGE('',*,*,#1170,.F.);
#1170 = EDGE_CURVE('',#1171,#1162,#1173,.T.);
#1171 = VERTEX_POINT('',#1172);
#1172 = CARTESIAN_POINT('',(-66.51004471647,-33.99959051794,0.));
#1173 = LINE('',#1174,#1175);
#1174 = CARTESIAN_POINT('',(-66.51004471647,-33.99959051794,0.));
#1175 = VECTOR('',#1176,1.);
#1176 = DIRECTION('',(-0.600204741026,-0.799846403286,-0.));
#1177 = ORIENTED_EDGE('',*,*,#1178,.F.);
#1178 = EDGE_CURVE('',#1179,#1171,#1181,.T.);
#1179 = VERTEX_POINT('',#1180);
#1180 = CARTESIAN_POINT('',(-64.9103519099,-33.2,0.));
#1181 = CIRCLE('',#1182,2.);
#1182 = AXIS2_PLACEMENT_3D('',#1183,#1184,#1185);
#1183 = CARTESIAN_POINT('',(-64.9103519099,-35.2,0.));
#1184 = DIRECTION('',(0.,-0.,1.));
#1185 = DIRECTION('',(1.,1.1E-16,0.));
#1186 = ORIENTED_EDGE('',*,*,#1187,.F.);
#1187 = EDGE_CURVE('',#1188,#1179,#1190,.T.);
#1188 = VERTEX_POINT('',#1189);
#1189 = CARTESIAN_POINT('',(-22.64644394242,-33.2,0.));
#1190 = LINE('',#1191,#1192);
#1191 = CARTESIAN_POINT('',(-22.64644394242,-33.2,0.));
#1192 = VECTOR('',#1193,1.);
#1193 = DIRECTION('',(-1.,-0.,-0.));
#1194 = ORIENTED_EDGE('',*,*,#1195,.F.);
#1195 = EDGE_CURVE('',#1196,#1188,#1198,.T.);
#1196 = VERTEX_POINT('',#1197);
#1197 = CARTESIAN_POINT('',(-21.24863221226,-33.76957266279,0.));
#1198 = CIRCLE('',#1199,2.);
#1199 = AXIS2_PLACEMENT_3D('',#1200,#1201,#1202);
#1200 = CARTESIAN_POINT('',(-22.64644394242,-35.2,0.));
#1201 = DIRECTION('',(-0.,0.,1.));
#1202 = DIRECTION('',(0.715213668601,-0.698905865082,0.));
#1203 = ORIENTED_EDGE('',*,*,#1204,.F.);
#1204 = EDGE_CURVE('',#1205,#1196,#1207,.T.);
#1205 = VERTEX_POINT('',#1206);
#1206 = CARTESIAN_POINT('',(-19.48218826983,-35.49573938178,0.));
#1207 = LINE('',#1208,#1209);
#1208 = CARTESIAN_POINT('',(-19.48218826983,-35.49573938178,0.));
#1209 = VECTOR('',#1210,1.);
#1210 = DIRECTION('',(-0.715213668601,0.698905865082,0.));
#1211 = ORIENTED_EDGE('',*,*,#1212,.F.);
#1212 = EDGE_CURVE('',#1213,#1205,#1215,.T.);
#1213 = VERTEX_POINT('',#1214);
#1214 = CARTESIAN_POINT('',(-18.88,-36.92616671898,0.));
#1215 = CIRCLE('',#1216,2.);
#1216 = AXIS2_PLACEMENT_3D('',#1217,#1218,#1219);
#1217 = CARTESIAN_POINT('',(-20.88,-36.92616671898,0.));
#1218 = DIRECTION('',(-0.,0.,1.));
#1219 = DIRECTION('',(1.1E-16,-1.,0.));
#1220 = ORIENTED_EDGE('',*,*,#1221,.F.);
#1221 = EDGE_CURVE('',#1222,#1213,#1224,.T.);
#1222 = VERTEX_POINT('',#1223);
#1223 = CARTESIAN_POINT('',(-18.88,-46.05,0.));
#1224 = LINE('',#1225,#1226);
#1225 = CARTESIAN_POINT('',(-18.88,-46.05,0.));
#1226 = VECTOR('',#1227,1.);
#1227 = DIRECTION('',(0.,1.,0.));
#1228 = ORIENTED_EDGE('',*,*,#1229,.F.);
#1229 = EDGE_CURVE('',#1230,#1222,#1232,.T.);
#1230 = VERTEX_POINT('',#1231);
#1231 = CARTESIAN_POINT('',(-18.82165106213,-46.19119127662,0.));
#1232 = CIRCLE('',#1233,0.2);
#1233 = AXIS2_PLACEMENT_3D('',#1234,#1235,#1236);
#1234 = CARTESIAN_POINT('',(-18.68,-46.05,0.));
#1235 = DIRECTION('',(0.,0.,-1.));
#1236 = DIRECTION('',(0.,1.,0.));
#1237 = ORIENTED_EDGE('',*,*,#1238,.F.);
#1238 = EDGE_CURVE('',#1239,#1230,#1241,.T.);
#1239 = VERTEX_POINT('',#1240);
#1240 = CARTESIAN_POINT('',(-12.64165106213,-52.39131627662,0.));
#1241 = LINE('',#1242,#1243);
#1242 = CARTESIAN_POINT('',(-12.64165106213,-52.39131627662,0.));
#1243 = VECTOR('',#1244,1.);
#1244 = DIRECTION('',(-0.705956383138,0.70825531068,0.));
#1245 = ORIENTED_EDGE('',*,*,#1246,.F.);
#1246 = EDGE_CURVE('',#1247,#1239,#1249,.T.);
#1247 = VERTEX_POINT('',#1248);
#1248 = CARTESIAN_POINT('',(-12.49999606299,-52.45012499996,0.));
#1249 = CIRCLE('',#1250,0.2);
#1250 = AXIS2_PLACEMENT_3D('',#1251,#1252,#1253);
#1251 = CARTESIAN_POINT('',(-12.5,-52.250125,0.));
#1252 = DIRECTION('',(0.,0.,-1.));
#1253 = DIRECTION('',(-0.705956383138,0.70825531068,0.));
#1254 = ORIENTED_EDGE('',*,*,#1255,.F.);
#1255 = EDGE_CURVE('',#1256,#1247,#1258,.T.);
#1256 = VERTEX_POINT('',#1257);
#1257 = CARTESIAN_POINT('',(-6.149996062992,-52.44999999996,0.));
#1258 = LINE('',#1259,#1260);
#1259 = CARTESIAN_POINT('',(-6.149996062992,-52.44999999996,0.));
#1260 = VECTOR('',#1261,1.);
#1261 = DIRECTION('',(-0.999999999806,-1.96850393658E-05,-0.));
#1262 = ORIENTED_EDGE('',*,*,#1263,.F.);
#1263 = EDGE_CURVE('',#1264,#1256,#1266,.T.);
#1264 = VERTEX_POINT('',#1265);
#1265 = CARTESIAN_POINT('',(-6.008007251363,-52.39084764582,0.));
#1266 = CIRCLE('',#1267,0.2);
#1267 = AXIS2_PLACEMENT_3D('',#1268,#1269,#1270);
#1268 = CARTESIAN_POINT('',(-6.15,-52.25,0.));
#1269 = DIRECTION('',(0.,0.,-1.));
#1270 = DIRECTION('',(-0.999999999806,-1.96850393658E-05,-0.));
#1271 = ORIENTED_EDGE('',*,*,#1272,.F.);
#1272 = EDGE_CURVE('',#1273,#1264,#1275,.T.);
#1273 = VERTEX_POINT('',#1274);
#1274 = CARTESIAN_POINT('',(0.141992748637,-46.19084764582,0.));
#1275 = LINE('',#1276,#1277);
#1276 = CARTESIAN_POINT('',(0.141992748637,-46.19084764582,0.));
#1277 = VECTOR('',#1278,1.);
#1278 = DIRECTION('',(-0.704238229127,-0.709963743185,-0.));
#1279 = ORIENTED_EDGE('',*,*,#1280,.F.);
#1280 = EDGE_CURVE('',#1281,#1273,#1283,.T.);
#1281 = VERTEX_POINT('',#1282);
#1282 = CARTESIAN_POINT('',(0.2,-46.05,0.));
#1283 = CIRCLE('',#1284,0.2);
#1284 = AXIS2_PLACEMENT_3D('',#1285,#1286,#1287);
#1285 = CARTESIAN_POINT('',(0.,-46.05,0.));
#1286 = DIRECTION('',(0.,0.,-1.));
#1287 = DIRECTION('',(-0.704238229127,-0.709963743185,-0.));
#1288 = ORIENTED_EDGE('',*,*,#1289,.F.);
#1289 = EDGE_CURVE('',#1290,#1281,#1292,.T.);
#1290 = VERTEX_POINT('',#1291);
#1291 = CARTESIAN_POINT('',(0.2,-1.95,0.));
#1292 = LINE('',#1293,#1294);
#1293 = CARTESIAN_POINT('',(0.2,-1.95,0.));
#1294 = VECTOR('',#1295,1.);
#1295 = DIRECTION('',(-0.,-1.,-0.));
#1296 = ORIENTED_EDGE('',*,*,#1297,.F.);
#1297 = EDGE_CURVE('',#1298,#1290,#1300,.T.);
#1298 = VERTEX_POINT('',#1299);
#1299 = CARTESIAN_POINT('',(0.150754545982,-1.818572959914,0.));
#1300 = CIRCLE('',#1301,0.2);
#1301 = AXIS2_PLACEMENT_3D('',#1302,#1303,#1304);
#1302 = CARTESIAN_POINT('',(0.,-1.95,0.));
#1303 = DIRECTION('',(0.,0.,-1.));
#1304 = DIRECTION('',(-0.,-1.,-0.));
#1305 = ORIENTED_EDGE('',*,*,#1306,.F.);
#1306 = EDGE_CURVE('',#1307,#1298,#1309,.T.);
#1307 = VERTEX_POINT('',#1308);
#1308 = CARTESIAN_POINT('',(-1.549245454018,0.131427040086,0.));
#1309 = LINE('',#1310,#1311);
#1310 = CARTESIAN_POINT('',(-1.549245454018,0.131427040086,0.));
#1311 = VECTOR('',#1312,1.);
#1312 = DIRECTION('',(0.657135200432,-0.753772729908,0.));
#1313 = ORIENTED_EDGE('',*,*,#1314,.F.);
#1314 = EDGE_CURVE('',#1086,#1307,#1315,.T.);
#1315 = CIRCLE('',#1316,0.2);
#1316 = AXIS2_PLACEMENT_3D('',#1317,#1318,#1319);
#1317 = CARTESIAN_POINT('',(-1.7,0.,0.));
#1318 = DIRECTION('',(0.,0.,-1.));
#1319 = DIRECTION('',(0.657135200432,-0.753772729908,0.));
#1320 = PLANE('',#1321);
#1321 = AXIS2_PLACEMENT_3D('',#1322,#1323,#1324);
#1322 = CARTESIAN_POINT('',(-37.54903074832,-22.17427246828,0.));
#1323 = DIRECTION('',(0.,0.,1.));
#1324 = DIRECTION('',(1.,0.,0.));
#1325 = ADVANCED_FACE('',(#1326,#1337),#1340,.T.);
#1326 = FACE_BOUND('',#1327,.F.);
#1327 = EDGE_LOOP('',(#1328));
#1328 = ORIENTED_EDGE('',*,*,#1329,.T.);
#1329 = EDGE_CURVE('',#1330,#1330,#1332,.T.);
#1330 = VERTEX_POINT('',#1331);
#1331 = CARTESIAN_POINT('',(-73.076393,-13.743442,-1.7));
#1332 = CIRCLE('',#1333,6.5);
#1333 = AXIS2_PLACEMENT_3D('',#1334,#1335,#1336);
#1334 = CARTESIAN_POINT('',(-66.576393,-13.743442,-1.7));
#1335 = DIRECTION('',(0.,0.,-1.));
#1336 = DIRECTION('',(-1.,-0.,-0.));
#1337 = FACE_BOUND('',#1338,.F.);
#1338 = EDGE_LOOP('',(#1339));
#1339 = ORIENTED_EDGE('',*,*,#931,.F.);
#1340 = PLANE('',#1341);
#1341 = AXIS2_PLACEMENT_3D('',#1342,#1343,#1344);
#1342 = CARTESIAN_POINT('',(-39.04573508216,-22.60584983461,-1.7));
#1343 = DIRECTION('',(0.,0.,1.));
#1344 = DIRECTION('',(1.,0.,0.));
#1345 = ADVANCED_FACE('',(#1346),#1365,.F.);
#1346 = FACE_BOUND('',#1347,.T.);
#1347 = EDGE_LOOP('',(#1348,#1356,#1363,#1364));
#1348 = ORIENTED_EDGE('',*,*,#1349,.F.);
#1349 = EDGE_CURVE('',#1350,#957,#1352,.T.);
#1350 = VERTEX_POINT('',#1351);
#1351 = CARTESIAN_POINT('',(-60.883274,-3.05,-1.7));
#1352 = LINE('',#1353,#1354);
#1353 = CARTESIAN_POINT('',(-60.883274,-3.05,-1.7));
#1354 = VECTOR('',#1355,1.);
#1355 = DIRECTION('',(0.,0.,-1.));
#1356 = ORIENTED_EDGE('',*,*,#1357,.F.);
#1357 = EDGE_CURVE('',#1350,#1350,#1358,.T.);
#1358 = CIRCLE('',#1359,1.25);
#1359 = AXIS2_PLACEMENT_3D('',#1360,#1361,#1362);
#1360 = CARTESIAN_POINT('',(-59.633274,-3.05,-1.7));
#1361 = DIRECTION('',(0.,0.,-1.));
#1362 = DIRECTION('',(-1.,-0.,-0.));
#1363 = ORIENTED_EDGE('',*,*,#1349,.T.);
#1364 = ORIENTED_EDGE('',*,*,#966,.T.);
#1365 = CYLINDRICAL_SURFACE('',#1366,1.25);
#1366 = AXIS2_PLACEMENT_3D('',#1367,#1368,#1369);
#1367 = CARTESIAN_POINT('',(-59.633274,-3.05,-1.7));
#1368 = DIRECTION('',(0.,0.,1.));
#1369 = DIRECTION('',(-1.,-0.,-0.));
#1370 = ADVANCED_FACE('',(#1371),#1390,.F.);
#1371 = FACE_BOUND('',#1372,.T.);
#1372 = EDGE_LOOP('',(#1373,#1381,#1388,#1389));
#1373 = ORIENTED_EDGE('',*,*,#1374,.F.);
#1374 = EDGE_CURVE('',#1375,#982,#1377,.T.);
#1375 = VERTEX_POINT('',#1376);
#1376 = CARTESIAN_POINT('',(-24.7,-29.9,-1.7));
#1377 = LINE('',#1378,#1379);
#1378 = CARTESIAN_POINT('',(-24.7,-29.9,-1.7));
#1379 = VECTOR('',#1380,1.);
#1380 = DIRECTION('',(0.,0.,-1.));
#1381 = ORIENTED_EDGE('',*,*,#1382,.F.);
#1382 = EDGE_CURVE('',#1375,#1375,#1383,.T.);
#1383 = CIRCLE('',#1384,1.25);
#1384 = AXIS2_PLACEMENT_3D('',#1385,#1386,#1387);
#1385 = CARTESIAN_POINT('',(-23.45,-29.9,-1.7));
#1386 = DIRECTION('',(0.,0.,-1.));
#1387 = DIRECTION('',(-1.,-0.,-0.));
#1388 = ORIENTED_EDGE('',*,*,#1374,.T.);
#1389 = ORIENTED_EDGE('',*,*,#991,.T.);
#1390 = CYLINDRICAL_SURFACE('',#1391,1.25);
#1391 = AXIS2_PLACEMENT_3D('',#1392,#1393,#1394);
#1392 = CARTESIAN_POINT('',(-23.45,-29.9,-1.7));
#1393 = DIRECTION('',(0.,0.,1.));
#1394 = DIRECTION('',(-1.,-0.,-0.));
#1395 = ADVANCED_FACE('',(#1396),#1415,.F.);
#1396 = FACE_BOUND('',#1397,.T.);
#1397 = EDGE_LOOP('',(#1398,#1406,#1413,#1414));
#1398 = ORIENTED_EDGE('',*,*,#1399,.F.);
#1399 = EDGE_CURVE('',#1400,#1007,#1402,.T.);
#1400 = VERTEX_POINT('',#1401);
#1401 = CARTESIAN_POINT('',(-4.283274,-26.4,-1.7));
#1402 = LINE('',#1403,#1404);
#1403 = CARTESIAN_POINT('',(-4.283274,-26.4,-1.7));
#1404 = VECTOR('',#1405,1.);
#1405 = DIRECTION('',(0.,0.,-1.));
#1406 = ORIENTED_EDGE('',*,*,#1407,.F.);
#1407 = EDGE_CURVE('',#1400,#1400,#1408,.T.);
#1408 = CIRCLE('',#1409,1.25);
#1409 = AXIS2_PLACEMENT_3D('',#1410,#1411,#1412);
#1410 = CARTESIAN_POINT('',(-3.033274,-26.4,-1.7));
#1411 = DIRECTION('',(0.,0.,-1.));
#1412 = DIRECTION('',(-1.,-0.,-0.));
#1413 = ORIENTED_EDGE('',*,*,#1399,.T.);
#1414 = ORIENTED_EDGE('',*,*,#1016,.T.);
#1415 = CYLINDRICAL_SURFACE('',#1416,1.25);
#1416 = AXIS2_PLACEMENT_3D('',#1417,#1418,#1419);
#1417 = CARTESIAN_POINT('',(-3.033274,-26.4,-1.7));
#1418 = DIRECTION('',(0.,0.,1.));
#1419 = DIRECTION('',(-1.,-0.,-0.));
#1420 = ADVANCED_FACE('',(#1421,#1432),#1435,.T.);
#1421 = FACE_BOUND('',#1422,.F.);
#1422 = EDGE_LOOP('',(#1423));
#1423 = ORIENTED_EDGE('',*,*,#1424,.T.);
#1424 = EDGE_CURVE('',#1425,#1425,#1427,.T.);
#1425 = VERTEX_POINT('',#1426);
#1426 = CARTESIAN_POINT('',(-82.983274,-16.486726,-1.7));
#1427 = CIRCLE('',#1428,3.);
#1428 = AXIS2_PLACEMENT_3D('',#1429,#1430,#1431);
#1429 = CARTESIAN_POINT('',(-79.983274,-16.486726,-1.7));
#1430 = DIRECTION('',(0.,0.,-1.));
#1431 = DIRECTION('',(-1.,-0.,-0.));
#1432 = FACE_BOUND('',#1433,.F.);
#1433 = EDGE_LOOP('',(#1434));
#1434 = ORIENTED_EDGE('',*,*,#1039,.F.);
#1435 = PLANE('',#1436);
#1436 = AXIS2_PLACEMENT_3D('',#1437,#1438,#1439);
#1437 = CARTESIAN_POINT('',(-39.04573508216,-22.60584983461,-1.7));
#1438 = DIRECTION('',(0.,0.,1.));
#1439 = DIRECTION('',(1.,0.,0.));
#1440 = ADVANCED_FACE('',(#1441),#1482,.F.);
#1441 = FACE_BOUND('',#1442,.T.);
#1442 = EDGE_LOOP('',(#1443,#1451,#1452,#1460,#1468,#1476));
#1443 = ORIENTED_EDGE('',*,*,#1444,.F.);
#1444 = EDGE_CURVE('',#1086,#1445,#1447,.T.);
#1445 = VERTEX_POINT('',#1446);
#1446 = CARTESIAN_POINT('',(-1.7,0.2,-1.7));
#1447 = LINE('',#1448,#1449);
#1448 = CARTESIAN_POINT('',(-1.7,0.2,0.));
#1449 = VECTOR('',#1450,1.);
#1450 = DIRECTION('',(0.,0.,-1.));
#1451 = ORIENTED_EDGE('',*,*,#1083,.F.);
#1452 = ORIENTED_EDGE('',*,*,#1453,.T.);
#1453 = EDGE_CURVE('',#1084,#1454,#1456,.T.);
#1454 = VERTEX_POINT('',#1455);
#1455 = CARTESIAN_POINT('',(-73.,0.2,-6.));
#1456 = LINE('',#1457,#1458);
#1457 = CARTESIAN_POINT('',(-73.,0.2,0.));
#1458 = VECTOR('',#1459,1.);
#1459 = DIRECTION('',(-0.,-0.,-1.));
#1460 = ORIENTED_EDGE('',*,*,#1461,.F.);
#1461 = EDGE_CURVE('',#1462,#1454,#1464,.T.);
#1462 = VERTEX_POINT('',#1463);
#1463 = CARTESIAN_POINT('',(-20.837858,0.2,-6.));
#1464 = LINE('',#1465,#1466);
#1465 = CARTESIAN_POINT('',(-55.27451537416,0.2,-6.));
#1466 = VECTOR('',#1467,1.);
#1467 = DIRECTION('',(-1.,-0.,-0.));
#1468 = ORIENTED_EDGE('',*,*,#1469,.T.);
#1469 = EDGE_CURVE('',#1462,#1470,#1472,.T.);
#1470 = VERTEX_POINT('',#1471);
#1471 = CARTESIAN_POINT('',(-20.837858,0.2,-1.7));
#1472 = LINE('',#1473,#1474);
#1473 = CARTESIAN_POINT('',(-20.837858,0.2,-3.));
#1474 = VECTOR('',#1475,1.);
#1475 = DIRECTION('',(0.,0.,1.));
#1476 = ORIENTED_EDGE('',*,*,#1477,.F.);
#1477 = EDGE_CURVE('',#1445,#1470,#1478,.T.);
#1478 = LINE('',#1479,#1480);
#1479 = CARTESIAN_POINT('',(-56.02286754108,0.2,-1.7));
#1480 = VECTOR('',#1481,1.);
#1481 = DIRECTION('',(-1.,-0.,-0.));
#1482 = PLANE('',#1483);
#1483 = AXIS2_PLACEMENT_3D('',#1484,#1485,#1486);
#1484 = CARTESIAN_POINT('',(-73.,0.2,0.));
#1485 = DIRECTION('',(0.,1.,0.));
#1486 = DIRECTION('',(-1.,0.,0.));
#1487 = ADVANCED_FACE('',(#1488),#1507,.F.);
#1488 = FACE_BOUND('',#1489,.T.);
#1489 = EDGE_LOOP('',(#1490,#1491,#1492,#1500));
#1490 = ORIENTED_EDGE('',*,*,#1453,.F.);
#1491 = ORIENTED_EDGE('',*,*,#1093,.F.);
#1492 = ORIENTED_EDGE('',*,*,#1493,.T.);
#1493 = EDGE_CURVE('',#1094,#1494,#1496,.T.);
#1494 = VERTEX_POINT('',#1495);
#1495 = CARTESIAN_POINT('',(-73.16432412194,0.114006942537,-6.));
#1496 = LINE('',#1497,#1498);
#1497 = CARTESIAN_POINT('',(-73.16432412194,0.114006942537,0.));
#1498 = VECTOR('',#1499,1.);
#1499 = DIRECTION('',(-0.,-0.,-1.));
#1500 = ORIENTED_EDGE('',*,*,#1501,.T.);
#1501 = EDGE_CURVE('',#1494,#1454,#1502,.T.);
#1502 = CIRCLE('',#1503,0.2);
#1503 = AXIS2_PLACEMENT_3D('',#1504,#1505,#1506);
#1504 = CARTESIAN_POINT('',(-73.,0.,-6.));
#1505 = DIRECTION('',(0.,0.,-1.));
#1506 = DIRECTION('',(1.,0.,0.));
#1507 = CYLINDRICAL_SURFACE('',#1508,0.2);
#1508 = AXIS2_PLACEMENT_3D('',#1509,#1510,#1511);
#1509 = CARTESIAN_POINT('',(-73.,0.,0.));
#1510 = DIRECTION('',(0.,0.,1.));
#1511 = DIRECTION('',(1.,0.,0.));
#1512 = ADVANCED_FACE('',(#1513),#1531,.F.);
#1513 = FACE_BOUND('',#1514,.T.);
#1514 = EDGE_LOOP('',(#1515,#1523,#1529,#1530));
#1515 = ORIENTED_EDGE('',*,*,#1516,.T.);
#1516 = EDGE_CURVE('',#1103,#1517,#1519,.T.);
#1517 = VERTEX_POINT('',#1518);
#1518 = CARTESIAN_POINT('',(-83.22432412194,-14.38599305746,-6.));
#1519 = LINE('',#1520,#1521);
#1520 = CARTESIAN_POINT('',(-83.22432412194,-14.38599305746,0.));
#1521 = VECTOR('',#1522,1.);
#1522 = DIRECTION('',(-0.,-0.,-1.));
#1523 = ORIENTED_EDGE('',*,*,#1524,.F.);
#1524 = EDGE_CURVE('',#1494,#1517,#1525,.T.);
#1525 = LINE('',#1526,#1527);
#1526 = CARTESIAN_POINT('',(-77.62729810778,-6.318709041026,-6.));
#1527 = VECTOR('',#1528,1.);
#1528 = DIRECTION('',(-0.570034712683,-0.821620609732,-0.));
#1529 = ORIENTED_EDGE('',*,*,#1493,.F.);
#1530 = ORIENTED_EDGE('',*,*,#1102,.F.);
#1531 = PLANE('',#1532);
#1532 = AXIS2_PLACEMENT_3D('',#1533,#1534,#1535);
#1533 = CARTESIAN_POINT('',(-83.22432412194,-14.38599305746,0.));
#1534 = DIRECTION('',(-0.821620609732,0.570034712683,0.));
#1535 = DIRECTION('',(-0.570034712683,-0.821620609732,0.));
#1536 = ADVANCED_FACE('',(#1537),#1556,.F.);
#1537 = FACE_BOUND('',#1538,.T.);
#1538 = EDGE_LOOP('',(#1539,#1540,#1548,#1555));
#1539 = ORIENTED_EDGE('',*,*,#1110,.F.);
#1540 = ORIENTED_EDGE('',*,*,#1541,.T.);
#1541 = EDGE_CURVE('',#1111,#1542,#1544,.T.);
#1542 = VERTEX_POINT('',#1543);
#1543 = CARTESIAN_POINT('',(-83.26,-14.5,-6.));
#1544 = LINE('',#1545,#1546);
#1545 = CARTESIAN_POINT('',(-83.26,-14.5,0.));
#1546 = VECTOR('',#1547,1.);
#1547 = DIRECTION('',(-0.,-0.,-1.));
#1548 = ORIENTED_EDGE('',*,*,#1549,.T.);
#1549 = EDGE_CURVE('',#1542,#1517,#1550,.T.);
#1550 = CIRCLE('',#1551,0.2);
#1551 = AXIS2_PLACEMENT_3D('',#1552,#1553,#1554);
#1552 = CARTESIAN_POINT('',(-83.06,-14.5,-6.));
#1553 = DIRECTION('',(0.,0.,-1.));
#1554 = DIRECTION('',(0.570034712683,0.821620609732,0.));
#1555 = ORIENTED_EDGE('',*,*,#1516,.F.);
#1556 = CYLINDRICAL_SURFACE('',#1557,0.2);
#1557 = AXIS2_PLACEMENT_3D('',#1558,#1559,#1560);
#1558 = CARTESIAN_POINT('',(-83.06,-14.5,0.));
#1559 = DIRECTION('',(0.,0.,1.));
#1560 = DIRECTION('',(0.570034712683,0.821620609732,0.));
#1561 = ADVANCED_FACE('',(#1562),#1580,.F.);
#1562 = FACE_BOUND('',#1563,.T.);
#1563 = EDGE_LOOP('',(#1564,#1565,#1566,#1574));
#1564 = ORIENTED_EDGE('',*,*,#1541,.F.);
#1565 = ORIENTED_EDGE('',*,*,#1119,.F.);
#1566 = ORIENTED_EDGE('',*,*,#1567,.T.);
#1567 = EDGE_CURVE('',#1120,#1568,#1570,.T.);
#1568 = VERTEX_POINT('',#1569);
#1569 = CARTESIAN_POINT('',(-83.26,-32.9,-6.));
#1570 = LINE('',#1571,#1572);
#1571 = CARTESIAN_POINT('',(-83.26,-32.9,0.));
#1572 = VECTOR('',#1573,1.);
#1573 = DIRECTION('',(-0.,-0.,-1.));
#1574 = ORIENTED_EDGE('',*,*,#1575,.F.);
#1575 = EDGE_CURVE('',#1542,#1568,#1576,.T.);
#1576 = LINE('',#1577,#1578);
#1577 = CARTESIAN_POINT('',(-83.26,-27.53713623414,-6.));
#1578 = VECTOR('',#1579,1.);
#1579 = DIRECTION('',(-0.,-1.,-0.));
#1580 = PLANE('',#1581);
#1581 = AXIS2_PLACEMENT_3D('',#1582,#1583,#1584);
#1582 = CARTESIAN_POINT('',(-83.26,-32.9,0.));
#1583 = DIRECTION('',(-1.,-0.,-0.));
#1584 = DIRECTION('',(0.,-1.,0.));
#1585 = ADVANCED_FACE('',(#1586),#1605,.F.);
#1586 = FACE_BOUND('',#1587,.T.);
#1587 = EDGE_LOOP('',(#1588,#1589,#1590,#1598));
#1588 = ORIENTED_EDGE('',*,*,#1567,.F.);
#1589 = ORIENTED_EDGE('',*,*,#1127,.F.);
#1590 = ORIENTED_EDGE('',*,*,#1591,.T.);
#1591 = EDGE_CURVE('',#1128,#1592,#1594,.T.);
#1592 = VERTEX_POINT('',#1593);
#1593 = CARTESIAN_POINT('',(-83.20355268679,-33.03925740955,-6.));
#1594 = LINE('',#1595,#1596);
#1595 = CARTESIAN_POINT('',(-83.20355268679,-33.03925740955,0.));
#1596 = VECTOR('',#1597,1.);
#1597 = DIRECTION('',(-0.,-0.,-1.));
#1598 = ORIENTED_EDGE('',*,*,#1599,.T.);
#1599 = EDGE_CURVE('',#1592,#1568,#1600,.T.);
#1600 = CIRCLE('',#1601,0.2);
#1601 = AXIS2_PLACEMENT_3D('',#1602,#1603,#1604);
#1602 = CARTESIAN_POINT('',(-83.06,-32.9,-6.));
#1603 = DIRECTION('',(0.,0.,-1.));
#1604 = DIRECTION('',(0.,1.,0.));
#1605 = CYLINDRICAL_SURFACE('',#1606,0.2);
#1606 = AXIS2_PLACEMENT_3D('',#1607,#1608,#1609);
#1607 = CARTESIAN_POINT('',(-83.06,-32.9,0.));
#1608 = DIRECTION('',(0.,0.,1.));
#1609 = DIRECTION('',(0.,1.,0.));
#1610 = ADVANCED_FACE('',(#1611),#1661,.F.);
#1611 = FACE_BOUND('',#1612,.T.);
#1612 = EDGE_LOOP('',(#1613,#1621,#1622,#1623,#1631,#1639,#1647,#1655));
#1613 = ORIENTED_EDGE('',*,*,#1614,.F.);
#1614 = EDGE_CURVE('',#1592,#1615,#1617,.T.);
#1615 = VERTEX_POINT('',#1616);
#1616 = CARTESIAN_POINT('',(-83.05360417946,-33.193830952,-6.));
#1617 = LINE('',#1618,#1619);
#1618 = CARTESIAN_POINT('',(-71.77153266391,-44.82388843963,-6.));
#1619 = VECTOR('',#1620,1.);
#1620 = DIRECTION('',(0.69628704775,-0.717763433963,0.));
#1621 = ORIENTED_EDGE('',*,*,#1591,.F.);
#1622 = ORIENTED_EDGE('',*,*,#1136,.F.);
#1623 = ORIENTED_EDGE('',*,*,#1624,.T.);
#1624 = EDGE_CURVE('',#1137,#1625,#1627,.T.);
#1625 = VERTEX_POINT('',#1626);
#1626 = CARTESIAN_POINT('',(-77.04355268679,-39.38925740955,-6.));
#1627 = LINE('',#1628,#1629);
#1628 = CARTESIAN_POINT('',(-77.04355268679,-39.38925740955,0.));
#1629 = VECTOR('',#1630,1.);
#1630 = DIRECTION('',(-0.,-0.,-1.));
#1631 = ORIENTED_EDGE('',*,*,#1632,.F.);
#1632 = EDGE_CURVE('',#1633,#1625,#1635,.T.);
#1633 = VERTEX_POINT('',#1634);
#1634 = CARTESIAN_POINT('',(-77.18710537358,-39.24127696131,-6.));
#1635 = LINE('',#1636,#1637);
#1636 = CARTESIAN_POINT('',(-71.77153266391,-44.82388843963,-6.));
#1637 = VECTOR('',#1638,1.);
#1638 = DIRECTION('',(0.69628704775,-0.717763433963,0.));
#1639 = ORIENTED_EDGE('',*,*,#1640,.T.);
#1640 = EDGE_CURVE('',#1633,#1641,#1643,.T.);
#1641 = VERTEX_POINT('',#1642);
#1642 = CARTESIAN_POINT('',(-77.18710537358,-39.24127696131,-1.7));
#1643 = LINE('',#1644,#1645);
#1644 = CARTESIAN_POINT('',(-77.18710537358,-39.24127696131,-3.));
#1645 = VECTOR('',#1646,1.);
#1646 = DIRECTION('',(0.,0.,1.));
#1647 = ORIENTED_EDGE('',*,*,#1648,.F.);
#1648 = EDGE_CURVE('',#1649,#1641,#1651,.T.);
#1649 = VERTEX_POINT('',#1650);
#1650 = CARTESIAN_POINT('',(-83.05360417946,-33.193830952,-1.7));
#1651 = LINE('',#1652,#1653);
#1652 = CARTESIAN_POINT('',(-72.02650093137,-44.56105589119,-1.7));
#1653 = VECTOR('',#1654,1.);
#1654 = DIRECTION('',(0.69628704775,-0.717763433963,0.));
#1655 = ORIENTED_EDGE('',*,*,#1656,.T.);
#1656 = EDGE_CURVE('',#1649,#1615,#1657,.T.);
#1657 = LINE('',#1658,#1659);
#1658 = CARTESIAN_POINT('',(-83.05360417946,-33.193830952,-3.));
#1659 = VECTOR('',#1660,1.);
#1660 = DIRECTION('',(-0.,-0.,-1.));
#1661 = PLANE('',#1662);
#1662 = AXIS2_PLACEMENT_3D('',#1663,#1664,#1665);
#1663 = CARTESIAN_POINT('',(-77.04355268679,-39.38925740955,0.));
#1664 = DIRECTION('',(-0.717763433963,-0.69628704775,-0.));
#1665 = DIRECTION('',(0.69628704775,-0.717763433963,0.));
#1666 = ADVANCED_FACE('',(#1667),#1686,.F.);
#1667 = FACE_BOUND('',#1668,.T.);
#1668 = EDGE_LOOP('',(#1669,#1670,#1671,#1679));
#1669 = ORIENTED_EDGE('',*,*,#1624,.F.);
#1670 = ORIENTED_EDGE('',*,*,#1144,.F.);
#1671 = ORIENTED_EDGE('',*,*,#1672,.T.);
#1672 = EDGE_CURVE('',#1145,#1673,#1675,.T.);
#1673 = VERTEX_POINT('',#1674);
#1674 = CARTESIAN_POINT('',(-76.9,-39.45,-6.));
#1675 = LINE('',#1676,#1677);
#1676 = CARTESIAN_POINT('',(-76.9,-39.45,0.));
#1677 = VECTOR('',#1678,1.);
#1678 = DIRECTION('',(-0.,-0.,-1.));
#1679 = ORIENTED_EDGE('',*,*,#1680,.T.);
#1680 = EDGE_CURVE('',#1673,#1625,#1681,.T.);
#1681 = CIRCLE('',#1682,0.2);
#1682 = AXIS2_PLACEMENT_3D('',#1683,#1684,#1685);
#1683 = CARTESIAN_POINT('',(-76.9,-39.25,-6.));
#1684 = DIRECTION('',(0.,0.,-1.));
#1685 = DIRECTION('',(-0.69628704775,0.717763433963,0.));
#1686 = CYLINDRICAL_SURFACE('',#1687,0.2);
#1687 = AXIS2_PLACEMENT_3D('',#1688,#1689,#1690);
#1688 = CARTESIAN_POINT('',(-76.9,-39.25,0.));
#1689 = DIRECTION('',(0.,0.,1.));
#1690 = DIRECTION('',(-0.69628704775,0.717763433963,0.));
#1691 = ADVANCED_FACE('',(#1692),#1710,.F.);
#1692 = FACE_BOUND('',#1693,.T.);
#1693 = EDGE_LOOP('',(#1694,#1695,#1696,#1704));
#1694 = ORIENTED_EDGE('',*,*,#1672,.F.);
#1695 = ORIENTED_EDGE('',*,*,#1153,.F.);
#1696 = ORIENTED_EDGE('',*,*,#1697,.T.);
#1697 = EDGE_CURVE('',#1154,#1698,#1700,.T.);
#1698 = VERTEX_POINT('',#1699);
#1699 = CARTESIAN_POINT('',(-70.7,-39.45,-6.));
#1700 = LINE('',#1701,#1702);
#1701 = CARTESIAN_POINT('',(-70.7,-39.45,0.));
#1702 = VECTOR('',#1703,1.);
#1703 = DIRECTION('',(0.,0.,-1.));
#1704 = ORIENTED_EDGE('',*,*,#1705,.F.);
#1705 = EDGE_CURVE('',#1673,#1698,#1706,.T.);
#1706 = LINE('',#1707,#1708);
#1707 = CARTESIAN_POINT('',(-54.12451537416,-39.45,-6.));
#1708 = VECTOR('',#1709,1.);
#1709 = DIRECTION('',(1.,0.,0.));
#1710 = PLANE('',#1711);
#1711 = AXIS2_PLACEMENT_3D('',#1712,#1713,#1714);
#1712 = CARTESIAN_POINT('',(-70.7,-39.45,0.));
#1713 = DIRECTION('',(-0.,-1.,-0.));
#1714 = DIRECTION('',(1.,0.,0.));
#1715 = ADVANCED_FACE('',(#1716),#1735,.F.);
#1716 = FACE_BOUND('',#1717,.T.);
#1717 = EDGE_LOOP('',(#1718,#1719,#1720,#1728));
#1718 = ORIENTED_EDGE('',*,*,#1697,.F.);
#1719 = ORIENTED_EDGE('',*,*,#1161,.F.);
#1720 = ORIENTED_EDGE('',*,*,#1721,.T.);
#1721 = EDGE_CURVE('',#1162,#1722,#1724,.T.);
#1722 = VERTEX_POINT('',#1723);
#1723 = CARTESIAN_POINT('',(-70.54003071934,-39.3700409482,-6.));
#1724 = LINE('',#1725,#1726);
#1725 = CARTESIAN_POINT('',(-70.54003071934,-39.3700409482,0.));
#1726 = VECTOR('',#1727,1.);
#1727 = DIRECTION('',(0.,0.,-1.));
#1728 = ORIENTED_EDGE('',*,*,#1729,.T.);
#1729 = EDGE_CURVE('',#1722,#1698,#1730,.T.);
#1730 = CIRCLE('',#1731,0.2);
#1731 = AXIS2_PLACEMENT_3D('',#1732,#1733,#1734);
#1732 = CARTESIAN_POINT('',(-70.7,-39.25,-6.));
#1733 = DIRECTION('',(0.,0.,-1.));
#1734 = DIRECTION('',(-1.,-0.,-0.));
#1735 = CYLINDRICAL_SURFACE('',#1736,0.2);
#1736 = AXIS2_PLACEMENT_3D('',#1737,#1738,#1739);
#1737 = CARTESIAN_POINT('',(-70.7,-39.25,0.));
#1738 = DIRECTION('',(0.,0.,1.));
#1739 = DIRECTION('',(-1.,-0.,-0.));
#1740 = ADVANCED_FACE('',(#1741),#1775,.F.);
#1741 = FACE_BOUND('',#1742,.T.);
#1742 = EDGE_LOOP('',(#1743,#1751,#1752,#1753,#1761,#1769));
#1743 = ORIENTED_EDGE('',*,*,#1744,.F.);
#1744 = EDGE_CURVE('',#1722,#1745,#1747,.T.);
#1745 = VERTEX_POINT('',#1746);
#1746 = CARTESIAN_POINT('',(-70.38006143868,-39.15686226929,-6.));
#1747 = LINE('',#1748,#1749);
#1748 = CARTESIAN_POINT('',(-58.45500419249,-23.26526146146,-6.));
#1749 = VECTOR('',#1750,1.);
#1750 = DIRECTION('',(0.600204741026,0.799846403286,0.));
#1751 = ORIENTED_EDGE('',*,*,#1721,.F.);
#1752 = ORIENTED_EDGE('',*,*,#1170,.F.);
#1753 = ORIENTED_EDGE('',*,*,#1754,.T.);
#1754 = EDGE_CURVE('',#1171,#1755,#1757,.T.);
#1755 = VERTEX_POINT('',#1756);
#1756 = CARTESIAN_POINT('',(-66.51004471647,-33.99959051794,-1.7));
#1757 = LINE('',#1758,#1759);
#1758 = CARTESIAN_POINT('',(-66.51004471647,-33.99959051794,0.));
#1759 = VECTOR('',#1760,1.);
#1760 = DIRECTION('',(-0.,-0.,-1.));
#1761 = ORIENTED_EDGE('',*,*,#1762,.F.);
#1762 = EDGE_CURVE('',#1763,#1755,#1765,.T.);
#1763 = VERTEX_POINT('',#1764);
#1764 = CARTESIAN_POINT('',(-70.38006143868,-39.15686226929,-1.7));
#1765 = LINE('',#1766,#1767);
#1766 = CARTESIAN_POINT('',(-58.82818888513,-23.76257581732,-1.7));
#1767 = VECTOR('',#1768,1.);
#1768 = DIRECTION('',(0.600204741026,0.799846403286,0.));
#1769 = ORIENTED_EDGE('',*,*,#1770,.T.);
#1770 = EDGE_CURVE('',#1763,#1745,#1771,.T.);
#1771 = LINE('',#1772,#1773);
#1772 = CARTESIAN_POINT('',(-70.38006143868,-39.15686226929,-3.));
#1773 = VECTOR('',#1774,1.);
#1774 = DIRECTION('',(-0.,-0.,-1.));
#1775 = PLANE('',#1776);
#1776 = AXIS2_PLACEMENT_3D('',#1777,#1778,#1779);
#1777 = CARTESIAN_POINT('',(-66.51004471647,-33.99959051794,0.));
#1778 = DIRECTION('',(0.799846403286,-0.600204741026,0.));
#1779 = DIRECTION('',(0.600204741026,0.799846403286,0.));
#1780 = ADVANCED_FACE('',(#1781),#1800,.T.);
#1781 = FACE_BOUND('',#1782,.F.);
#1782 = EDGE_LOOP('',(#1783,#1784,#1785,#1794));
#1783 = ORIENTED_EDGE('',*,*,#1178,.T.);
#1784 = ORIENTED_EDGE('',*,*,#1754,.T.);
#1785 = ORIENTED_EDGE('',*,*,#1786,.F.);
#1786 = EDGE_CURVE('',#1787,#1755,#1789,.T.);
#1787 = VERTEX_POINT('',#1788);
#1788 = CARTESIAN_POINT('',(-64.9103519099,-33.2,-1.7));
#1789 = CIRCLE('',#1790,2.);
#1790 = AXIS2_PLACEMENT_3D('',#1791,#1792,#1793);
#1791 = CARTESIAN_POINT('',(-64.9103519099,-35.2,-1.7));
#1792 = DIRECTION('',(0.,-0.,1.));
#1793 = DIRECTION('',(1.,1.1E-16,0.));
#1794 = ORIENTED_EDGE('',*,*,#1795,.F.);
#1795 = EDGE_CURVE('',#1179,#1787,#1796,.T.);
#1796 = LINE('',#1797,#1798);
#1797 = CARTESIAN_POINT('',(-64.9103519099,-33.2,0.));
#1798 = VECTOR('',#1799,1.);
#1799 = DIRECTION('',(-0.,-0.,-1.));
#1800 = CYLINDRICAL_SURFACE('',#1801,2.);
#1801 = AXIS2_PLACEMENT_3D('',#1802,#1803,#1804);
#1802 = CARTESIAN_POINT('',(-64.9103519099,-35.2,0.));
#1803 = DIRECTION('',(-0.,-0.,-1.));
#1804 = DIRECTION('',(1.,1.1E-16,0.));
#1805 = ADVANCED_FACE('',(#1806),#1840,.T.);
#1806 = FACE_BOUND('',#1807,.F.);
#1807 = EDGE_LOOP('',(#1808,#1809,#1817,#1825,#1833,#1839));
#1808 = ORIENTED_EDGE('',*,*,#1795,.T.);
#1809 = ORIENTED_EDGE('',*,*,#1810,.F.);
#1810 = EDGE_CURVE('',#1811,#1787,#1813,.T.);
#1811 = VERTEX_POINT('',#1812);
#1812 = CARTESIAN_POINT('',(-70.38006143868,-33.2,-1.7));
#1813 = LINE('',#1814,#1815);
#1814 = CARTESIAN_POINT('',(-70.38006143868,-33.2,-1.7));
#1815 = VECTOR('',#1816,1.);
#1816 = DIRECTION('',(1.,0.,0.));
#1817 = ORIENTED_EDGE('',*,*,#1818,.F.);
#1818 = EDGE_CURVE('',#1819,#1811,#1821,.T.);
#1819 = VERTEX_POINT('',#1820);
#1820 = CARTESIAN_POINT('',(-70.38006143868,-33.2,-6.));
#1821 = LINE('',#1822,#1823);
#1822 = CARTESIAN_POINT('',(-70.38006143868,-33.2,-6.));
#1823 = VECTOR('',#1824,1.);
#1824 = DIRECTION('',(0.,0.,1.));
#1825 = ORIENTED_EDGE('',*,*,#1826,.T.);
#1826 = EDGE_CURVE('',#1819,#1827,#1829,.T.);
#1827 = VERTEX_POINT('',#1828);
#1828 = CARTESIAN_POINT('',(-22.64644394242,-33.2,-6.));
#1829 = LINE('',#1830,#1831);
#1830 = CARTESIAN_POINT('',(-30.09773734537,-33.2,-6.));
#1831 = VECTOR('',#1832,1.);
#1832 = DIRECTION('',(1.,0.,0.));
#1833 = ORIENTED_EDGE('',*,*,#1834,.F.);
#1834 = EDGE_CURVE('',#1188,#1827,#1835,.T.);
#1835 = LINE('',#1836,#1837);
#1836 = CARTESIAN_POINT('',(-22.64644394242,-33.2,0.));
#1837 = VECTOR('',#1838,1.);
#1838 = DIRECTION('',(-0.,-0.,-1.));
#1839 = ORIENTED_EDGE('',*,*,#1187,.T.);
#1840 = PLANE('',#1841);
#1841 = AXIS2_PLACEMENT_3D('',#1842,#1843,#1844);
#1842 = CARTESIAN_POINT('',(-46.42672858672,-33.2,-3.086524103831));
#1843 = DIRECTION('',(0.,1.,0.));
#1844 = DIRECTION('',(0.,0.,-1.));
#1845 = ADVANCED_FACE('',(#1846),#1865,.T.);
#1846 = FACE_BOUND('',#1847,.F.);
#1847 = EDGE_LOOP('',(#1848,#1849,#1858,#1864));
#1848 = ORIENTED_EDGE('',*,*,#1834,.T.);
#1849 = ORIENTED_EDGE('',*,*,#1850,.F.);
#1850 = EDGE_CURVE('',#1851,#1827,#1853,.T.);
#1851 = VERTEX_POINT('',#1852);
#1852 = CARTESIAN_POINT('',(-21.24863221226,-33.76957266279,-6.));
#1853 = CIRCLE('',#1854,2.);
#1854 = AXIS2_PLACEMENT_3D('',#1855,#1856,#1857);
#1855 = CARTESIAN_POINT('',(-22.64644394242,-35.2,-6.));
#1856 = DIRECTION('',(-0.,0.,1.));
#1857 = DIRECTION('',(0.715213668601,-0.698905865082,0.));
#1858 = ORIENTED_EDGE('',*,*,#1859,.F.);
#1859 = EDGE_CURVE('',#1196,#1851,#1860,.T.);
#1860 = LINE('',#1861,#1862);
#1861 = CARTESIAN_POINT('',(-21.24863221226,-33.76957266279,0.));
#1862 = VECTOR('',#1863,1.);
#1863 = DIRECTION('',(-0.,-0.,-1.));
#1864 = ORIENTED_EDGE('',*,*,#1195,.T.);
#1865 = CYLINDRICAL_SURFACE('',#1866,2.);
#1866 = AXIS2_PLACEMENT_3D('',#1867,#1868,#1869);
#1867 = CARTESIAN_POINT('',(-22.64644394242,-35.2,0.));
#1868 = DIRECTION('',(-0.,-0.,-1.));
#1869 = DIRECTION('',(0.715213668601,-0.698905865082,0.));
#1870 = ADVANCED_FACE('',(#1871),#1889,.F.);
#1871 = FACE_BOUND('',#1872,.T.);
#1872 = EDGE_LOOP('',(#1873,#1874,#1875,#1883));
#1873 = ORIENTED_EDGE('',*,*,#1859,.F.);
#1874 = ORIENTED_EDGE('',*,*,#1204,.F.);
#1875 = ORIENTED_EDGE('',*,*,#1876,.T.);
#1876 = EDGE_CURVE('',#1205,#1877,#1879,.T.);
#1877 = VERTEX_POINT('',#1878);
#1878 = CARTESIAN_POINT('',(-19.48218826983,-35.49573938178,-6.));
#1879 = LINE('',#1880,#1881);
#1880 = CARTESIAN_POINT('',(-19.48218826983,-35.49573938178,0.));
#1881 = VECTOR('',#1882,1.);
#1882 = DIRECTION('',(-0.,-0.,-1.));
#1883 = ORIENTED_EDGE('',*,*,#1884,.F.);
#1884 = EDGE_CURVE('',#1851,#1877,#1885,.T.);
#1885 = LINE('',#1886,#1887);
#1886 = CARTESIAN_POINT('',(-27.43254061771,-27.7266654262,-6.));
#1887 = VECTOR('',#1888,1.);
#1888 = DIRECTION('',(0.715213668601,-0.698905865082,0.));
#1889 = PLANE('',#1890);
#1890 = AXIS2_PLACEMENT_3D('',#1891,#1892,#1893);
#1891 = CARTESIAN_POINT('',(-19.48218826983,-35.49573938178,0.));
#1892 = DIRECTION('',(-0.698905865082,-0.715213668601,-0.));
#1893 = DIRECTION('',(0.715213668601,-0.698905865082,0.));
#1894 = ADVANCED_FACE('',(#1895),#1914,.T.);
#1895 = FACE_BOUND('',#1896,.F.);
#1896 = EDGE_LOOP('',(#1897,#1898,#1907,#1913));
#1897 = ORIENTED_EDGE('',*,*,#1876,.T.);
#1898 = ORIENTED_EDGE('',*,*,#1899,.F.);
#1899 = EDGE_CURVE('',#1900,#1877,#1902,.T.);
#1900 = VERTEX_POINT('',#1901);
#1901 = CARTESIAN_POINT('',(-18.88,-36.92616671898,-6.));
#1902 = CIRCLE('',#1903,2.);
#1903 = AXIS2_PLACEMENT_3D('',#1904,#1905,#1906);
#1904 = CARTESIAN_POINT('',(-20.88,-36.92616671898,-6.));
#1905 = DIRECTION('',(-0.,0.,1.));
#1906 = DIRECTION('',(1.1E-16,-1.,0.));
#1907 = ORIENTED_EDGE('',*,*,#1908,.F.);
#1908 = EDGE_CURVE('',#1213,#1900,#1909,.T.);
#1909 = LINE('',#1910,#1911);
#1910 = CARTESIAN_POINT('',(-18.88,-36.92616671898,0.));
#1911 = VECTOR('',#1912,1.);
#1912 = DIRECTION('',(-0.,-0.,-1.));
#1913 = ORIENTED_EDGE('',*,*,#1212,.T.);
#1914 = CYLINDRICAL_SURFACE('',#1915,2.);
#1915 = AXIS2_PLACEMENT_3D('',#1916,#1917,#1918);
#1916 = CARTESIAN_POINT('',(-20.88,-36.92616671898,0.));
#1917 = DIRECTION('',(-0.,-0.,-1.));
#1918 = DIRECTION('',(1.1E-16,-1.,0.));
#1919 = ADVANCED_FACE('',(#1920),#1938,.F.);
#1920 = FACE_BOUND('',#1921,.T.);
#1921 = EDGE_LOOP('',(#1922,#1923,#1924,#1932));
#1922 = ORIENTED_EDGE('',*,*,#1908,.F.);
#1923 = ORIENTED_EDGE('',*,*,#1221,.F.);
#1924 = ORIENTED_EDGE('',*,*,#1925,.T.);
#1925 = EDGE_CURVE('',#1222,#1926,#1928,.T.);
#1926 = VERTEX_POINT('',#1927);
#1927 = CARTESIAN_POINT('',(-18.88,-46.05,-6.));
#1928 = LINE('',#1929,#1930);
#1929 = CARTESIAN_POINT('',(-18.88,-46.05,0.));
#1930 = VECTOR('',#1931,1.);
#1931 = DIRECTION('',(-0.,-0.,-1.));
#1932 = ORIENTED_EDGE('',*,*,#1933,.F.);
#1933 = EDGE_CURVE('',#1900,#1926,#1934,.T.);
#1934 = LINE('',#1935,#1936);
#1935 = CARTESIAN_POINT('',(-18.88,-34.11213623414,-6.));
#1936 = VECTOR('',#1937,1.);
#1937 = DIRECTION('',(-0.,-1.,-0.));
#1938 = PLANE('',#1939);
#1939 = AXIS2_PLACEMENT_3D('',#1940,#1941,#1942);
#1940 = CARTESIAN_POINT('',(-18.88,-46.05,0.));
#1941 = DIRECTION('',(-1.,-0.,-0.));
#1942 = DIRECTION('',(0.,-1.,0.));
#1943 = ADVANCED_FACE('',(#1944),#1963,.F.);
#1944 = FACE_BOUND('',#1945,.T.);
#1945 = EDGE_LOOP('',(#1946,#1947,#1948,#1956));
#1946 = ORIENTED_EDGE('',*,*,#1925,.F.);
#1947 = ORIENTED_EDGE('',*,*,#1229,.F.);
#1948 = ORIENTED_EDGE('',*,*,#1949,.T.);
#1949 = EDGE_CURVE('',#1230,#1950,#1952,.T.);
#1950 = VERTEX_POINT('',#1951);
#1951 = CARTESIAN_POINT('',(-18.82165106213,-46.19119127662,-6.));
#1952 = LINE('',#1953,#1954);
#1953 = CARTESIAN_POINT('',(-18.82165106213,-46.19119127662,0.));
#1954 = VECTOR('',#1955,1.);
#1955 = DIRECTION('',(-0.,-0.,-1.));
#1956 = ORIENTED_EDGE('',*,*,#1957,.T.);
#1957 = EDGE_CURVE('',#1950,#1926,#1958,.T.);
#1958 = CIRCLE('',#1959,0.2);
#1959 = AXIS2_PLACEMENT_3D('',#1960,#1961,#1962);
#1960 = CARTESIAN_POINT('',(-18.68,-46.05,-6.));
#1961 = DIRECTION('',(0.,0.,-1.));
#1962 = DIRECTION('',(0.,1.,0.));
#1963 = CYLINDRICAL_SURFACE('',#1964,0.2);
#1964 = AXIS2_PLACEMENT_3D('',#1965,#1966,#1967);
#1965 = CARTESIAN_POINT('',(-18.68,-46.05,0.));
#1966 = DIRECTION('',(0.,0.,1.));
#1967 = DIRECTION('',(0.,1.,0.));
#1968 = ADVANCED_FACE('',(#1969),#2019,.F.);
#1969 = FACE_BOUND('',#1970,.T.);
#1970 = EDGE_LOOP('',(#1971,#1979,#1980,#1981,#1989,#1997,#2005,#2013));
#1971 = ORIENTED_EDGE('',*,*,#1972,.F.);
#1972 = EDGE_CURVE('',#1950,#1973,#1975,.T.);
#1973 = VERTEX_POINT('',#1974);
#1974 = CARTESIAN_POINT('',(-18.68091807859,-46.33238255325,-6.));
#1975 = LINE('',#1976,#1977);
#1976 = CARTESIAN_POINT('',(-26.40247247825,-38.5856831241,-6.));
#1977 = VECTOR('',#1978,1.);
#1978 = DIRECTION('',(0.705956383138,-0.70825531068,0.));
#1979 = ORIENTED_EDGE('',*,*,#1949,.F.);
#1980 = ORIENTED_EDGE('',*,*,#1238,.F.);
#1981 = ORIENTED_EDGE('',*,*,#1982,.T.);
#1982 = EDGE_CURVE('',#1239,#1983,#1985,.T.);
#1983 = VERTEX_POINT('',#1984);
#1984 = CARTESIAN_POINT('',(-12.64165106213,-52.39131627662,-6.));
#1985 = LINE('',#1986,#1987);
#1986 = CARTESIAN_POINT('',(-12.64165106213,-52.39131627662,0.));
#1987 = VECTOR('',#1988,1.);
#1988 = DIRECTION('',(-0.,-0.,-1.));
#1989 = ORIENTED_EDGE('',*,*,#1990,.F.);
#1990 = EDGE_CURVE('',#1991,#1983,#1993,.T.);
#1991 = VERTEX_POINT('',#1992);
#1992 = CARTESIAN_POINT('',(-12.78330212427,-52.2492039317,-6.));
#1993 = LINE('',#1994,#1995);
#1994 = CARTESIAN_POINT('',(-26.40247247825,-38.5856831241,-6.));
#1995 = VECTOR('',#1996,1.);
#1996 = DIRECTION('',(0.705956383138,-0.70825531068,0.));
#1997 = ORIENTED_EDGE('',*,*,#1998,.T.);
#1998 = EDGE_CURVE('',#1991,#1999,#2001,.T.);
#1999 = VERTEX_POINT('',#2000);
#2000 = CARTESIAN_POINT('',(-12.78330212427,-52.2492039317,-1.7));
#2001 = LINE('',#2002,#2003);
#2002 = CARTESIAN_POINT('',(-12.78330212427,-52.2492039317,-3.));
#2003 = VECTOR('',#2004,1.);
#2004 = DIRECTION('',(0.,0.,1.));
#2005 = ORIENTED_EDGE('',*,*,#2006,.F.);
#2006 = EDGE_CURVE('',#2007,#1999,#2009,.T.);
#2007 = VERTEX_POINT('',#2008);
#2008 = CARTESIAN_POINT('',(-18.68091807859,-46.33238255325,-1.7));
#2009 = LINE('',#2010,#2011);
#2010 = CARTESIAN_POINT('',(-26.66753828022,-38.31975414264,-1.7));
#2011 = VECTOR('',#2012,1.);
#2012 = DIRECTION('',(0.705956383138,-0.70825531068,0.));
#2013 = ORIENTED_EDGE('',*,*,#2014,.T.);
#2014 = EDGE_CURVE('',#2007,#1973,#2015,.T.);
#2015 = LINE('',#2016,#2017);
#2016 = CARTESIAN_POINT('',(-18.68091807859,-46.33238255325,-3.));
#2017 = VECTOR('',#2018,1.);
#2018 = DIRECTION('',(-0.,-0.,-1.));
#2019 = PLANE('',#2020);
#2020 = AXIS2_PLACEMENT_3D('',#2021,#2022,#2023);
#2021 = CARTESIAN_POINT('',(-12.64165106213,-52.39131627662,0.));
#2022 = DIRECTION('',(-0.70825531068,-0.705956383138,-0.));
#2023 = DIRECTION('',(0.705956383138,-0.70825531068,0.));
#2024 = ADVANCED_FACE('',(#2025),#2044,.F.);
#2025 = FACE_BOUND('',#2026,.T.);
#2026 = EDGE_LOOP('',(#2027,#2028,#2029,#2037));
#2027 = ORIENTED_EDGE('',*,*,#1982,.F.);
#2028 = ORIENTED_EDGE('',*,*,#1246,.F.);
#2029 = ORIENTED_EDGE('',*,*,#2030,.T.);
#2030 = EDGE_CURVE('',#1247,#2031,#2033,.T.);
#2031 = VERTEX_POINT('',#2032);
#2032 = CARTESIAN_POINT('',(-12.49999606299,-52.45012499996,-6.));
#2033 = LINE('',#2034,#2035);
#2034 = CARTESIAN_POINT('',(-12.49999606299,-52.45012499996,0.));
#2035 = VECTOR('',#2036,1.);
#2036 = DIRECTION('',(-0.,-0.,-1.));
#2037 = ORIENTED_EDGE('',*,*,#2038,.T.);
#2038 = EDGE_CURVE('',#2031,#1983,#2039,.T.);
#2039 = CIRCLE('',#2040,0.2);
#2040 = AXIS2_PLACEMENT_3D('',#2041,#2042,#2043);
#2041 = CARTESIAN_POINT('',(-12.5,-52.250125,-6.));
#2042 = DIRECTION('',(0.,0.,-1.));
#2043 = DIRECTION('',(-0.705956383138,0.70825531068,0.));
#2044 = CYLINDRICAL_SURFACE('',#2045,0.2);
#2045 = AXIS2_PLACEMENT_3D('',#2046,#2047,#2048);
#2046 = CARTESIAN_POINT('',(-12.5,-52.250125,0.));
#2047 = DIRECTION('',(0.,0.,1.));
#2048 = DIRECTION('',(-0.705956383138,0.70825531068,0.));
#2049 = ADVANCED_FACE('',(#2050),#2068,.F.);
#2050 = FACE_BOUND('',#2051,.T.);
#2051 = EDGE_LOOP('',(#2052,#2053,#2054,#2062));
#2052 = ORIENTED_EDGE('',*,*,#2030,.F.);
#2053 = ORIENTED_EDGE('',*,*,#1255,.F.);
#2054 = ORIENTED_EDGE('',*,*,#2055,.T.);
#2055 = EDGE_CURVE('',#1256,#2056,#2058,.T.);
#2056 = VERTEX_POINT('',#2057);
#2057 = CARTESIAN_POINT('',(-6.149996062992,-52.44999999996,-6.));
#2058 = LINE('',#2059,#2060);
#2059 = CARTESIAN_POINT('',(-6.149996062992,-52.44999999996,0.));
#2060 = VECTOR('',#2061,1.);
#2061 = DIRECTION('',(-0.,-0.,-1.));
#2062 = ORIENTED_EDGE('',*,*,#2063,.F.);
#2063 = EDGE_CURVE('',#2031,#2056,#2064,.T.);
#2064 = LINE('',#2065,#2066);
#2065 = CARTESIAN_POINT('',(-21.84921541013,-52.45030903971,-6.));
#2066 = VECTOR('',#2067,1.);
#2067 = DIRECTION('',(0.999999999806,1.96850393658E-05,0.));
#2068 = PLANE('',#2069);
#2069 = AXIS2_PLACEMENT_3D('',#2070,#2071,#2072);
#2070 = CARTESIAN_POINT('',(-6.149996062992,-52.44999999996,0.));
#2071 = DIRECTION('',(1.96850393658E-05,-0.999999999806,0.));
#2072 = DIRECTION('',(0.999999999806,1.96850393658E-05,0.));
#2073 = ADVANCED_FACE('',(#2074),#2093,.F.);
#2074 = FACE_BOUND('',#2075,.T.);
#2075 = EDGE_LOOP('',(#2076,#2077,#2078,#2086));
#2076 = ORIENTED_EDGE('',*,*,#2055,.F.);
#2077 = ORIENTED_EDGE('',*,*,#1263,.F.);
#2078 = ORIENTED_EDGE('',*,*,#2079,.T.);
#2079 = EDGE_CURVE('',#1264,#2080,#2082,.T.);
#2080 = VERTEX_POINT('',#2081);
#2081 = CARTESIAN_POINT('',(-6.008007251363,-52.39084764582,-6.));
#2082 = LINE('',#2083,#2084);
#2083 = CARTESIAN_POINT('',(-6.008007251363,-52.39084764582,0.));
#2084 = VECTOR('',#2085,1.);
#2085 = DIRECTION('',(-0.,-0.,-1.));
#2086 = ORIENTED_EDGE('',*,*,#2087,.T.);
#2087 = EDGE_CURVE('',#2080,#2056,#2088,.T.);
#2088 = CIRCLE('',#2089,0.2);
#2089 = AXIS2_PLACEMENT_3D('',#2090,#2091,#2092);
#2090 = CARTESIAN_POINT('',(-6.15,-52.25,-6.));
#2091 = DIRECTION('',(0.,0.,-1.));
#2092 = DIRECTION('',(-0.999999999806,-1.96850393658E-05,-0.));
#2093 = CYLINDRICAL_SURFACE('',#2094,0.2);
#2094 = AXIS2_PLACEMENT_3D('',#2095,#2096,#2097);
#2095 = CARTESIAN_POINT('',(-6.15,-52.25,0.));
#2096 = DIRECTION('',(0.,0.,1.));
#2097 = DIRECTION('',(-0.999999999806,-1.96850393658E-05,-0.));
#2098 = ADVANCED_FACE('',(#2099),#2149,.F.);
#2099 = FACE_BOUND('',#2100,.T.);
#2100 = EDGE_LOOP('',(#2101,#2109,#2110,#2111,#2119,#2127,#2135,#2143));
#2101 = ORIENTED_EDGE('',*,*,#2102,.F.);
#2102 = EDGE_CURVE('',#2080,#2103,#2105,.T.);
#2103 = VERTEX_POINT('',#2104);
#2104 = CARTESIAN_POINT('',(-5.866014502726,-52.24770048459,-6.));
#2105 = LINE('',#2106,#2107);
#2106 = CARTESIAN_POINT('',(-3.200519788288,-49.56053508142,-6.));
#2107 = VECTOR('',#2108,1.);
#2108 = DIRECTION('',(0.704238229127,0.709963743185,0.));
#2109 = ORIENTED_EDGE('',*,*,#2079,.F.);
#2110 = ORIENTED_EDGE('',*,*,#1272,.F.);
#2111 = ORIENTED_EDGE('',*,*,#2112,.T.);
#2112 = EDGE_CURVE('',#1273,#2113,#2115,.T.);
#2113 = VERTEX_POINT('',#2114);
#2114 = CARTESIAN_POINT('',(0.141992748637,-46.19084764582,-6.));
#2115 = LINE('',#2116,#2117);
#2116 = CARTESIAN_POINT('',(0.141992748637,-46.19084764582,0.));
#2117 = VECTOR('',#2118,1.);
#2118 = DIRECTION('',(-0.,-0.,-1.));
#2119 = ORIENTED_EDGE('',*,*,#2120,.F.);
#2120 = EDGE_CURVE('',#2121,#2113,#2123,.T.);
#2121 = VERTEX_POINT('',#2122);
#2122 = CARTESIAN_POINT('',(2.280970923089E-03,-46.33169529165,-6.));
#2123 = LINE('',#2124,#2125);
#2124 = CARTESIAN_POINT('',(-3.200519788288,-49.56053508142,-6.));
#2125 = VECTOR('',#2126,1.);
#2126 = DIRECTION('',(0.704238229127,0.709963743185,0.));
#2127 = ORIENTED_EDGE('',*,*,#2128,.T.);
#2128 = EDGE_CURVE('',#2121,#2129,#2131,.T.);
#2129 = VERTEX_POINT('',#2130);
#2130 = CARTESIAN_POINT('',(2.28097092309E-03,-46.33169529165,-1.7));
#2131 = LINE('',#2132,#2133);
#2132 = CARTESIAN_POINT('',(2.280970923085E-03,-46.33169529165,-3.));
#2133 = VECTOR('',#2134,1.);
#2134 = DIRECTION('',(0.,0.,1.));
#2135 = ORIENTED_EDGE('',*,*,#2136,.F.);
#2136 = EDGE_CURVE('',#2137,#2129,#2139,.T.);
#2137 = VERTEX_POINT('',#2138);
#2138 = CARTESIAN_POINT('',(-5.866014502726,-52.24770048459,-1.7));
#2139 = LINE('',#2140,#2141);
#2140 = CARTESIAN_POINT('',(-3.679556960191,-50.04346686448,-1.7));
#2141 = VECTOR('',#2142,1.);
#2142 = DIRECTION('',(0.704238229127,0.709963743185,0.));
#2143 = ORIENTED_EDGE('',*,*,#2144,.T.);
#2144 = EDGE_CURVE('',#2137,#2103,#2145,.T.);
#2145 = LINE('',#2146,#2147);
#2146 = CARTESIAN_POINT('',(-5.866014502726,-52.24770048459,-3.));
#2147 = VECTOR('',#2148,1.);
#2148 = DIRECTION('',(-0.,-0.,-1.));
#2149 = PLANE('',#2150);
#2150 = AXIS2_PLACEMENT_3D('',#2151,#2152,#2153);
#2151 = CARTESIAN_POINT('',(0.141992748637,-46.19084764582,0.));
#2152 = DIRECTION('',(0.709963743185,-0.704238229127,0.));
#2153 = DIRECTION('',(0.704238229127,0.709963743185,0.));
#2154 = ADVANCED_FACE('',(#2155),#2174,.F.);
#2155 = FACE_BOUND('',#2156,.T.);
#2156 = EDGE_LOOP('',(#2157,#2158,#2159,#2167));
#2157 = ORIENTED_EDGE('',*,*,#2112,.F.);
#2158 = ORIENTED_EDGE('',*,*,#1280,.F.);
#2159 = ORIENTED_EDGE('',*,*,#2160,.T.);
#2160 = EDGE_CURVE('',#1281,#2161,#2163,.T.);
#2161 = VERTEX_POINT('',#2162);
#2162 = CARTESIAN_POINT('',(0.2,-46.05,-6.));
#2163 = LINE('',#2164,#2165);
#2164 = CARTESIAN_POINT('',(0.2,-46.05,0.));
#2165 = VECTOR('',#2166,1.);
#2166 = DIRECTION('',(-0.,-0.,-1.));
#2167 = ORIENTED_EDGE('',*,*,#2168,.T.);
#2168 = EDGE_CURVE('',#2161,#2113,#2169,.T.);
#2169 = CIRCLE('',#2170,0.2);
#2170 = AXIS2_PLACEMENT_3D('',#2171,#2172,#2173);
#2171 = CARTESIAN_POINT('',(0.,-46.05,-6.));
#2172 = DIRECTION('',(0.,0.,-1.));
#2173 = DIRECTION('',(-0.704238229127,-0.709963743185,-0.));
#2174 = CYLINDRICAL_SURFACE('',#2175,0.2);
#2175 = AXIS2_PLACEMENT_3D('',#2176,#2177,#2178);
#2176 = CARTESIAN_POINT('',(0.,-46.05,0.));
#2177 = DIRECTION('',(0.,0.,1.));
#2178 = DIRECTION('',(-0.704238229127,-0.709963743185,-0.));
#2179 = ADVANCED_FACE('',(#2180),#2198,.F.);
#2180 = FACE_BOUND('',#2181,.T.);
#2181 = EDGE_LOOP('',(#2182,#2183,#2184,#2192));
#2182 = ORIENTED_EDGE('',*,*,#2160,.F.);
#2183 = ORIENTED_EDGE('',*,*,#1289,.F.);
#2184 = ORIENTED_EDGE('',*,*,#2185,.T.);
#2185 = EDGE_CURVE('',#1290,#2186,#2188,.T.);
#2186 = VERTEX_POINT('',#2187);
#2187 = CARTESIAN_POINT('',(0.2,-1.95,-6.));
#2188 = LINE('',#2189,#2190);
#2189 = CARTESIAN_POINT('',(0.2,-1.95,0.));
#2190 = VECTOR('',#2191,1.);
#2191 = DIRECTION('',(-0.,-0.,-1.));
#2192 = ORIENTED_EDGE('',*,*,#2193,.F.);
#2193 = EDGE_CURVE('',#2161,#2186,#2194,.T.);
#2194 = LINE('',#2195,#2196);
#2195 = CARTESIAN_POINT('',(0.2,-12.06213623414,-6.));
#2196 = VECTOR('',#2197,1.);
#2197 = DIRECTION('',(0.,1.,0.));
#2198 = PLANE('',#2199);
#2199 = AXIS2_PLACEMENT_3D('',#2200,#2201,#2202);
#2200 = CARTESIAN_POINT('',(0.2,-1.95,0.));
#2201 = DIRECTION('',(1.,0.,0.));
#2202 = DIRECTION('',(0.,1.,0.));
#2203 = ADVANCED_FACE('',(#2204),#2223,.F.);
#2204 = FACE_BOUND('',#2205,.T.);
#2205 = EDGE_LOOP('',(#2206,#2207,#2208,#2216));
#2206 = ORIENTED_EDGE('',*,*,#2185,.F.);
#2207 = ORIENTED_EDGE('',*,*,#1297,.F.);
#2208 = ORIENTED_EDGE('',*,*,#2209,.T.);
#2209 = EDGE_CURVE('',#1298,#2210,#2212,.T.);
#2210 = VERTEX_POINT('',#2211);
#2211 = CARTESIAN_POINT('',(0.150754545982,-1.818572959914,-6.));
#2212 = LINE('',#2213,#2214);
#2213 = CARTESIAN_POINT('',(0.150754545982,-1.818572959914,0.));
#2214 = VECTOR('',#2215,1.);
#2215 = DIRECTION('',(-0.,-0.,-1.));
#2216 = ORIENTED_EDGE('',*,*,#2217,.T.);
#2217 = EDGE_CURVE('',#2210,#2186,#2218,.T.);
#2218 = CIRCLE('',#2219,0.2);
#2219 = AXIS2_PLACEMENT_3D('',#2220,#2221,#2222);
#2220 = CARTESIAN_POINT('',(0.,-1.95,-6.));
#2221 = DIRECTION('',(0.,0.,-1.));
#2222 = DIRECTION('',(-0.,-1.,-0.));
#2223 = CYLINDRICAL_SURFACE('',#2224,0.2);
#2224 = AXIS2_PLACEMENT_3D('',#2225,#2226,#2227);
#2225 = CARTESIAN_POINT('',(0.,-1.95,0.));
#2226 = DIRECTION('',(0.,0.,1.));
#2227 = DIRECTION('',(-0.,-1.,-0.));
#2228 = ADVANCED_FACE('',(#2229),#2263,.F.);
#2229 = FACE_BOUND('',#2230,.T.);
#2230 = EDGE_LOOP('',(#2231,#2239,#2240,#2241,#2249,#2257));
#2231 = ORIENTED_EDGE('',*,*,#2232,.F.);
#2232 = EDGE_CURVE('',#2210,#2233,#2235,.T.);
#2233 = VERTEX_POINT('',#2234);
#2234 = CARTESIAN_POINT('',(3.617712641899E-02,-1.687145919827,-6.));
#2235 = LINE('',#2236,#2237);
#2236 = CARTESIAN_POINT('',(-3.797731492889,2.710572790556,-6.));
#2237 = VECTOR('',#2238,1.);
#2238 = DIRECTION('',(-0.657135200432,0.753772729908,0.));
#2239 = ORIENTED_EDGE('',*,*,#2209,.F.);
#2240 = ORIENTED_EDGE('',*,*,#1306,.F.);
#2241 = ORIENTED_EDGE('',*,*,#2242,.T.);
#2242 = EDGE_CURVE('',#1307,#2243,#2245,.T.);
#2243 = VERTEX_POINT('',#2244);
#2244 = CARTESIAN_POINT('',(-1.549245454018,0.131427040086,-1.7));
#2245 = LINE('',#2246,#2247);
#2246 = CARTESIAN_POINT('',(-1.549245454018,0.131427040086,0.));
#2247 = VECTOR('',#2248,1.);
#2248 = DIRECTION('',(0.,0.,-1.));
#2249 = ORIENTED_EDGE('',*,*,#2250,.F.);
#2250 = EDGE_CURVE('',#2251,#2243,#2253,.T.);
#2251 = VERTEX_POINT('',#2252);
#2252 = CARTESIAN_POINT('',(3.617712641898E-02,-1.687145919827,-1.7));
#2253 = LINE('',#2254,#2255);
#2254 = CARTESIAN_POINT('',(-4.014003181751,2.958649139544,-1.7));
#2255 = VECTOR('',#2256,1.);
#2256 = DIRECTION('',(-0.657135200432,0.753772729908,0.));
#2257 = ORIENTED_EDGE('',*,*,#2258,.T.);
#2258 = EDGE_CURVE('',#2251,#2233,#2259,.T.);
#2259 = LINE('',#2260,#2261);
#2260 = CARTESIAN_POINT('',(3.617712641898E-02,-1.687145919827,-3.));
#2261 = VECTOR('',#2262,1.);
#2262 = DIRECTION('',(-0.,-0.,-1.));
#2263 = PLANE('',#2264);
#2264 = AXIS2_PLACEMENT_3D('',#2265,#2266,#2267);
#2265 = CARTESIAN_POINT('',(-1.549245454018,0.131427040086,0.));
#2266 = DIRECTION('',(0.753772729908,0.657135200432,0.));
#2267 = DIRECTION('',(-0.657135200432,0.753772729908,0.));
#2268 = ADVANCED_FACE('',(#2269),#2281,.F.);
#2269 = FACE_BOUND('',#2270,.T.);
#2270 = EDGE_LOOP('',(#2271,#2272,#2273,#2274));
#2271 = ORIENTED_EDGE('',*,*,#2242,.F.);
#2272 = ORIENTED_EDGE('',*,*,#1314,.F.);
#2273 = ORIENTED_EDGE('',*,*,#1444,.T.);
#2274 = ORIENTED_EDGE('',*,*,#2275,.T.);
#2275 = EDGE_CURVE('',#1445,#2243,#2276,.T.);
#2276 = CIRCLE('',#2277,0.2);
#2277 = AXIS2_PLACEMENT_3D('',#2278,#2279,#2280);
#2278 = CARTESIAN_POINT('',(-1.7,0.,-1.7));
#2279 = DIRECTION('',(0.,0.,-1.));
#2280 = DIRECTION('',(0.657135200432,-0.753772729908,0.));
#2281 = CYLINDRICAL_SURFACE('',#2282,0.2);
#2282 = AXIS2_PLACEMENT_3D('',#2283,#2284,#2285);
#2283 = CARTESIAN_POINT('',(-1.7,0.,0.));
#2284 = DIRECTION('',(0.,0.,1.));
#2285 = DIRECTION('',(0.657135200432,-0.753772729908,0.));
#2286 = ADVANCED_FACE('',(#2287),#2306,.T.);
#2287 = FACE_BOUND('',#2288,.T.);
#2288 = EDGE_LOOP('',(#2289,#2297,#2298,#2299));
#2289 = ORIENTED_EDGE('',*,*,#2290,.T.);
#2290 = EDGE_CURVE('',#2291,#1330,#2293,.T.);
#2291 = VERTEX_POINT('',#2292);
#2292 = CARTESIAN_POINT('',(-73.076393,-13.743442,-6.));
#2293 = LINE('',#2294,#2295);
#2294 = CARTESIAN_POINT('',(-73.076393,-13.743442,-6.));
#2295 = VECTOR('',#2296,1.);
#2296 = DIRECTION('',(0.,0.,1.));
#2297 = ORIENTED_EDGE('',*,*,#1329,.T.);
#2298 = ORIENTED_EDGE('',*,*,#2290,.F.);
#2299 = ORIENTED_EDGE('',*,*,#2300,.F.);
#2300 = EDGE_CURVE('',#2291,#2291,#2301,.T.);
#2301 = CIRCLE('',#2302,6.5);
#2302 = AXIS2_PLACEMENT_3D('',#2303,#2304,#2305);
#2303 = CARTESIAN_POINT('',(-66.576393,-13.743442,-6.));
#2304 = DIRECTION('',(0.,0.,-1.));
#2305 = DIRECTION('',(-1.,-0.,-0.));
#2306 = CYLINDRICAL_SURFACE('',#2307,6.5);
#2307 = AXIS2_PLACEMENT_3D('',#2308,#2309,#2310);
#2308 = CARTESIAN_POINT('',(-66.576393,-13.743442,-6.));
#2309 = DIRECTION('',(0.,0.,-1.));
#2310 = DIRECTION('',(-1.,-0.,-0.));
#2311 = ADVANCED_FACE('',(#2312,#2323),#2326,.T.);
#2312 = FACE_BOUND('',#2313,.F.);
#2313 = EDGE_LOOP('',(#2314));
#2314 = ORIENTED_EDGE('',*,*,#2315,.T.);
#2315 = EDGE_CURVE('',#2316,#2316,#2318,.T.);
#2316 = VERTEX_POINT('',#2317);
#2317 = CARTESIAN_POINT('',(-62.633274,-3.05,-1.7));
#2318 = CIRCLE('',#2319,3.);
#2319 = AXIS2_PLACEMENT_3D('',#2320,#2321,#2322);
#2320 = CARTESIAN_POINT('',(-59.633274,-3.05,-1.7));
#2321 = DIRECTION('',(0.,0.,-1.));
#2322 = DIRECTION('',(-1.,-0.,-0.));
#2323 = FACE_BOUND('',#2324,.F.);
#2324 = EDGE_LOOP('',(#2325));
#2325 = ORIENTED_EDGE('',*,*,#1357,.F.);
#2326 = PLANE('',#2327);
#2327 = AXIS2_PLACEMENT_3D('',#2328,#2329,#2330);
#2328 = CARTESIAN_POINT('',(-39.04573508216,-22.60584983461,-1.7));
#2329 = DIRECTION('',(0.,0.,1.));
#2330 = DIRECTION('',(1.,0.,0.));
#2331 = ADVANCED_FACE('',(#2332,#2343),#2346,.T.);
#2332 = FACE_BOUND('',#2333,.F.);
#2333 = EDGE_LOOP('',(#2334));
#2334 = ORIENTED_EDGE('',*,*,#2335,.T.);
#2335 = EDGE_CURVE('',#2336,#2336,#2338,.T.);
#2336 = VERTEX_POINT('',#2337);
#2337 = CARTESIAN_POINT('',(-26.45,-29.9,-1.7));
#2338 = CIRCLE('',#2339,3.);
#2339 = AXIS2_PLACEMENT_3D('',#2340,#2341,#2342);
#2340 = CARTESIAN_POINT('',(-23.45,-29.9,-1.7));
#2341 = DIRECTION('',(0.,0.,-1.));
#2342 = DIRECTION('',(-1.,-0.,-0.));
#2343 = FACE_BOUND('',#2344,.F.);
#2344 = EDGE_LOOP('',(#2345));
#2345 = ORIENTED_EDGE('',*,*,#1382,.F.);
#2346 = PLANE('',#2347);
#2347 = AXIS2_PLACEMENT_3D('',#2348,#2349,#2350);
#2348 = CARTESIAN_POINT('',(-39.04573508216,-22.60584983461,-1.7));
#2349 = DIRECTION('',(0.,0.,1.));
#2350 = DIRECTION('',(1.,0.,0.));
#2351 = ADVANCED_FACE('',(#2352,#2363),#2366,.T.);
#2352 = FACE_BOUND('',#2353,.F.);
#2353 = EDGE_LOOP('',(#2354));
#2354 = ORIENTED_EDGE('',*,*,#2355,.T.);
#2355 = EDGE_CURVE('',#2356,#2356,#2358,.T.);
#2356 = VERTEX_POINT('',#2357);
#2357 = CARTESIAN_POINT('',(-6.033274,-26.4,-1.7));
#2358 = CIRCLE('',#2359,3.);
#2359 = AXIS2_PLACEMENT_3D('',#2360,#2361,#2362);
#2360 = CARTESIAN_POINT('',(-3.033274,-26.4,-1.7));
#2361 = DIRECTION('',(0.,0.,-1.));
#2362 = DIRECTION('',(-1.,-0.,-0.));
#2363 = FACE_BOUND('',#2364,.F.);
#2364 = EDGE_LOOP('',(#2365));
#2365 = ORIENTED_EDGE('',*,*,#1407,.F.);
#2366 = PLANE('',#2367);
#2367 = AXIS2_PLACEMENT_3D('',#2368,#2369,#2370);
#2368 = CARTESIAN_POINT('',(-39.04573508216,-22.60584983461,-1.7));
#2369 = DIRECTION('',(0.,0.,1.));
#2370 = DIRECTION('',(1.,0.,0.));
#2371 = ADVANCED_FACE('',(#2372),#2391,.T.);
#2372 = FACE_BOUND('',#2373,.T.);
#2373 = EDGE_LOOP('',(#2374,#2382,#2383,#2384));
#2374 = ORIENTED_EDGE('',*,*,#2375,.T.);
#2375 = EDGE_CURVE('',#2376,#1425,#2378,.T.);
#2376 = VERTEX_POINT('',#2377);
#2377 = CARTESIAN_POINT('',(-82.983274,-16.486726,-6.));
#2378 = LINE('',#2379,#2380);
#2379 = CARTESIAN_POINT('',(-82.983274,-16.486726,-6.));
#2380 = VECTOR('',#2381,1.);
#2381 = DIRECTION('',(0.,0.,1.));
#2382 = ORIENTED_EDGE('',*,*,#1424,.T.);
#2383 = ORIENTED_EDGE('',*,*,#2375,.F.);
#2384 = ORIENTED_EDGE('',*,*,#2385,.F.);
#2385 = EDGE_CURVE('',#2376,#2376,#2386,.T.);
#2386 = CIRCLE('',#2387,3.);
#2387 = AXIS2_PLACEMENT_3D('',#2388,#2389,#2390);
#2388 = CARTESIAN_POINT('',(-79.983274,-16.486726,-6.));
#2389 = DIRECTION('',(0.,0.,-1.));
#2390 = DIRECTION('',(-1.,-0.,-0.));
#2391 = CYLINDRICAL_SURFACE('',#2392,3.);
#2392 = AXIS2_PLACEMENT_3D('',#2393,#2394,#2395);
#2393 = CARTESIAN_POINT('',(-79.983274,-16.486726,-6.));
#2394 = DIRECTION('',(0.,0.,-1.));
#2395 = DIRECTION('',(-1.,-0.,-0.));
#2396 = ADVANCED_FACE('',(#2397),#2416,.T.);
#2397 = FACE_BOUND('',#2398,.F.);
#2398 = EDGE_LOOP('',(#2399,#2400,#2408,#2414,#2415));
#2399 = ORIENTED_EDGE('',*,*,#2250,.F.);
#2400 = ORIENTED_EDGE('',*,*,#2401,.T.);
#2401 = EDGE_CURVE('',#2251,#2402,#2404,.T.);
#2402 = VERTEX_POINT('',#2403);
#2403 = CARTESIAN_POINT('',(-20.837858,-1.687145919827,-1.7));
#2404 = LINE('',#2405,#2406);
#2405 = CARTESIAN_POINT('',(0.301509091963,-1.687145919827,-1.7));
#2406 = VECTOR('',#2407,1.);
#2407 = DIRECTION('',(-1.,-0.,-0.));
#2408 = ORIENTED_EDGE('',*,*,#2409,.T.);
#2409 = EDGE_CURVE('',#2402,#1470,#2410,.T.);
#2410 = LINE('',#2411,#2412);
#2411 = CARTESIAN_POINT('',(-20.837858,-1.687145919827,-1.7));
#2412 = VECTOR('',#2413,1.);
#2413 = DIRECTION('',(0.,1.,0.));
#2414 = ORIENTED_EDGE('',*,*,#1477,.F.);
#2415 = ORIENTED_EDGE('',*,*,#2275,.T.);
#2416 = PLANE('',#2417);
#2417 = AXIS2_PLACEMENT_3D('',#2418,#2419,#2420);
#2418 = CARTESIAN_POINT('',(-39.04573508216,-22.60584983461,-1.7));
#2419 = DIRECTION('',(0.,0.,1.));
#2420 = DIRECTION('',(1.,0.,0.));
#2421 = ADVANCED_FACE('',(#2422),#2440,.F.);
#2422 = FACE_BOUND('',#2423,.T.);
#2423 = EDGE_LOOP('',(#2424,#2432,#2438,#2439));
#2424 = ORIENTED_EDGE('',*,*,#2425,.F.);
#2425 = EDGE_CURVE('',#2426,#1462,#2428,.T.);
#2426 = VERTEX_POINT('',#2427);
#2427 = CARTESIAN_POINT('',(-20.837858,-1.687145919827,-6.));
#2428 = LINE('',#2429,#2430);
#2429 = CARTESIAN_POINT('',(-20.837858,-1.687145919827,-6.));
#2430 = VECTOR('',#2431,1.);
#2431 = DIRECTION('',(0.,1.,0.));
#2432 = ORIENTED_EDGE('',*,*,#2433,.T.);
#2433 = EDGE_CURVE('',#2426,#2402,#2434,.T.);
#2434 = LINE('',#2435,#2436);
#2435 = CARTESIAN_POINT('',(-20.837858,-1.687145919827,-6.));
#2436 = VECTOR('',#2437,1.);
#2437 = DIRECTION('',(0.,0.,1.));
#2438 = ORIENTED_EDGE('',*,*,#2409,.T.);
#2439 = ORIENTED_EDGE('',*,*,#1469,.F.);
#2440 = PLANE('',#2441);
#2441 = AXIS2_PLACEMENT_3D('',#2442,#2443,#2444);
#2442 = CARTESIAN_POINT('',(-20.837858,-1.687145919827,-6.));
#2443 = DIRECTION('',(1.,0.,0.));
#2444 = DIRECTION('',(0.,-1.,0.));
#2445 = ADVANCED_FACE('',(#2446,#2532,#2543,#2554,#2565,#2568,#2579,
    #2582),#2593,.T.);
#2446 = FACE_BOUND('',#2447,.F.);
#2447 = EDGE_LOOP('',(#2448,#2449,#2450,#2451,#2452,#2458,#2459,#2460,
    #2461,#2462,#2463,#2471,#2477,#2478,#2479,#2480,#2481,#2482,#2490,
    #2496,#2497,#2498,#2499,#2500,#2501,#2502,#2503,#2509,#2510,#2511,
    #2512,#2513,#2514,#2522,#2528,#2529,#2530,#2531));
#2448 = ORIENTED_EDGE('',*,*,#1524,.F.);
#2449 = ORIENTED_EDGE('',*,*,#1501,.T.);
#2450 = ORIENTED_EDGE('',*,*,#1461,.F.);
#2451 = ORIENTED_EDGE('',*,*,#2425,.F.);
#2452 = ORIENTED_EDGE('',*,*,#2453,.F.);
#2453 = EDGE_CURVE('',#2233,#2426,#2454,.T.);
#2454 = LINE('',#2455,#2456);
#2455 = CARTESIAN_POINT('',(0.301509091963,-1.687145919827,-6.));
#2456 = VECTOR('',#2457,1.);
#2457 = DIRECTION('',(-1.,-0.,-0.));
#2458 = ORIENTED_EDGE('',*,*,#2232,.F.);
#2459 = ORIENTED_EDGE('',*,*,#2217,.T.);
#2460 = ORIENTED_EDGE('',*,*,#2193,.F.);
#2461 = ORIENTED_EDGE('',*,*,#2168,.T.);
#2462 = ORIENTED_EDGE('',*,*,#2120,.F.);
#2463 = ORIENTED_EDGE('',*,*,#2464,.F.);
#2464 = EDGE_CURVE('',#2465,#2121,#2467,.T.);
#2465 = VERTEX_POINT('',#2466);
#2466 = CARTESIAN_POINT('',(-5.866014502726,-46.33169529165,-6.));
#2467 = LINE('',#2468,#2469);
#2468 = CARTESIAN_POINT('',(-5.866014502726,-46.33169529165,-6.));
#2469 = VECTOR('',#2470,1.);
#2470 = DIRECTION('',(1.,0.,0.));
#2471 = ORIENTED_EDGE('',*,*,#2472,.F.);
#2472 = EDGE_CURVE('',#2103,#2465,#2473,.T.);
#2473 = LINE('',#2474,#2475);
#2474 = CARTESIAN_POINT('',(-5.866014502726,-52.53169529165,-6.));
#2475 = VECTOR('',#2476,1.);
#2476 = DIRECTION('',(0.,1.,0.));
#2477 = ORIENTED_EDGE('',*,*,#2102,.F.);
#2478 = ORIENTED_EDGE('',*,*,#2087,.T.);
#2479 = ORIENTED_EDGE('',*,*,#2063,.F.);
#2480 = ORIENTED_EDGE('',*,*,#2038,.T.);
#2481 = ORIENTED_EDGE('',*,*,#1990,.F.);
#2482 = ORIENTED_EDGE('',*,*,#2483,.F.);
#2483 = EDGE_CURVE('',#2484,#1991,#2486,.T.);
#2484 = VERTEX_POINT('',#2485);
#2485 = CARTESIAN_POINT('',(-12.78330212427,-46.33238255325,-6.));
#2486 = LINE('',#2487,#2488);
#2487 = CARTESIAN_POINT('',(-12.78330212427,-46.33238255325,-6.));
#2488 = VECTOR('',#2489,1.);
#2489 = DIRECTION('',(-0.,-1.,-0.));
#2490 = ORIENTED_EDGE('',*,*,#2491,.F.);
#2491 = EDGE_CURVE('',#1973,#2484,#2492,.T.);
#2492 = LINE('',#2493,#2494);
#2493 = CARTESIAN_POINT('',(-18.96330212427,-46.33238255325,-6.));
#2494 = VECTOR('',#2495,1.);
#2495 = DIRECTION('',(1.,0.,0.));
#2496 = ORIENTED_EDGE('',*,*,#1972,.F.);
#2497 = ORIENTED_EDGE('',*,*,#1957,.T.);
#2498 = ORIENTED_EDGE('',*,*,#1933,.F.);
#2499 = ORIENTED_EDGE('',*,*,#1899,.T.);
#2500 = ORIENTED_EDGE('',*,*,#1884,.F.);
#2501 = ORIENTED_EDGE('',*,*,#1850,.T.);
#2502 = ORIENTED_EDGE('',*,*,#1826,.F.);
#2503 = ORIENTED_EDGE('',*,*,#2504,.F.);
#2504 = EDGE_CURVE('',#1745,#1819,#2505,.T.);
#2505 = LINE('',#2506,#2507);
#2506 = CARTESIAN_POINT('',(-70.38006143868,-39.49008189641,-6.));
#2507 = VECTOR('',#2508,1.);
#2508 = DIRECTION('',(0.,1.,0.));
#2509 = ORIENTED_EDGE('',*,*,#1744,.F.);
#2510 = ORIENTED_EDGE('',*,*,#1729,.T.);
#2511 = ORIENTED_EDGE('',*,*,#1705,.F.);
#2512 = ORIENTED_EDGE('',*,*,#1680,.T.);
#2513 = ORIENTED_EDGE('',*,*,#1632,.F.);
#2514 = ORIENTED_EDGE('',*,*,#2515,.F.);
#2515 = EDGE_CURVE('',#2516,#1633,#2518,.T.);
#2516 = VERTEX_POINT('',#2517);
#2517 = CARTESIAN_POINT('',(-77.18710537358,-33.193830952,-6.));
#2518 = LINE('',#2519,#2520);
#2519 = CARTESIAN_POINT('',(-77.18710537358,-33.193830952,-6.));
#2520 = VECTOR('',#2521,1.);
#2521 = DIRECTION('',(-0.,-1.,-0.));
#2522 = ORIENTED_EDGE('',*,*,#2523,.F.);
#2523 = EDGE_CURVE('',#1615,#2516,#2524,.T.);
#2524 = LINE('',#2525,#2526);
#2525 = CARTESIAN_POINT('',(-83.36289391968,-33.193830952,-6.));
#2526 = VECTOR('',#2527,1.);
#2527 = DIRECTION('',(1.,0.,0.));
#2528 = ORIENTED_EDGE('',*,*,#1614,.F.);
#2529 = ORIENTED_EDGE('',*,*,#1599,.T.);
#2530 = ORIENTED_EDGE('',*,*,#1575,.F.);
#2531 = ORIENTED_EDGE('',*,*,#1549,.T.);
#2532 = FACE_BOUND('',#2533,.F.);
#2533 = EDGE_LOOP('',(#2534));
#2534 = ORIENTED_EDGE('',*,*,#2535,.F.);
#2535 = EDGE_CURVE('',#2536,#2536,#2538,.T.);
#2536 = VERTEX_POINT('',#2537);
#2537 = CARTESIAN_POINT('',(-6.033274,-26.4,-6.));
#2538 = CIRCLE('',#2539,3.);
#2539 = AXIS2_PLACEMENT_3D('',#2540,#2541,#2542);
#2540 = CARTESIAN_POINT('',(-3.033274,-26.4,-6.));
#2541 = DIRECTION('',(0.,0.,-1.));
#2542 = DIRECTION('',(-1.,-0.,-0.));
#2543 = FACE_BOUND('',#2544,.F.);
#2544 = EDGE_LOOP('',(#2545));
#2545 = ORIENTED_EDGE('',*,*,#2546,.F.);
#2546 = EDGE_CURVE('',#2547,#2547,#2549,.T.);
#2547 = VERTEX_POINT('',#2548);
#2548 = CARTESIAN_POINT('',(-26.45,-29.9,-6.));
#2549 = CIRCLE('',#2550,3.);
#2550 = AXIS2_PLACEMENT_3D('',#2551,#2552,#2553);
#2551 = CARTESIAN_POINT('',(-23.45,-29.9,-6.));
#2552 = DIRECTION('',(0.,0.,-1.));
#2553 = DIRECTION('',(-1.,-0.,-0.));
#2554 = FACE_BOUND('',#2555,.F.);
#2555 = EDGE_LOOP('',(#2556));
#2556 = ORIENTED_EDGE('',*,*,#2557,.F.);
#2557 = EDGE_CURVE('',#2558,#2558,#2560,.T.);
#2558 = VERTEX_POINT('',#2559);
#2559 = CARTESIAN_POINT('',(-44.172363,-24.937571,-6.));
#2560 = CIRCLE('',#2561,1.5);
#2561 = AXIS2_PLACEMENT_3D('',#2562,#2563,#2564);
#2562 = CARTESIAN_POINT('',(-42.672363,-24.937571,-6.));
#2563 = DIRECTION('',(0.,0.,-1.));
#2564 = DIRECTION('',(-1.,-0.,-0.));
#2565 = FACE_BOUND('',#2566,.F.);
#2566 = EDGE_LOOP('',(#2567));
#2567 = ORIENTED_EDGE('',*,*,#2385,.F.);
#2568 = FACE_BOUND('',#2569,.F.);
#2569 = EDGE_LOOP('',(#2570));
#2570 = ORIENTED_EDGE('',*,*,#2571,.F.);
#2571 = EDGE_CURVE('',#2572,#2572,#2574,.T.);
#2572 = VERTEX_POINT('',#2573);
#2573 = CARTESIAN_POINT('',(-43.800327,-9.947939,-6.));
#2574 = CIRCLE('',#2575,1.5);
#2575 = AXIS2_PLACEMENT_3D('',#2576,#2577,#2578);
#2576 = CARTESIAN_POINT('',(-42.300327,-9.947939,-6.));
#2577 = DIRECTION('',(0.,0.,-1.));
#2578 = DIRECTION('',(-1.,-0.,-0.));
#2579 = FACE_BOUND('',#2580,.F.);
#2580 = EDGE_LOOP('',(#2581));
#2581 = ORIENTED_EDGE('',*,*,#2300,.F.);
#2582 = FACE_BOUND('',#2583,.F.);
#2583 = EDGE_LOOP('',(#2584));
#2584 = ORIENTED_EDGE('',*,*,#2585,.F.);
#2585 = EDGE_CURVE('',#2586,#2586,#2588,.T.);
#2586 = VERTEX_POINT('',#2587);
#2587 = CARTESIAN_POINT('',(-62.633274,-3.05,-6.));
#2588 = CIRCLE('',#2589,3.);
#2589 = AXIS2_PLACEMENT_3D('',#2590,#2591,#2592);
#2590 = CARTESIAN_POINT('',(-59.633274,-3.05,-6.));
#2591 = DIRECTION('',(0.,0.,-1.));
#2592 = DIRECTION('',(-1.,-0.,-0.));
#2593 = PLANE('',#2594);
#2594 = AXIS2_PLACEMENT_3D('',#2595,#2596,#2597);
#2595 = CARTESIAN_POINT('',(-37.54903074832,-22.17427246828,-6.));
#2596 = DIRECTION('',(0.,0.,1.));
#2597 = DIRECTION('',(1.,0.,0.));
#2598 = ADVANCED_FACE('',(#2599),#2617,.F.);
#2599 = FACE_BOUND('',#2600,.T.);
#2600 = EDGE_LOOP('',(#2601,#2602,#2603,#2611));
#2601 = ORIENTED_EDGE('',*,*,#2523,.F.);
#2602 = ORIENTED_EDGE('',*,*,#1656,.F.);
#2603 = ORIENTED_EDGE('',*,*,#2604,.T.);
#2604 = EDGE_CURVE('',#1649,#2605,#2607,.T.);
#2605 = VERTEX_POINT('',#2606);
#2606 = CARTESIAN_POINT('',(-77.18710537358,-33.193830952,-1.7));
#2607 = LINE('',#2608,#2609);
#2608 = CARTESIAN_POINT('',(-83.36289391968,-33.193830952,-1.7));
#2609 = VECTOR('',#2610,1.);
#2610 = DIRECTION('',(1.,0.,0.));
#2611 = ORIENTED_EDGE('',*,*,#2612,.F.);
#2612 = EDGE_CURVE('',#2516,#2605,#2613,.T.);
#2613 = LINE('',#2614,#2615);
#2614 = CARTESIAN_POINT('',(-77.18710537358,-33.193830952,-6.));
#2615 = VECTOR('',#2616,1.);
#2616 = DIRECTION('',(0.,0.,1.));
#2617 = PLANE('',#2618);
#2618 = AXIS2_PLACEMENT_3D('',#2619,#2620,#2621);
#2619 = CARTESIAN_POINT('',(-83.36289391968,-33.193830952,-6.));
#2620 = DIRECTION('',(-0.,-1.,-0.));
#2621 = DIRECTION('',(-1.,0.,0.));
#2622 = ADVANCED_FACE('',(#2623),#2633,.T.);
#2623 = FACE_BOUND('',#2624,.F.);
#2624 = EDGE_LOOP('',(#2625,#2626,#2627));
#2625 = ORIENTED_EDGE('',*,*,#1648,.F.);
#2626 = ORIENTED_EDGE('',*,*,#2604,.T.);
#2627 = ORIENTED_EDGE('',*,*,#2628,.T.);
#2628 = EDGE_CURVE('',#2605,#1641,#2629,.T.);
#2629 = LINE('',#2630,#2631);
#2630 = CARTESIAN_POINT('',(-77.18710537358,-33.193830952,-1.7));
#2631 = VECTOR('',#2632,1.);
#2632 = DIRECTION('',(-0.,-1.,-0.));
#2633 = PLANE('',#2634);
#2634 = AXIS2_PLACEMENT_3D('',#2635,#2636,#2637);
#2635 = CARTESIAN_POINT('',(-39.04573508216,-22.60584983461,-1.7));
#2636 = DIRECTION('',(0.,0.,1.));
#2637 = DIRECTION('',(1.,0.,0.));
#2638 = ADVANCED_FACE('',(#2639),#2645,.F.);
#2639 = FACE_BOUND('',#2640,.T.);
#2640 = EDGE_LOOP('',(#2641,#2642,#2643,#2644));
#2641 = ORIENTED_EDGE('',*,*,#2515,.F.);
#2642 = ORIENTED_EDGE('',*,*,#2612,.T.);
#2643 = ORIENTED_EDGE('',*,*,#2628,.T.);
#2644 = ORIENTED_EDGE('',*,*,#1640,.F.);
#2645 = PLANE('',#2646);
#2646 = AXIS2_PLACEMENT_3D('',#2647,#2648,#2649);
#2647 = CARTESIAN_POINT('',(-77.18710537358,-33.193830952,-6.));
#2648 = DIRECTION('',(-1.,-0.,-0.));
#2649 = DIRECTION('',(0.,1.,0.));
#2650 = ADVANCED_FACE('',(#2651),#2662,.F.);
#2651 = FACE_BOUND('',#2652,.T.);
#2652 = EDGE_LOOP('',(#2653,#2654,#2655,#2661));
#2653 = ORIENTED_EDGE('',*,*,#2504,.F.);
#2654 = ORIENTED_EDGE('',*,*,#1770,.F.);
#2655 = ORIENTED_EDGE('',*,*,#2656,.T.);
#2656 = EDGE_CURVE('',#1763,#1811,#2657,.T.);
#2657 = LINE('',#2658,#2659);
#2658 = CARTESIAN_POINT('',(-70.38006143868,-39.49008189641,-1.7));
#2659 = VECTOR('',#2660,1.);
#2660 = DIRECTION('',(0.,1.,0.));
#2661 = ORIENTED_EDGE('',*,*,#1818,.F.);
#2662 = PLANE('',#2663);
#2663 = AXIS2_PLACEMENT_3D('',#2664,#2665,#2666);
#2664 = CARTESIAN_POINT('',(-70.38006143868,-39.49008189641,-6.));
#2665 = DIRECTION('',(1.,0.,0.));
#2666 = DIRECTION('',(0.,-1.,0.));
#2667 = ADVANCED_FACE('',(#2668),#2674,.T.);
#2668 = FACE_BOUND('',#2669,.F.);
#2669 = EDGE_LOOP('',(#2670,#2671,#2672,#2673));
#2670 = ORIENTED_EDGE('',*,*,#1762,.F.);
#2671 = ORIENTED_EDGE('',*,*,#2656,.T.);
#2672 = ORIENTED_EDGE('',*,*,#1810,.T.);
#2673 = ORIENTED_EDGE('',*,*,#1786,.T.);
#2674 = PLANE('',#2675);
#2675 = AXIS2_PLACEMENT_3D('',#2676,#2677,#2678);
#2676 = CARTESIAN_POINT('',(-39.04573508216,-22.60584983461,-1.7));
#2677 = DIRECTION('',(0.,0.,1.));
#2678 = DIRECTION('',(1.,0.,0.));
#2679 = ADVANCED_FACE('',(#2680),#2698,.F.);
#2680 = FACE_BOUND('',#2681,.T.);
#2681 = EDGE_LOOP('',(#2682,#2683,#2684,#2692));
#2682 = ORIENTED_EDGE('',*,*,#2491,.F.);
#2683 = ORIENTED_EDGE('',*,*,#2014,.F.);
#2684 = ORIENTED_EDGE('',*,*,#2685,.T.);
#2685 = EDGE_CURVE('',#2007,#2686,#2688,.T.);
#2686 = VERTEX_POINT('',#2687);
#2687 = CARTESIAN_POINT('',(-12.78330212427,-46.33238255325,-1.7));
#2688 = LINE('',#2689,#2690);
#2689 = CARTESIAN_POINT('',(-18.96330212427,-46.33238255325,-1.7));
#2690 = VECTOR('',#2691,1.);
#2691 = DIRECTION('',(1.,0.,0.));
#2692 = ORIENTED_EDGE('',*,*,#2693,.F.);
#2693 = EDGE_CURVE('',#2484,#2686,#2694,.T.);
#2694 = LINE('',#2695,#2696);
#2695 = CARTESIAN_POINT('',(-12.78330212427,-46.33238255325,-6.));
#2696 = VECTOR('',#2697,1.);
#2697 = DIRECTION('',(0.,0.,1.));
#2698 = PLANE('',#2699);
#2699 = AXIS2_PLACEMENT_3D('',#2700,#2701,#2702);
#2700 = CARTESIAN_POINT('',(-18.96330212427,-46.33238255325,-6.));
#2701 = DIRECTION('',(-0.,-1.,-0.));
#2702 = DIRECTION('',(-1.,0.,0.));
#2703 = ADVANCED_FACE('',(#2704),#2714,.T.);
#2704 = FACE_BOUND('',#2705,.F.);
#2705 = EDGE_LOOP('',(#2706,#2707,#2708));
#2706 = ORIENTED_EDGE('',*,*,#2006,.F.);
#2707 = ORIENTED_EDGE('',*,*,#2685,.T.);
#2708 = ORIENTED_EDGE('',*,*,#2709,.T.);
#2709 = EDGE_CURVE('',#2686,#1999,#2710,.T.);
#2710 = LINE('',#2711,#2712);
#2711 = CARTESIAN_POINT('',(-12.78330212427,-46.33238255325,-1.7));
#2712 = VECTOR('',#2713,1.);
#2713 = DIRECTION('',(-0.,-1.,-0.));
#2714 = PLANE('',#2715);
#2715 = AXIS2_PLACEMENT_3D('',#2716,#2717,#2718);
#2716 = CARTESIAN_POINT('',(-39.04573508216,-22.60584983461,-1.7));
#2717 = DIRECTION('',(0.,0.,1.));
#2718 = DIRECTION('',(1.,0.,0.));
#2719 = ADVANCED_FACE('',(#2720),#2726,.F.);
#2720 = FACE_BOUND('',#2721,.T.);
#2721 = EDGE_LOOP('',(#2722,#2723,#2724,#2725));
#2722 = ORIENTED_EDGE('',*,*,#2483,.F.);
#2723 = ORIENTED_EDGE('',*,*,#2693,.T.);
#2724 = ORIENTED_EDGE('',*,*,#2709,.T.);
#2725 = ORIENTED_EDGE('',*,*,#1998,.F.);
#2726 = PLANE('',#2727);
#2727 = AXIS2_PLACEMENT_3D('',#2728,#2729,#2730);
#2728 = CARTESIAN_POINT('',(-12.78330212427,-46.33238255325,-6.));
#2729 = DIRECTION('',(-1.,-0.,-0.));
#2730 = DIRECTION('',(0.,1.,0.));
#2731 = ADVANCED_FACE('',(#2732),#2750,.F.);
#2732 = FACE_BOUND('',#2733,.T.);
#2733 = EDGE_LOOP('',(#2734,#2735,#2736,#2744));
#2734 = ORIENTED_EDGE('',*,*,#2472,.F.);
#2735 = ORIENTED_EDGE('',*,*,#2144,.F.);
#2736 = ORIENTED_EDGE('',*,*,#2737,.T.);
#2737 = EDGE_CURVE('',#2137,#2738,#2740,.T.);
#2738 = VERTEX_POINT('',#2739);
#2739 = CARTESIAN_POINT('',(-5.866014502726,-46.33169529165,-1.7));
#2740 = LINE('',#2741,#2742);
#2741 = CARTESIAN_POINT('',(-5.866014502726,-52.53169529165,-1.7));
#2742 = VECTOR('',#2743,1.);
#2743 = DIRECTION('',(0.,1.,0.));
#2744 = ORIENTED_EDGE('',*,*,#2745,.F.);
#2745 = EDGE_CURVE('',#2465,#2738,#2746,.T.);
#2746 = LINE('',#2747,#2748);
#2747 = CARTESIAN_POINT('',(-5.866014502726,-46.33169529165,-6.));
#2748 = VECTOR('',#2749,1.);
#2749 = DIRECTION('',(0.,0.,1.));
#2750 = PLANE('',#2751);
#2751 = AXIS2_PLACEMENT_3D('',#2752,#2753,#2754);
#2752 = CARTESIAN_POINT('',(-5.866014502726,-52.53169529165,-6.));
#2753 = DIRECTION('',(1.,0.,0.));
#2754 = DIRECTION('',(0.,-1.,0.));
#2755 = ADVANCED_FACE('',(#2756),#2766,.T.);
#2756 = FACE_BOUND('',#2757,.F.);
#2757 = EDGE_LOOP('',(#2758,#2759,#2760));
#2758 = ORIENTED_EDGE('',*,*,#2136,.F.);
#2759 = ORIENTED_EDGE('',*,*,#2737,.T.);
#2760 = ORIENTED_EDGE('',*,*,#2761,.T.);
#2761 = EDGE_CURVE('',#2738,#2129,#2762,.T.);
#2762 = LINE('',#2763,#2764);
#2763 = CARTESIAN_POINT('',(-5.866014502726,-46.33169529165,-1.7));
#2764 = VECTOR('',#2765,1.);
#2765 = DIRECTION('',(1.,0.,0.));
#2766 = PLANE('',#2767);
#2767 = AXIS2_PLACEMENT_3D('',#2768,#2769,#2770);
#2768 = CARTESIAN_POINT('',(-39.04573508216,-22.60584983461,-1.7));
#2769 = DIRECTION('',(0.,0.,1.));
#2770 = DIRECTION('',(1.,0.,0.));
#2771 = ADVANCED_FACE('',(#2772),#2778,.F.);
#2772 = FACE_BOUND('',#2773,.T.);
#2773 = EDGE_LOOP('',(#2774,#2775,#2776,#2777));
#2774 = ORIENTED_EDGE('',*,*,#2464,.F.);
#2775 = ORIENTED_EDGE('',*,*,#2745,.T.);
#2776 = ORIENTED_EDGE('',*,*,#2761,.T.);
#2777 = ORIENTED_EDGE('',*,*,#2128,.F.);
#2778 = PLANE('',#2779);
#2779 = AXIS2_PLACEMENT_3D('',#2780,#2781,#2782);
#2780 = CARTESIAN_POINT('',(-5.866014502726,-46.33169529165,-6.));
#2781 = DIRECTION('',(-0.,-1.,-0.));
#2782 = DIRECTION('',(-1.,0.,0.));
#2783 = ADVANCED_FACE('',(#2784),#2790,.F.);
#2784 = FACE_BOUND('',#2785,.T.);
#2785 = EDGE_LOOP('',(#2786,#2787,#2788,#2789));
#2786 = ORIENTED_EDGE('',*,*,#2453,.F.);
#2787 = ORIENTED_EDGE('',*,*,#2258,.F.);
#2788 = ORIENTED_EDGE('',*,*,#2401,.T.);
#2789 = ORIENTED_EDGE('',*,*,#2433,.F.);
#2790 = PLANE('',#2791);
#2791 = AXIS2_PLACEMENT_3D('',#2792,#2793,#2794);
#2792 = CARTESIAN_POINT('',(0.301509091963,-1.687145919827,-6.));
#2793 = DIRECTION('',(0.,1.,0.));
#2794 = DIRECTION('',(1.,0.,0.));
#2795 = ADVANCED_FACE('',(#2796),#2807,.T.);
#2796 = FACE_BOUND('',#2797,.T.);
#2797 = EDGE_LOOP('',(#2798,#2804,#2805,#2806));
#2798 = ORIENTED_EDGE('',*,*,#2799,.T.);
#2799 = EDGE_CURVE('',#2586,#2316,#2800,.T.);
#2800 = LINE('',#2801,#2802);
#2801 = CARTESIAN_POINT('',(-62.633274,-3.05,-6.));
#2802 = VECTOR('',#2803,1.);
#2803 = DIRECTION('',(0.,0.,1.));
#2804 = ORIENTED_EDGE('',*,*,#2315,.T.);
#2805 = ORIENTED_EDGE('',*,*,#2799,.F.);
#2806 = ORIENTED_EDGE('',*,*,#2585,.F.);
#2807 = CYLINDRICAL_SURFACE('',#2808,3.);
#2808 = AXIS2_PLACEMENT_3D('',#2809,#2810,#2811);
#2809 = CARTESIAN_POINT('',(-59.633274,-3.05,-6.));
#2810 = DIRECTION('',(0.,0.,-1.));
#2811 = DIRECTION('',(-1.,-0.,-0.));
#2812 = ADVANCED_FACE('',(#2813),#2824,.T.);
#2813 = FACE_BOUND('',#2814,.T.);
#2814 = EDGE_LOOP('',(#2815,#2821,#2822,#2823));
#2815 = ORIENTED_EDGE('',*,*,#2816,.T.);
#2816 = EDGE_CURVE('',#2547,#2336,#2817,.T.);
#2817 = LINE('',#2818,#2819);
#2818 = CARTESIAN_POINT('',(-26.45,-29.9,-6.));
#2819 = VECTOR('',#2820,1.);
#2820 = DIRECTION('',(0.,0.,1.));
#2821 = ORIENTED_EDGE('',*,*,#2335,.T.);
#2822 = ORIENTED_EDGE('',*,*,#2816,.F.);
#2823 = ORIENTED_EDGE('',*,*,#2546,.F.);
#2824 = CYLINDRICAL_SURFACE('',#2825,3.);
#2825 = AXIS2_PLACEMENT_3D('',#2826,#2827,#2828);
#2826 = CARTESIAN_POINT('',(-23.45,-29.9,-6.));
#2827 = DIRECTION('',(0.,0.,-1.));
#2828 = DIRECTION('',(-1.,-0.,-0.));
#2829 = ADVANCED_FACE('',(#2830),#2841,.T.);
#2830 = FACE_BOUND('',#2831,.T.);
#2831 = EDGE_LOOP('',(#2832,#2838,#2839,#2840));
#2832 = ORIENTED_EDGE('',*,*,#2833,.T.);
#2833 = EDGE_CURVE('',#2536,#2356,#2834,.T.);
#2834 = LINE('',#2835,#2836);
#2835 = CARTESIAN_POINT('',(-6.033274,-26.4,-6.));
#2836 = VECTOR('',#2837,1.);
#2837 = DIRECTION('',(0.,0.,1.));
#2838 = ORIENTED_EDGE('',*,*,#2355,.T.);
#2839 = ORIENTED_EDGE('',*,*,#2833,.F.);
#2840 = ORIENTED_EDGE('',*,*,#2535,.F.);
#2841 = CYLINDRICAL_SURFACE('',#2842,3.);
#2842 = AXIS2_PLACEMENT_3D('',#2843,#2844,#2845);
#2843 = CARTESIAN_POINT('',(-3.033274,-26.4,-6.));
#2844 = DIRECTION('',(0.,0.,-1.));
#2845 = DIRECTION('',(-1.,-0.,-0.));
#2846 = ADVANCED_FACE('',(#2847),#2866,.T.);
#2847 = FACE_BOUND('',#2848,.T.);
#2848 = EDGE_LOOP('',(#2849,#2857,#2864,#2865));
#2849 = ORIENTED_EDGE('',*,*,#2850,.T.);
#2850 = EDGE_CURVE('',#2558,#2851,#2853,.T.);
#2851 = VERTEX_POINT('',#2852);
#2852 = CARTESIAN_POINT('',(-44.172363,-24.937571,-1.7));
#2853 = LINE('',#2854,#2855);
#2854 = CARTESIAN_POINT('',(-44.172363,-24.937571,-6.));
#2855 = VECTOR('',#2856,1.);
#2856 = DIRECTION('',(0.,0.,1.));
#2857 = ORIENTED_EDGE('',*,*,#2858,.T.);
#2858 = EDGE_CURVE('',#2851,#2851,#2859,.T.);
#2859 = CIRCLE('',#2860,1.5);
#2860 = AXIS2_PLACEMENT_3D('',#2861,#2862,#2863);
#2861 = CARTESIAN_POINT('',(-42.672363,-24.937571,-1.7));
#2862 = DIRECTION('',(0.,0.,-1.));
#2863 = DIRECTION('',(-1.,-0.,-0.));
#2864 = ORIENTED_EDGE('',*,*,#2850,.F.);
#2865 = ORIENTED_EDGE('',*,*,#2557,.F.);
#2866 = CYLINDRICAL_SURFACE('',#2867,1.5);
#2867 = AXIS2_PLACEMENT_3D('',#2868,#2869,#2870);
#2868 = CARTESIAN_POINT('',(-42.672363,-24.937571,-6.));
#2869 = DIRECTION('',(0.,0.,-1.));
#2870 = DIRECTION('',(-1.,-0.,-0.));
#2871 = ADVANCED_FACE('',(#2872),#2891,.T.);
#2872 = FACE_BOUND('',#2873,.T.);
#2873 = EDGE_LOOP('',(#2874,#2882,#2889,#2890));
#2874 = ORIENTED_EDGE('',*,*,#2875,.T.);
#2875 = EDGE_CURVE('',#2572,#2876,#2878,.T.);
#2876 = VERTEX_POINT('',#2877);
#2877 = CARTESIAN_POINT('',(-43.800327,-9.947939,-1.7));
#2878 = LINE('',#2879,#2880);
#2879 = CARTESIAN_POINT('',(-43.800327,-9.947939,-6.));
#2880 = VECTOR('',#2881,1.);
#2881 = DIRECTION('',(0.,0.,1.));
#2882 = ORIENTED_EDGE('',*,*,#2883,.T.);
#2883 = EDGE_CURVE('',#2876,#2876,#2884,.T.);
#2884 = CIRCLE('',#2885,1.5);
#2885 = AXIS2_PLACEMENT_3D('',#2886,#2887,#2888);
#2886 = CARTESIAN_POINT('',(-42.300327,-9.947939,-1.7));
#2887 = DIRECTION('',(0.,0.,-1.));
#2888 = DIRECTION('',(-1.,-0.,-0.));
#2889 = ORIENTED_EDGE('',*,*,#2875,.F.);
#2890 = ORIENTED_EDGE('',*,*,#2571,.F.);
#2891 = CYLINDRICAL_SURFACE('',#2892,1.5);
#2892 = AXIS2_PLACEMENT_3D('',#2893,#2894,#2895);
#2893 = CARTESIAN_POINT('',(-42.300327,-9.947939,-6.));
#2894 = DIRECTION('',(0.,0.,-1.));
#2895 = DIRECTION('',(-1.,-0.,-0.));
#2896 = ADVANCED_FACE('',(#2897),#2900,.T.);
#2897 = FACE_BOUND('',#2898,.F.);
#2898 = EDGE_LOOP('',(#2899));
#2899 = ORIENTED_EDGE('',*,*,#2858,.T.);
#2900 = PLANE('',#2901);
#2901 = AXIS2_PLACEMENT_3D('',#2902,#2903,#2904);
#2902 = CARTESIAN_POINT('',(-39.04573508216,-22.60584983461,-1.7));
#2903 = DIRECTION('',(0.,0.,1.));
#2904 = DIRECTION('',(1.,0.,0.));
#2905 = ADVANCED_FACE('',(#2906),#2909,.T.);
#2906 = FACE_BOUND('',#2907,.F.);
#2907 = EDGE_LOOP('',(#2908));
#2908 = ORIENTED_EDGE('',*,*,#2883,.T.);
#2909 = PLANE('',#2910);
#2910 = AXIS2_PLACEMENT_3D('',#2911,#2912,#2913);
#2911 = CARTESIAN_POINT('',(-39.04573508216,-22.60584983461,-1.7));
#2912 = DIRECTION('',(0.,0.,1.));
#2913 = DIRECTION('',(1.,0.,0.));
#2914 = MANIFOLD_SOLID_BREP('',#2915);
#2915 = CLOSED_SHELL('',(#2916,#2949,#2974,#3117,#3260,#3282,#3299,#3316
    ,#3333,#3350,#3367,#3384,#3401,#3418,#3435,#3452,#3464,#3489,#3514,
    #3539,#3556,#3573));
#2916 = ADVANCED_FACE('',(#2917),#2944,.F.);
#2917 = FACE_BOUND('',#2918,.T.);
#2918 = EDGE_LOOP('',(#2919,#2929,#2936,#2937));
#2919 = ORIENTED_EDGE('',*,*,#2920,.T.);
#2920 = EDGE_CURVE('',#2921,#2923,#2925,.T.);
#2921 = VERTEX_POINT('',#2922);
#2922 = CARTESIAN_POINT('',(-86.54789210973,-40.21005231162,-6.5));
#2923 = VERTEX_POINT('',#2924);
#2924 = CARTESIAN_POINT('',(-86.54789210973,-40.21005231162,-5.));
#2925 = LINE('',#2926,#2927);
#2926 = CARTESIAN_POINT('',(-86.54789210973,-40.21005231162,-8.));
#2927 = VECTOR('',#2928,1.);
#2928 = DIRECTION('',(0.,1.2E-16,1.));
#2929 = ORIENTED_EDGE('',*,*,#2930,.T.);
#2930 = EDGE_CURVE('',#2923,#2923,#2931,.T.);
#2931 = CIRCLE('',#2932,1.25);
#2932 = AXIS2_PLACEMENT_3D('',#2933,#2934,#2935);
#2933 = CARTESIAN_POINT('',(-85.29789210973,-40.21005231162,-5.));
#2934 = DIRECTION('',(-0.,1.2E-16,1.));
#2935 = DIRECTION('',(-1.,-0.,-0.));
#2936 = ORIENTED_EDGE('',*,*,#2920,.F.);
#2937 = ORIENTED_EDGE('',*,*,#2938,.F.);
#2938 = EDGE_CURVE('',#2921,#2921,#2939,.T.);
#2939 = CIRCLE('',#2940,1.25);
#2940 = AXIS2_PLACEMENT_3D('',#2941,#2942,#2943);
#2941 = CARTESIAN_POINT('',(-85.29789210973,-40.21005231162,-6.5));
#2942 = DIRECTION('',(-0.,0.,1.));
#2943 = DIRECTION('',(-1.,-0.,-0.));
#2944 = CYLINDRICAL_SURFACE('',#2945,1.25);
#2945 = AXIS2_PLACEMENT_3D('',#2946,#2947,#2948);
#2946 = CARTESIAN_POINT('',(-85.29789210973,-40.21005231162,-8.));
#2947 = DIRECTION('',(-0.,-1.2E-16,-1.));
#2948 = DIRECTION('',(-1.,-0.,-0.));
#2949 = ADVANCED_FACE('',(#2950),#2969,.F.);
#2950 = FACE_BOUND('',#2951,.T.);
#2951 = EDGE_LOOP('',(#2952,#2960,#2961,#2962));
#2952 = ORIENTED_EDGE('',*,*,#2953,.F.);
#2953 = EDGE_CURVE('',#2921,#2954,#2956,.T.);
#2954 = VERTEX_POINT('',#2955);
#2955 = CARTESIAN_POINT('',(-87.29576452181,-40.21005231162,-8.));
#2956 = LINE('',#2957,#2958);
#2957 = CARTESIAN_POINT('',(-86.54789210973,-40.21005231162,-6.5));
#2958 = VECTOR('',#2959,1.);
#2959 = DIRECTION('',(-0.44619781311,-0.,-0.894934361602));
#2960 = ORIENTED_EDGE('',*,*,#2938,.T.);
#2961 = ORIENTED_EDGE('',*,*,#2953,.T.);
#2962 = ORIENTED_EDGE('',*,*,#2963,.F.);
#2963 = EDGE_CURVE('',#2954,#2954,#2964,.T.);
#2964 = CIRCLE('',#2965,1.99787241208);
#2965 = AXIS2_PLACEMENT_3D('',#2966,#2967,#2968);
#2966 = CARTESIAN_POINT('',(-85.29789210973,-40.21005231162,-8.));
#2967 = DIRECTION('',(-0.,0.,1.));
#2968 = DIRECTION('',(-1.,-0.,-0.));
#2969 = CONICAL_SURFACE('',#2970,1.25,0.462512251778);
#2970 = AXIS2_PLACEMENT_3D('',#2971,#2972,#2973);
#2971 = CARTESIAN_POINT('',(-85.29789210973,-40.21005231162,-6.5));
#2972 = DIRECTION('',(-0.,-0.,-1.));
#2973 = DIRECTION('',(-1.,-0.,-0.));
#2974 = ADVANCED_FACE('',(#2975,#3076,#3079,#3090,#3101),#3112,.T.);
#2975 = FACE_BOUND('',#2976,.T.);
#2976 = EDGE_LOOP('',(#2977,#2988,#2996,#3005,#3013,#3022,#3030,#3038,
    #3046,#3054,#3062,#3070));
#2977 = ORIENTED_EDGE('',*,*,#2978,.T.);
#2978 = EDGE_CURVE('',#2979,#2981,#2983,.T.);
#2979 = VERTEX_POINT('',#2980);
#2980 = CARTESIAN_POINT('',(-100.7024941749,-35.25343208167,-5.));
#2981 = VERTEX_POINT('',#2982);
#2982 = CARTESIAN_POINT('',(-101.853707312,-37.83780351727,-5.));
#2983 = CIRCLE('',#2984,2.);
#2984 = AXIS2_PLACEMENT_3D('',#2985,#2986,#2987);
#2985 = CARTESIAN_POINT('',(-99.98660412682,-37.12091740664,-5.));
#2986 = DIRECTION('',(-0.,1.2E-16,1.));
#2987 = DIRECTION('',(-1.,-0.,-0.));
#2988 = ORIENTED_EDGE('',*,*,#2989,.T.);
#2989 = EDGE_CURVE('',#2981,#2990,#2992,.T.);
#2990 = VERTEX_POINT('',#2991);
#2991 = CARTESIAN_POINT('',(-89.51826434639,-69.96500546915,-5.));
#2992 = LINE('',#2993,#2994);
#2993 = CARTESIAN_POINT('',(-101.853707312,-37.83780351727,-5.));
#2994 = VECTOR('',#2995,1.);
#2995 = DIRECTION('',(0.358443055316,-0.933551592627,1.1E-16));
#2996 = ORIENTED_EDGE('',*,*,#2997,.T.);
#2997 = EDGE_CURVE('',#2990,#2998,#3000,.T.);
#2998 = VERTEX_POINT('',#2999);
#2999 = CARTESIAN_POINT('',(-86.93437112406,-71.11525942899,-5.));
#3000 = CIRCLE('',#3001,2.);
#3001 = AXIS2_PLACEMENT_3D('',#3002,#3003,#3004);
#3002 = CARTESIAN_POINT('',(-87.65116116114,-69.24811935852,-5.));
#3003 = DIRECTION('',(-0.,1.2E-16,1.));
#3004 = DIRECTION('',(-1.,-0.,-0.));
#3005 = ORIENTED_EDGE('',*,*,#3006,.T.);
#3006 = EDGE_CURVE('',#2998,#3007,#3009,.T.);
#3007 = VERTEX_POINT('',#3008);
#3008 = CARTESIAN_POINT('',(-63.99459745268,-62.30874218872,-5.));
#3009 = LINE('',#3010,#3011);
#3010 = CARTESIAN_POINT('',(-86.93437112406,-71.11525942899,-5.));
#3011 = VECTOR('',#3012,1.);
#3012 = DIRECTION('',(0.933570035233,0.358395018541,-4.E-17));
#3013 = ORIENTED_EDGE('',*,*,#3014,.T.);
#3014 = EDGE_CURVE('',#3007,#3015,#3017,.T.);
#3015 = VERTEX_POINT('',#3016);
#3016 = CARTESIAN_POINT('',(-33.18765949639,-36.08935652153,-5.));
#3017 = CIRCLE('',#3018,21.);
#3018 = AXIS2_PLACEMENT_3D('',#3019,#3020,#3021);
#3019 = CARTESIAN_POINT('',(-52.2499923706,-44.90000152587,-5.));
#3020 = DIRECTION('',(-0.,1.2E-16,1.));
#3021 = DIRECTION('',(-1.,-0.,-0.));
#3022 = ORIENTED_EDGE('',*,*,#3023,.T.);
#3023 = EDGE_CURVE('',#3015,#3024,#3026,.T.);
#3024 = VERTEX_POINT('',#3025);
#3025 = CARTESIAN_POINT('',(-33.993244,-34.619347,-5.));
#3026 = LINE('',#3027,#3028);
#3027 = CARTESIAN_POINT('',(-33.18765949639,-36.08935652153,-5.));
#3028 = VECTOR('',#3029,1.);
#3029 = DIRECTION('',(-0.480580455988,0.876950640186,-1.1E-16));
#3030 = ORIENTED_EDGE('',*,*,#3031,.T.);
#3031 = EDGE_CURVE('',#3024,#3032,#3034,.T.);
#3032 = VERTEX_POINT('',#3033);
#3033 = CARTESIAN_POINT('',(-65.34223,-34.619347,-5.));
#3034 = LINE('',#3035,#3036);
#3035 = CARTESIAN_POINT('',(-33.993244,-34.619347,-5.));
#3036 = VECTOR('',#3037,1.);
#3037 = DIRECTION('',(-1.,-0.,-0.));
#3038 = ORIENTED_EDGE('',*,*,#3039,.F.);
#3039 = EDGE_CURVE('',#3040,#3032,#3042,.T.);
#3040 = VERTEX_POINT('',#3041);
#3041 = CARTESIAN_POINT('',(-69.833748,-40.86805,-5.));
#3042 = LINE('',#3043,#3044);
#3043 = CARTESIAN_POINT('',(-69.833748,-40.86805,-5.));
#3044 = VECTOR('',#3045,1.);
#3045 = DIRECTION('',(0.583658558436,0.811999191604,-1.E-16));
#3046 = ORIENTED_EDGE('',*,*,#3047,.F.);
#3047 = EDGE_CURVE('',#3048,#3040,#3050,.T.);
#3048 = VERTEX_POINT('',#3049);
#3049 = CARTESIAN_POINT('',(-78.075409,-40.678715,-5.));
#3050 = LINE('',#3051,#3052);
#3051 = CARTESIAN_POINT('',(-78.075409,-40.678715,-5.));
#3052 = VECTOR('',#3053,1.);
#3053 = DIRECTION('',(0.999736226927,-2.296685807936E-02,0.));
#3054 = ORIENTED_EDGE('',*,*,#3055,.T.);
#3055 = EDGE_CURVE('',#3048,#3056,#3058,.T.);
#3056 = VERTEX_POINT('',#3057);
#3057 = CARTESIAN_POINT('',(-84.764404,-33.658726,-5.));
#3058 = LINE('',#3059,#3060);
#3059 = CARTESIAN_POINT('',(-78.075409,-40.678715,-5.));
#3060 = VECTOR('',#3061,1.);
#3061 = DIRECTION('',(-0.689833134692,0.723968401438,-9.E-17));
#3062 = ORIENTED_EDGE('',*,*,#3063,.T.);
#3063 = EDGE_CURVE('',#3056,#3064,#3066,.T.);
#3064 = VERTEX_POINT('',#3065);
#3065 = CARTESIAN_POINT('',(-85.01115474213,-29.2382449251,-5.));
#3066 = LINE('',#3067,#3068);
#3067 = CARTESIAN_POINT('',(-84.764404,-33.658726,-5.));
#3068 = VECTOR('',#3069,1.);
#3069 = DIRECTION('',(-5.573312353726E-02,0.998445701549,-1.2E-16));
#3070 = ORIENTED_EDGE('',*,*,#3071,.F.);
#3071 = EDGE_CURVE('',#2979,#3064,#3072,.T.);
#3072 = LINE('',#3073,#3074);
#3073 = CARTESIAN_POINT('',(-100.7024941749,-35.25343208167,-5.));
#3074 = VECTOR('',#3075,1.);
#3075 = DIRECTION('',(0.933742662486,0.357945024067,-4.E-17));
#3076 = FACE_BOUND('',#3077,.F.);
#3077 = EDGE_LOOP('',(#3078));
#3078 = ORIENTED_EDGE('',*,*,#2930,.T.);
#3079 = FACE_BOUND('',#3080,.F.);
#3080 = EDGE_LOOP('',(#3081));
#3081 = ORIENTED_EDGE('',*,*,#3082,.T.);
#3082 = EDGE_CURVE('',#3083,#3083,#3085,.T.);
#3083 = VERTEX_POINT('',#3084);
#3084 = CARTESIAN_POINT('',(-80.15294365896,-56.86944768327,-5.));
#3085 = CIRCLE('',#3086,1.25);
#3086 = AXIS2_PLACEMENT_3D('',#3087,#3088,#3089);
#3087 = CARTESIAN_POINT('',(-78.90294365896,-56.86944768327,-5.));
#3088 = DIRECTION('',(-0.,1.2E-16,1.));
#3089 = DIRECTION('',(-1.,-0.,-0.));
#3090 = FACE_BOUND('',#3091,.F.);
#3091 = EDGE_LOOP('',(#3092));
#3092 = ORIENTED_EDGE('',*,*,#3093,.T.);
#3093 = EDGE_CURVE('',#3094,#3094,#3096,.T.);
#3094 = VERTEX_POINT('',#3095);
#3095 = CARTESIAN_POINT('',(-62.24703302495,-57.39207020128,-5.));
#3096 = CIRCLE('',#3097,1.25);
#3097 = AXIS2_PLACEMENT_3D('',#3098,#3099,#3100);
#3098 = CARTESIAN_POINT('',(-60.99703302495,-57.39207020128,-5.));
#3099 = DIRECTION('',(-0.,1.2E-16,1.));
#3100 = DIRECTION('',(-1.,-0.,-0.));
#3101 = FACE_BOUND('',#3102,.F.);
#3102 = EDGE_LOOP('',(#3103));
#3103 = ORIENTED_EDGE('',*,*,#3104,.T.);
#3104 = EDGE_CURVE('',#3105,#3105,#3107,.T.);
#3105 = VERTEX_POINT('',#3106);
#3106 = CARTESIAN_POINT('',(-38.2499923706,-44.90000152587,-5.));
#3107 = CIRCLE('',#3108,1.25);
#3108 = AXIS2_PLACEMENT_3D('',#3109,#3110,#3111);
#3109 = CARTESIAN_POINT('',(-36.9999923706,-44.90000152587,-5.));
#3110 = DIRECTION('',(-0.,1.2E-16,1.));
#3111 = DIRECTION('',(-1.,-0.,-0.));
#3112 = PLANE('',#3113);
#3113 = AXIS2_PLACEMENT_3D('',#3114,#3115,#3116);
#3114 = CARTESIAN_POINT('',(-67.75002273591,-48.65613244167,-5.));
#3115 = DIRECTION('',(-0.,1.2E-16,1.));
#3116 = DIRECTION('',(1.,0.,0.));
#3117 = ADVANCED_FACE('',(#3118,#3129,#3230,#3233,#3244),#3255,.F.);
#3118 = FACE_BOUND('',#3119,.T.);
#3119 = EDGE_LOOP('',(#3120));
#3120 = ORIENTED_EDGE('',*,*,#3121,.T.);
#3121 = EDGE_CURVE('',#3122,#3122,#3124,.T.);
#3122 = VERTEX_POINT('',#3123);
#3123 = CARTESIAN_POINT('',(-80.90081607104,-56.86944768327,-8.));
#3124 = CIRCLE('',#3125,1.99787241208);
#3125 = AXIS2_PLACEMENT_3D('',#3126,#3127,#3128);
#3126 = CARTESIAN_POINT('',(-78.90294365896,-56.86944768327,-8.));
#3127 = DIRECTION('',(0.,0.,1.));
#3128 = DIRECTION('',(-1.,-0.,-0.));
#3129 = FACE_BOUND('',#3130,.F.);
#3130 = EDGE_LOOP('',(#3131,#3142,#3150,#3159,#3167,#3176,#3184,#3192,
    #3200,#3208,#3216,#3224));
#3131 = ORIENTED_EDGE('',*,*,#3132,.T.);
#3132 = EDGE_CURVE('',#3133,#3135,#3137,.T.);
#3133 = VERTEX_POINT('',#3134);
#3134 = CARTESIAN_POINT('',(-100.7024941749,-35.25343208167,-8.));
#3135 = VERTEX_POINT('',#3136);
#3136 = CARTESIAN_POINT('',(-101.853707312,-37.83780351727,-8.));
#3137 = CIRCLE('',#3138,2.);
#3138 = AXIS2_PLACEMENT_3D('',#3139,#3140,#3141);
#3139 = CARTESIAN_POINT('',(-99.98660412682,-37.12091740664,-8.));
#3140 = DIRECTION('',(-0.,1.2E-16,1.));
#3141 = DIRECTION('',(-1.,-0.,-0.));
#3142 = ORIENTED_EDGE('',*,*,#3143,.T.);
#3143 = EDGE_CURVE('',#3135,#3144,#3146,.T.);
#3144 = VERTEX_POINT('',#3145);
#3145 = CARTESIAN_POINT('',(-89.51826434639,-69.96500546915,-8.));
#3146 = LINE('',#3147,#3148);
#3147 = CARTESIAN_POINT('',(-101.853707312,-37.83780351727,-8.));
#3148 = VECTOR('',#3149,1.);
#3149 = DIRECTION('',(0.358443055316,-0.933551592627,1.1E-16));
#3150 = ORIENTED_EDGE('',*,*,#3151,.T.);
#3151 = EDGE_CURVE('',#3144,#3152,#3154,.T.);
#3152 = VERTEX_POINT('',#3153);
#3153 = CARTESIAN_POINT('',(-86.93437112406,-71.11525942899,-8.));
#3154 = CIRCLE('',#3155,2.);
#3155 = AXIS2_PLACEMENT_3D('',#3156,#3157,#3158);
#3156 = CARTESIAN_POINT('',(-87.65116116114,-69.24811935852,-8.));
#3157 = DIRECTION('',(-0.,1.2E-16,1.));
#3158 = DIRECTION('',(-1.,-0.,-0.));
#3159 = ORIENTED_EDGE('',*,*,#3160,.T.);
#3160 = EDGE_CURVE('',#3152,#3161,#3163,.T.);
#3161 = VERTEX_POINT('',#3162);
#3162 = CARTESIAN_POINT('',(-63.99459745268,-62.30874218872,-8.));
#3163 = LINE('',#3164,#3165);
#3164 = CARTESIAN_POINT('',(-86.93437112406,-71.11525942899,-8.));
#3165 = VECTOR('',#3166,1.);
#3166 = DIRECTION('',(0.933570035233,0.358395018541,-4.E-17));
#3167 = ORIENTED_EDGE('',*,*,#3168,.T.);
#3168 = EDGE_CURVE('',#3161,#3169,#3171,.T.);
#3169 = VERTEX_POINT('',#3170);
#3170 = CARTESIAN_POINT('',(-33.18765949639,-36.08935652153,-8.));
#3171 = CIRCLE('',#3172,21.);
#3172 = AXIS2_PLACEMENT_3D('',#3173,#3174,#3175);
#3173 = CARTESIAN_POINT('',(-52.2499923706,-44.90000152587,-8.));
#3174 = DIRECTION('',(-0.,1.2E-16,1.));
#3175 = DIRECTION('',(-1.,-0.,-0.));
#3176 = ORIENTED_EDGE('',*,*,#3177,.T.);
#3177 = EDGE_CURVE('',#3169,#3178,#3180,.T.);
#3178 = VERTEX_POINT('',#3179);
#3179 = CARTESIAN_POINT('',(-33.993244,-34.619347,-8.));
#3180 = LINE('',#3181,#3182);
#3181 = CARTESIAN_POINT('',(-33.18765949639,-36.08935652153,-8.));
#3182 = VECTOR('',#3183,1.);
#3183 = DIRECTION('',(-0.480580455988,0.876950640186,-1.1E-16));
#3184 = ORIENTED_EDGE('',*,*,#3185,.T.);
#3185 = EDGE_CURVE('',#3178,#3186,#3188,.T.);
#3186 = VERTEX_POINT('',#3187);
#3187 = CARTESIAN_POINT('',(-65.34223,-34.619347,-8.));
#3188 = LINE('',#3189,#3190);
#3189 = CARTESIAN_POINT('',(-33.993244,-34.619347,-8.));
#3190 = VECTOR('',#3191,1.);
#3191 = DIRECTION('',(-1.,-0.,-0.));
#3192 = ORIENTED_EDGE('',*,*,#3193,.F.);
#3193 = EDGE_CURVE('',#3194,#3186,#3196,.T.);
#3194 = VERTEX_POINT('',#3195);
#3195 = CARTESIAN_POINT('',(-69.833748,-40.86805,-8.));
#3196 = LINE('',#3197,#3198);
#3197 = CARTESIAN_POINT('',(-69.833748,-40.86805,-8.));
#3198 = VECTOR('',#3199,1.);
#3199 = DIRECTION('',(0.583658558436,0.811999191604,-1.E-16));
#3200 = ORIENTED_EDGE('',*,*,#3201,.F.);
#3201 = EDGE_CURVE('',#3202,#3194,#3204,.T.);
#3202 = VERTEX_POINT('',#3203);
#3203 = CARTESIAN_POINT('',(-78.075409,-40.678715,-8.));
#3204 = LINE('',#3205,#3206);
#3205 = CARTESIAN_POINT('',(-78.075409,-40.678715,-8.));
#3206 = VECTOR('',#3207,1.);
#3207 = DIRECTION('',(0.999736226927,-2.296685807936E-02,0.));
#3208 = ORIENTED_EDGE('',*,*,#3209,.T.);
#3209 = EDGE_CURVE('',#3202,#3210,#3212,.T.);
#3210 = VERTEX_POINT('',#3211);
#3211 = CARTESIAN_POINT('',(-84.764404,-33.658726,-8.));
#3212 = LINE('',#3213,#3214);
#3213 = CARTESIAN_POINT('',(-78.075409,-40.678715,-8.));
#3214 = VECTOR('',#3215,1.);
#3215 = DIRECTION('',(-0.689833134692,0.723968401438,-9.E-17));
#3216 = ORIENTED_EDGE('',*,*,#3217,.T.);
#3217 = EDGE_CURVE('',#3210,#3218,#3220,.T.);
#3218 = VERTEX_POINT('',#3219);
#3219 = CARTESIAN_POINT('',(-85.01115474213,-29.2382449251,-8.));
#3220 = LINE('',#3221,#3222);
#3221 = CARTESIAN_POINT('',(-84.764404,-33.658726,-8.));
#3222 = VECTOR('',#3223,1.);
#3223 = DIRECTION('',(-5.573312353726E-02,0.998445701549,-1.2E-16));
#3224 = ORIENTED_EDGE('',*,*,#3225,.F.);
#3225 = EDGE_CURVE('',#3133,#3218,#3226,.T.);
#3226 = LINE('',#3227,#3228);
#3227 = CARTESIAN_POINT('',(-100.7024941749,-35.25343208167,-8.));
#3228 = VECTOR('',#3229,1.);
#3229 = DIRECTION('',(0.933742662486,0.357945024067,-4.E-17));
#3230 = FACE_BOUND('',#3231,.T.);
#3231 = EDGE_LOOP('',(#3232));
#3232 = ORIENTED_EDGE('',*,*,#2963,.T.);
#3233 = FACE_BOUND('',#3234,.T.);
#3234 = EDGE_LOOP('',(#3235));
#3235 = ORIENTED_EDGE('',*,*,#3236,.T.);
#3236 = EDGE_CURVE('',#3237,#3237,#3239,.T.);
#3237 = VERTEX_POINT('',#3238);
#3238 = CARTESIAN_POINT('',(-62.99490543703,-57.39207020128,-8.));
#3239 = CIRCLE('',#3240,1.99787241208);
#3240 = AXIS2_PLACEMENT_3D('',#3241,#3242,#3243);
#3241 = CARTESIAN_POINT('',(-60.99703302495,-57.39207020128,-8.));
#3242 = DIRECTION('',(0.,0.,1.));
#3243 = DIRECTION('',(-1.,-0.,-0.));
#3244 = FACE_BOUND('',#3245,.T.);
#3245 = EDGE_LOOP('',(#3246));
#3246 = ORIENTED_EDGE('',*,*,#3247,.T.);
#3247 = EDGE_CURVE('',#3248,#3248,#3250,.T.);
#3248 = VERTEX_POINT('',#3249);
#3249 = CARTESIAN_POINT('',(-38.99786478268,-44.90000152587,-8.));
#3250 = CIRCLE('',#3251,1.99787241208);
#3251 = AXIS2_PLACEMENT_3D('',#3252,#3253,#3254);
#3252 = CARTESIAN_POINT('',(-36.9999923706,-44.90000152587,-8.));
#3253 = DIRECTION('',(-0.,0.,1.));
#3254 = DIRECTION('',(-1.,-0.,-0.));
#3255 = PLANE('',#3256);
#3256 = AXIS2_PLACEMENT_3D('',#3257,#3258,#3259);
#3257 = CARTESIAN_POINT('',(-67.75002273591,-48.65613244167,-8.));
#3258 = DIRECTION('',(-0.,1.2E-16,1.));
#3259 = DIRECTION('',(1.,0.,0.));
#3260 = ADVANCED_FACE('',(#3261),#3277,.T.);
#3261 = FACE_BOUND('',#3262,.F.);
#3262 = EDGE_LOOP('',(#3263,#3269,#3270,#3276));
#3263 = ORIENTED_EDGE('',*,*,#3264,.T.);
#3264 = EDGE_CURVE('',#3133,#2979,#3265,.T.);
#3265 = LINE('',#3266,#3267);
#3266 = CARTESIAN_POINT('',(-100.7024941749,-35.25343208167,-8.));
#3267 = VECTOR('',#3268,1.);
#3268 = DIRECTION('',(0.,1.2E-16,1.));
#3269 = ORIENTED_EDGE('',*,*,#2978,.T.);
#3270 = ORIENTED_EDGE('',*,*,#3271,.F.);
#3271 = EDGE_CURVE('',#3135,#2981,#3272,.T.);
#3272 = LINE('',#3273,#3274);
#3273 = CARTESIAN_POINT('',(-101.853707312,-37.83780351727,-8.));
#3274 = VECTOR('',#3275,1.);
#3275 = DIRECTION('',(0.,1.2E-16,1.));
#3276 = ORIENTED_EDGE('',*,*,#3132,.F.);
#3277 = CYLINDRICAL_SURFACE('',#3278,2.);
#3278 = AXIS2_PLACEMENT_3D('',#3279,#3280,#3281);
#3279 = CARTESIAN_POINT('',(-99.98660412682,-37.12091740664,-8.));
#3280 = DIRECTION('',(-0.,-1.2E-16,-1.));
#3281 = DIRECTION('',(-1.,-0.,-0.));
#3282 = ADVANCED_FACE('',(#3283),#3294,.T.);
#3283 = FACE_BOUND('',#3284,.F.);
#3284 = EDGE_LOOP('',(#3285,#3286,#3287,#3293));
#3285 = ORIENTED_EDGE('',*,*,#3271,.T.);
#3286 = ORIENTED_EDGE('',*,*,#2989,.T.);
#3287 = ORIENTED_EDGE('',*,*,#3288,.F.);
#3288 = EDGE_CURVE('',#3144,#2990,#3289,.T.);
#3289 = LINE('',#3290,#3291);
#3290 = CARTESIAN_POINT('',(-89.51826434639,-69.96500546915,-8.));
#3291 = VECTOR('',#3292,1.);
#3292 = DIRECTION('',(0.,1.2E-16,1.));
#3293 = ORIENTED_EDGE('',*,*,#3143,.F.);
#3294 = PLANE('',#3295);
#3295 = AXIS2_PLACEMENT_3D('',#3296,#3297,#3298);
#3296 = CARTESIAN_POINT('',(-101.853707312,-37.83780351727,-8.));
#3297 = DIRECTION('',(-0.933551592627,-0.358443055316,4.E-17));
#3298 = DIRECTION('',(-0.358443055316,0.933551592627,-1.1E-16));
#3299 = ADVANCED_FACE('',(#3300),#3311,.T.);
#3300 = FACE_BOUND('',#3301,.F.);
#3301 = EDGE_LOOP('',(#3302,#3303,#3304,#3310));
#3302 = ORIENTED_EDGE('',*,*,#3288,.T.);
#3303 = ORIENTED_EDGE('',*,*,#2997,.T.);
#3304 = ORIENTED_EDGE('',*,*,#3305,.F.);
#3305 = EDGE_CURVE('',#3152,#2998,#3306,.T.);
#3306 = LINE('',#3307,#3308);
#3307 = CARTESIAN_POINT('',(-86.93437112406,-71.11525942899,-8.));
#3308 = VECTOR('',#3309,1.);
#3309 = DIRECTION('',(0.,1.2E-16,1.));
#3310 = ORIENTED_EDGE('',*,*,#3151,.F.);
#3311 = CYLINDRICAL_SURFACE('',#3312,2.);
#3312 = AXIS2_PLACEMENT_3D('',#3313,#3314,#3315);
#3313 = CARTESIAN_POINT('',(-87.65116116114,-69.24811935852,-8.));
#3314 = DIRECTION('',(-0.,-1.2E-16,-1.));
#3315 = DIRECTION('',(-1.,-0.,-0.));
#3316 = ADVANCED_FACE('',(#3317),#3328,.T.);
#3317 = FACE_BOUND('',#3318,.F.);
#3318 = EDGE_LOOP('',(#3319,#3320,#3321,#3327));
#3319 = ORIENTED_EDGE('',*,*,#3305,.T.);
#3320 = ORIENTED_EDGE('',*,*,#3006,.T.);
#3321 = ORIENTED_EDGE('',*,*,#3322,.F.);
#3322 = EDGE_CURVE('',#3161,#3007,#3323,.T.);
#3323 = LINE('',#3324,#3325);
#3324 = CARTESIAN_POINT('',(-63.99459745268,-62.30874218872,-8.));
#3325 = VECTOR('',#3326,1.);
#3326 = DIRECTION('',(0.,1.2E-16,1.));
#3327 = ORIENTED_EDGE('',*,*,#3160,.F.);
#3328 = PLANE('',#3329);
#3329 = AXIS2_PLACEMENT_3D('',#3330,#3331,#3332);
#3330 = CARTESIAN_POINT('',(-86.93437112406,-71.11525942899,-8.));
#3331 = DIRECTION('',(0.358395018541,-0.933570035233,1.1E-16));
#3332 = DIRECTION('',(-0.933570035233,-0.358395018541,4.E-17));
#3333 = ADVANCED_FACE('',(#3334),#3345,.T.);
#3334 = FACE_BOUND('',#3335,.F.);
#3335 = EDGE_LOOP('',(#3336,#3337,#3338,#3344));
#3336 = ORIENTED_EDGE('',*,*,#3322,.T.);
#3337 = ORIENTED_EDGE('',*,*,#3014,.T.);
#3338 = ORIENTED_EDGE('',*,*,#3339,.F.);
#3339 = EDGE_CURVE('',#3169,#3015,#3340,.T.);
#3340 = LINE('',#3341,#3342);
#3341 = CARTESIAN_POINT('',(-33.18765949639,-36.08935652153,-8.));
#3342 = VECTOR('',#3343,1.);
#3343 = DIRECTION('',(0.,1.2E-16,1.));
#3344 = ORIENTED_EDGE('',*,*,#3168,.F.);
#3345 = CYLINDRICAL_SURFACE('',#3346,21.);
#3346 = AXIS2_PLACEMENT_3D('',#3347,#3348,#3349);
#3347 = CARTESIAN_POINT('',(-52.2499923706,-44.90000152587,-8.));
#3348 = DIRECTION('',(-0.,-1.2E-16,-1.));
#3349 = DIRECTION('',(-1.,-0.,-0.));
#3350 = ADVANCED_FACE('',(#3351),#3362,.T.);
#3351 = FACE_BOUND('',#3352,.F.);
#3352 = EDGE_LOOP('',(#3353,#3354,#3355,#3361));
#3353 = ORIENTED_EDGE('',*,*,#3339,.T.);
#3354 = ORIENTED_EDGE('',*,*,#3023,.T.);
#3355 = ORIENTED_EDGE('',*,*,#3356,.F.);
#3356 = EDGE_CURVE('',#3178,#3024,#3357,.T.);
#3357 = LINE('',#3358,#3359);
#3358 = CARTESIAN_POINT('',(-33.993244,-34.619347,-8.));
#3359 = VECTOR('',#3360,1.);
#3360 = DIRECTION('',(0.,1.2E-16,1.));
#3361 = ORIENTED_EDGE('',*,*,#3177,.F.);
#3362 = PLANE('',#3363);
#3363 = AXIS2_PLACEMENT_3D('',#3364,#3365,#3366);
#3364 = CARTESIAN_POINT('',(-33.18765949639,-36.08935652153,-8.));
#3365 = DIRECTION('',(0.876950640186,0.480580455988,-6.E-17));
#3366 = DIRECTION('',(0.480580455988,-0.876950640186,1.1E-16));
#3367 = ADVANCED_FACE('',(#3368),#3379,.T.);
#3368 = FACE_BOUND('',#3369,.F.);
#3369 = EDGE_LOOP('',(#3370,#3371,#3372,#3378));
#3370 = ORIENTED_EDGE('',*,*,#3356,.T.);
#3371 = ORIENTED_EDGE('',*,*,#3031,.T.);
#3372 = ORIENTED_EDGE('',*,*,#3373,.F.);
#3373 = EDGE_CURVE('',#3186,#3032,#3374,.T.);
#3374 = LINE('',#3375,#3376);
#3375 = CARTESIAN_POINT('',(-65.34223,-34.619347,-8.));
#3376 = VECTOR('',#3377,1.);
#3377 = DIRECTION('',(0.,1.2E-16,1.));
#3378 = ORIENTED_EDGE('',*,*,#3185,.F.);
#3379 = PLANE('',#3380);
#3380 = AXIS2_PLACEMENT_3D('',#3381,#3382,#3383);
#3381 = CARTESIAN_POINT('',(-33.993244,-34.619347,-8.));
#3382 = DIRECTION('',(0.,1.,-1.2E-16));
#3383 = DIRECTION('',(1.,0.,0.));
#3384 = ADVANCED_FACE('',(#3385),#3396,.F.);
#3385 = FACE_BOUND('',#3386,.T.);
#3386 = EDGE_LOOP('',(#3387,#3393,#3394,#3395));
#3387 = ORIENTED_EDGE('',*,*,#3388,.T.);
#3388 = EDGE_CURVE('',#3194,#3040,#3389,.T.);
#3389 = LINE('',#3390,#3391);
#3390 = CARTESIAN_POINT('',(-69.833748,-40.86805,-8.));
#3391 = VECTOR('',#3392,1.);
#3392 = DIRECTION('',(0.,1.2E-16,1.));
#3393 = ORIENTED_EDGE('',*,*,#3039,.T.);
#3394 = ORIENTED_EDGE('',*,*,#3373,.F.);
#3395 = ORIENTED_EDGE('',*,*,#3193,.F.);
#3396 = PLANE('',#3397);
#3397 = AXIS2_PLACEMENT_3D('',#3398,#3399,#3400);
#3398 = CARTESIAN_POINT('',(-69.833748,-40.86805,-8.));
#3399 = DIRECTION('',(0.811999191604,-0.583658558436,7.E-17));
#3400 = DIRECTION('',(-0.583658558436,-0.811999191604,1.E-16));
#3401 = ADVANCED_FACE('',(#3402),#3413,.F.);
#3402 = FACE_BOUND('',#3403,.T.);
#3403 = EDGE_LOOP('',(#3404,#3410,#3411,#3412));
#3404 = ORIENTED_EDGE('',*,*,#3405,.T.);
#3405 = EDGE_CURVE('',#3202,#3048,#3406,.T.);
#3406 = LINE('',#3407,#3408);
#3407 = CARTESIAN_POINT('',(-78.075409,-40.678715,-8.));
#3408 = VECTOR('',#3409,1.);
#3409 = DIRECTION('',(0.,1.2E-16,1.));
#3410 = ORIENTED_EDGE('',*,*,#3047,.T.);
#3411 = ORIENTED_EDGE('',*,*,#3388,.F.);
#3412 = ORIENTED_EDGE('',*,*,#3201,.F.);
#3413 = PLANE('',#3414);
#3414 = AXIS2_PLACEMENT_3D('',#3415,#3416,#3417);
#3415 = CARTESIAN_POINT('',(-78.075409,-40.678715,-8.));
#3416 = DIRECTION('',(-2.296685807936E-02,-0.999736226927,1.2E-16));
#3417 = DIRECTION('',(-0.999736226927,2.296685807936E-02,0.));
#3418 = ADVANCED_FACE('',(#3419),#3430,.T.);
#3419 = FACE_BOUND('',#3420,.F.);
#3420 = EDGE_LOOP('',(#3421,#3422,#3423,#3429));
#3421 = ORIENTED_EDGE('',*,*,#3405,.T.);
#3422 = ORIENTED_EDGE('',*,*,#3055,.T.);
#3423 = ORIENTED_EDGE('',*,*,#3424,.F.);
#3424 = EDGE_CURVE('',#3210,#3056,#3425,.T.);
#3425 = LINE('',#3426,#3427);
#3426 = CARTESIAN_POINT('',(-84.764404,-33.658726,-8.));
#3427 = VECTOR('',#3428,1.);
#3428 = DIRECTION('',(0.,1.2E-16,1.));
#3429 = ORIENTED_EDGE('',*,*,#3209,.F.);
#3430 = PLANE('',#3431);
#3431 = AXIS2_PLACEMENT_3D('',#3432,#3433,#3434);
#3432 = CARTESIAN_POINT('',(-78.075409,-40.678715,-8.));
#3433 = DIRECTION('',(0.723968401438,0.689833134692,-8.E-17));
#3434 = DIRECTION('',(0.689833134692,-0.723968401438,9.E-17));
#3435 = ADVANCED_FACE('',(#3436),#3447,.T.);
#3436 = FACE_BOUND('',#3437,.F.);
#3437 = EDGE_LOOP('',(#3438,#3439,#3440,#3446));
#3438 = ORIENTED_EDGE('',*,*,#3424,.T.);
#3439 = ORIENTED_EDGE('',*,*,#3063,.T.);
#3440 = ORIENTED_EDGE('',*,*,#3441,.F.);
#3441 = EDGE_CURVE('',#3218,#3064,#3442,.T.);
#3442 = LINE('',#3443,#3444);
#3443 = CARTESIAN_POINT('',(-85.01115474213,-29.2382449251,-8.));
#3444 = VECTOR('',#3445,1.);
#3445 = DIRECTION('',(0.,1.2E-16,1.));
#3446 = ORIENTED_EDGE('',*,*,#3217,.F.);
#3447 = PLANE('',#3448);
#3448 = AXIS2_PLACEMENT_3D('',#3449,#3450,#3451);
#3449 = CARTESIAN_POINT('',(-84.764404,-33.658726,-8.));
#3450 = DIRECTION('',(0.998445701549,5.573312353726E-02,-1.E-17));
#3451 = DIRECTION('',(5.573312353726E-02,-0.998445701549,1.2E-16));
#3452 = ADVANCED_FACE('',(#3453),#3459,.F.);
#3453 = FACE_BOUND('',#3454,.T.);
#3454 = EDGE_LOOP('',(#3455,#3456,#3457,#3458));
#3455 = ORIENTED_EDGE('',*,*,#3264,.T.);
#3456 = ORIENTED_EDGE('',*,*,#3071,.T.);
#3457 = ORIENTED_EDGE('',*,*,#3441,.F.);
#3458 = ORIENTED_EDGE('',*,*,#3225,.F.);
#3459 = PLANE('',#3460);
#3460 = AXIS2_PLACEMENT_3D('',#3461,#3462,#3463);
#3461 = CARTESIAN_POINT('',(-100.7024941749,-35.25343208167,-8.));
#3462 = DIRECTION('',(0.357945024067,-0.933742662486,1.1E-16));
#3463 = DIRECTION('',(-0.933742662486,-0.357945024067,4.E-17));
#3464 = ADVANCED_FACE('',(#3465),#3484,.F.);
#3465 = FACE_BOUND('',#3466,.T.);
#3466 = EDGE_LOOP('',(#3467,#3475,#3476,#3477));
#3467 = ORIENTED_EDGE('',*,*,#3468,.T.);
#3468 = EDGE_CURVE('',#3469,#3083,#3471,.T.);
#3469 = VERTEX_POINT('',#3470);
#3470 = CARTESIAN_POINT('',(-80.15294365896,-56.86944768327,-6.5));
#3471 = LINE('',#3472,#3473);
#3472 = CARTESIAN_POINT('',(-80.15294365896,-56.86944768327,-8.));
#3473 = VECTOR('',#3474,1.);
#3474 = DIRECTION('',(0.,1.2E-16,1.));
#3475 = ORIENTED_EDGE('',*,*,#3082,.T.);
#3476 = ORIENTED_EDGE('',*,*,#3468,.F.);
#3477 = ORIENTED_EDGE('',*,*,#3478,.F.);
#3478 = EDGE_CURVE('',#3469,#3469,#3479,.T.);
#3479 = CIRCLE('',#3480,1.25);
#3480 = AXIS2_PLACEMENT_3D('',#3481,#3482,#3483);
#3481 = CARTESIAN_POINT('',(-78.90294365896,-56.86944768327,-6.5));
#3482 = DIRECTION('',(0.,0.,1.));
#3483 = DIRECTION('',(-1.,-0.,-0.));
#3484 = CYLINDRICAL_SURFACE('',#3485,1.25);
#3485 = AXIS2_PLACEMENT_3D('',#3486,#3487,#3488);
#3486 = CARTESIAN_POINT('',(-78.90294365896,-56.86944768327,-8.));
#3487 = DIRECTION('',(-0.,-1.2E-16,-1.));
#3488 = DIRECTION('',(-1.,-0.,-0.));
#3489 = ADVANCED_FACE('',(#3490),#3509,.F.);
#3490 = FACE_BOUND('',#3491,.T.);
#3491 = EDGE_LOOP('',(#3492,#3500,#3501,#3502));
#3492 = ORIENTED_EDGE('',*,*,#3493,.T.);
#3493 = EDGE_CURVE('',#3494,#3094,#3496,.T.);
#3494 = VERTEX_POINT('',#3495);
#3495 = CARTESIAN_POINT('',(-62.24703302495,-57.39207020128,-6.5));
#3496 = LINE('',#3497,#3498);
#3497 = CARTESIAN_POINT('',(-62.24703302495,-57.39207020128,-8.));
#3498 = VECTOR('',#3499,1.);
#3499 = DIRECTION('',(0.,1.2E-16,1.));
#3500 = ORIENTED_EDGE('',*,*,#3093,.T.);
#3501 = ORIENTED_EDGE('',*,*,#3493,.F.);
#3502 = ORIENTED_EDGE('',*,*,#3503,.F.);
#3503 = EDGE_CURVE('',#3494,#3494,#3504,.T.);
#3504 = CIRCLE('',#3505,1.25);
#3505 = AXIS2_PLACEMENT_3D('',#3506,#3507,#3508);
#3506 = CARTESIAN_POINT('',(-60.99703302495,-57.39207020128,-6.5));
#3507 = DIRECTION('',(0.,0.,1.));
#3508 = DIRECTION('',(-1.,-0.,-0.));
#3509 = CYLINDRICAL_SURFACE('',#3510,1.25);
#3510 = AXIS2_PLACEMENT_3D('',#3511,#3512,#3513);
#3511 = CARTESIAN_POINT('',(-60.99703302495,-57.39207020128,-8.));
#3512 = DIRECTION('',(-0.,-1.2E-16,-1.));
#3513 = DIRECTION('',(-1.,-0.,-0.));
#3514 = ADVANCED_FACE('',(#3515),#3534,.F.);
#3515 = FACE_BOUND('',#3516,.T.);
#3516 = EDGE_LOOP('',(#3517,#3525,#3526,#3527));
#3517 = ORIENTED_EDGE('',*,*,#3518,.T.);
#3518 = EDGE_CURVE('',#3519,#3105,#3521,.T.);
#3519 = VERTEX_POINT('',#3520);
#3520 = CARTESIAN_POINT('',(-38.2499923706,-44.90000152587,-6.5));
#3521 = LINE('',#3522,#3523);
#3522 = CARTESIAN_POINT('',(-38.2499923706,-44.90000152587,-8.));
#3523 = VECTOR('',#3524,1.);
#3524 = DIRECTION('',(0.,1.2E-16,1.));
#3525 = ORIENTED_EDGE('',*,*,#3104,.T.);
#3526 = ORIENTED_EDGE('',*,*,#3518,.F.);
#3527 = ORIENTED_EDGE('',*,*,#3528,.F.);
#3528 = EDGE_CURVE('',#3519,#3519,#3529,.T.);
#3529 = CIRCLE('',#3530,1.25);
#3530 = AXIS2_PLACEMENT_3D('',#3531,#3532,#3533);
#3531 = CARTESIAN_POINT('',(-36.9999923706,-44.90000152587,-6.5));
#3532 = DIRECTION('',(-0.,0.,1.));
#3533 = DIRECTION('',(-1.,-0.,-0.));
#3534 = CYLINDRICAL_SURFACE('',#3535,1.25);
#3535 = AXIS2_PLACEMENT_3D('',#3536,#3537,#3538);
#3536 = CARTESIAN_POINT('',(-36.9999923706,-44.90000152587,-8.));
#3537 = DIRECTION('',(-0.,-1.2E-16,-1.));
#3538 = DIRECTION('',(-1.,-0.,-0.));
#3539 = ADVANCED_FACE('',(#3540),#3551,.F.);
#3540 = FACE_BOUND('',#3541,.T.);
#3541 = EDGE_LOOP('',(#3542,#3548,#3549,#3550));
#3542 = ORIENTED_EDGE('',*,*,#3543,.F.);
#3543 = EDGE_CURVE('',#3469,#3122,#3544,.T.);
#3544 = LINE('',#3545,#3546);
#3545 = CARTESIAN_POINT('',(-80.15294365896,-56.86944768327,-6.5));
#3546 = VECTOR('',#3547,1.);
#3547 = DIRECTION('',(-0.44619781311,-0.,-0.894934361602));
#3548 = ORIENTED_EDGE('',*,*,#3478,.T.);
#3549 = ORIENTED_EDGE('',*,*,#3543,.T.);
#3550 = ORIENTED_EDGE('',*,*,#3121,.F.);
#3551 = CONICAL_SURFACE('',#3552,1.25,0.462512251778);
#3552 = AXIS2_PLACEMENT_3D('',#3553,#3554,#3555);
#3553 = CARTESIAN_POINT('',(-78.90294365896,-56.86944768327,-6.5));
#3554 = DIRECTION('',(-0.,-0.,-1.));
#3555 = DIRECTION('',(-1.,-0.,-0.));
#3556 = ADVANCED_FACE('',(#3557),#3568,.F.);
#3557 = FACE_BOUND('',#3558,.T.);
#3558 = EDGE_LOOP('',(#3559,#3565,#3566,#3567));
#3559 = ORIENTED_EDGE('',*,*,#3560,.F.);
#3560 = EDGE_CURVE('',#3494,#3237,#3561,.T.);
#3561 = LINE('',#3562,#3563);
#3562 = CARTESIAN_POINT('',(-62.24703302495,-57.39207020128,-6.5));
#3563 = VECTOR('',#3564,1.);
#3564 = DIRECTION('',(-0.44619781311,-0.,-0.894934361602));
#3565 = ORIENTED_EDGE('',*,*,#3503,.T.);
#3566 = ORIENTED_EDGE('',*,*,#3560,.T.);
#3567 = ORIENTED_EDGE('',*,*,#3236,.F.);
#3568 = CONICAL_SURFACE('',#3569,1.25,0.462512251778);
#3569 = AXIS2_PLACEMENT_3D('',#3570,#3571,#3572);
#3570 = CARTESIAN_POINT('',(-60.99703302495,-57.39207020128,-6.5));
#3571 = DIRECTION('',(-0.,-0.,-1.));
#3572 = DIRECTION('',(-1.,-0.,-0.));
#3573 = ADVANCED_FACE('',(#3574),#3585,.F.);
#3574 = FACE_BOUND('',#3575,.T.);
#3575 = EDGE_LOOP('',(#3576,#3582,#3583,#3584));
#3576 = ORIENTED_EDGE('',*,*,#3577,.F.);
#3577 = EDGE_CURVE('',#3519,#3248,#3578,.T.);
#3578 = LINE('',#3579,#3580);
#3579 = CARTESIAN_POINT('',(-38.2499923706,-44.90000152587,-6.5));
#3580 = VECTOR('',#3581,1.);
#3581 = DIRECTION('',(-0.44619781311,-0.,-0.894934361602));
#3582 = ORIENTED_EDGE('',*,*,#3528,.T.);
#3583 = ORIENTED_EDGE('',*,*,#3577,.T.);
#3584 = ORIENTED_EDGE('',*,*,#3247,.F.);
#3585 = CONICAL_SURFACE('',#3586,1.25,0.462512251778);
#3586 = AXIS2_PLACEMENT_3D('',#3587,#3588,#3589);
#3587 = CARTESIAN_POINT('',(-36.9999923706,-44.90000152587,-6.5));
#3588 = DIRECTION('',(-0.,-0.,-1.));
#3589 = DIRECTION('',(-1.,-0.,-0.));
#3590 = ( GEOMETRIC_REPRESENTATION_CONTEXT(3) 
GLOBAL_UNCERTAINTY_ASSIGNED_CONTEXT((#3594)) 
GLOBAL_UNIT_ASSIGNED_CONTEXT((#3591,#3592,#3593)) REPRESENTATION_CONTEXT
('Context #1','3D Context with UNIT and UNCERTAINTY') );
#3591 = ( LENGTH_UNIT() NAMED_UNIT(*) SI_UNIT(.MILLI.,.METRE.) );
#3592 = ( NAMED_UNIT(*) PLANE_ANGLE_UNIT() SI_UNIT($,.RADIAN.) );
#3593 = ( NAMED_UNIT(*) SI_UNIT($,.STERADIAN.) SOLID_ANGLE_UNIT() );
#3594 = UNCERTAINTY_MEASURE_WITH_UNIT(LENGTH_MEASURE(5.E-06),#3591,
  'distance_accuracy_value','confusion accuracy');
#3595 = PRODUCT_RELATED_PRODUCT_CATEGORY('part',$,(#7));
#3596 = MECHANICAL_DESIGN_GEOMETRIC_PRESENTATION_REPRESENTATION('',(
    #3597,#3608),#3590);
#3597 = STYLED_ITEM('color',(#3598),#15);
#3598 = PRESENTATION_STYLE_ASSIGNMENT((#3599,#3605));
#3599 = SURFACE_STYLE_USAGE(.BOTH.,#3600);
#3600 = SURFACE_SIDE_STYLE('',(#3601));
#3601 = SURFACE_STYLE_FILL_AREA(#3602);
#3602 = FILL_AREA_STYLE('',(#3603));
#3603 = FILL_AREA_STYLE_COLOUR('',#3604);
#3604 = COLOUR_RGB('',0.447058818107,0.474509808674,0.501960817233);
#3605 = CURVE_STYLE('',#3606,POSITIVE_LENGTH_MEASURE(0.1),#3607);
#3606 = DRAUGHTING_PRE_DEFINED_CURVE_FONT('continuous');
#3607 = COLOUR_RGB('',9.803921802644E-02,9.803921802644E-02,
  9.803921802644E-02);
#3608 = STYLED_ITEM('color',(#3609),#2914);
#3609 = PRESENTATION_STYLE_ASSIGNMENT((#3610,#3615));
#3610 = SURFACE_STYLE_USAGE(.BOTH.,#3611);
#3611 = SURFACE_SIDE_STYLE('',(#3612));
#3612 = SURFACE_STYLE_FILL_AREA(#3613);
#3613 = FILL_AREA_STYLE('',(#3614));
#3614 = FILL_AREA_STYLE_COLOUR('',#3604);
#3615 = CURVE_STYLE('',#3616,POSITIVE_LENGTH_MEASURE(0.1),#3607);
#3616 = DRAUGHTING_PRE_DEFINED_CURVE_FONT('continuous');
ENDSEC;
END-ISO-10303-21;
