ISO-10303-21;
HEADER;
FILE_DESCRIPTION(('FreeCAD Model'),'2;1');
FILE_NAME('Open CASCADE Shape Model','2025-07-27T14:23:49',(''),(''),
  'Open CASCADE STEP processor 7.8','FreeCAD','Unknown');
FILE_SCHEMA(('AUTOMOTIVE_DESIGN { 1 0 10303 214 1 1 1 1 }'));
ENDSEC;
DATA;
#1 = APPLICATION_PROTOCOL_DEFINITION('international standard',
  'automotive_design',2000,#2);
#2 = APPLICATION_CONTEXT(
  'core data for automotive mechanical design processes');
#3 = SHAPE_DEFINITION_REPRESENTATION(#4,#10);
#4 = PRODUCT_DEFINITION_SHAPE('','',#5);
#5 = PRODUCT_DEFINITION('design','',#6,#9);
#6 = PRODUCT_DEFINITION_FORMATION('','',#7);
#7 = PRODUCT('base-mount-left','base-mount-left','',(#8));
#8 = PRODUCT_CONTEXT('',#2,'mechanical');
#9 = PRODUCT_DEFINITION_CONTEXT('part definition',#2,'design');
#10 = SHAPE_REPRESENTATION('',(#11,#15,#19),#23);
#11 = AXIS2_PLACEMENT_3D('',#12,#13,#14);
#12 = CARTESIAN_POINT('',(0.,0.,0.));
#13 = DIRECTION('',(0.,0.,1.));
#14 = DIRECTION('',(1.,0.,-0.));
#15 = AXIS2_PLACEMENT_3D('',#16,#17,#18);
#16 = CARTESIAN_POINT('',(0.,0.,0.));
#17 = DIRECTION('',(0.,0.,1.));
#18 = DIRECTION('',(1.,0.,0.));
#19 = AXIS2_PLACEMENT_3D('',#20,#21,#22);
#20 = CARTESIAN_POINT('',(0.,0.,0.));
#21 = DIRECTION('',(0.,0.,1.));
#22 = DIRECTION('',(1.,0.,0.));
#23 = ( GEOMETRIC_REPRESENTATION_CONTEXT(3) 
GLOBAL_UNCERTAINTY_ASSIGNED_CONTEXT((#27)) GLOBAL_UNIT_ASSIGNED_CONTEXT(
(#24,#25,#26)) REPRESENTATION_CONTEXT('Context #1',
  '3D Context with UNIT and UNCERTAINTY') );
#24 = ( LENGTH_UNIT() NAMED_UNIT(*) SI_UNIT(.MILLI.,.METRE.) );
#25 = ( NAMED_UNIT(*) PLANE_ANGLE_UNIT() SI_UNIT($,.RADIAN.) );
#26 = ( NAMED_UNIT(*) SI_UNIT($,.STERADIAN.) SOLID_ANGLE_UNIT() );
#27 = UNCERTAINTY_MEASURE_WITH_UNIT(LENGTH_MEASURE(5.E-06),#24,
  'distance_accuracy_value','confusion accuracy');
#28 = PRODUCT_RELATED_PRODUCT_CATEGORY('part',$,(#7));
#29 = SHAPE_DEFINITION_REPRESENTATION(#30,#36);
#30 = PRODUCT_DEFINITION_SHAPE('','',#31);
#31 = PRODUCT_DEFINITION('design','',#32,#35);
#32 = PRODUCT_DEFINITION_FORMATION('','',#33);
#33 = PRODUCT('base','base','',(#34));
#34 = PRODUCT_CONTEXT('',#2,'mechanical');
#35 = PRODUCT_DEFINITION_CONTEXT('part definition',#2,'design');
#36 = ADVANCED_BREP_SHAPE_REPRESENTATION('',(#11,#37),#2936);
#37 = MANIFOLD_SOLID_BREP('',#38);
#38 = CLOSED_SHELL('',(#39,#313,#338,#369,#394,#419,#443,#467,#492,#517,
    #541,#565,#590,#615,#639,#663,#688,#713,#737,#761,#785,#810,#834,
    #858,#882,#907,#932,#949,#974,#999,#1024,#1049,#1074,#1347,#1367,
    #1392,#1417,#1442,#1462,#1509,#1534,#1558,#1583,#1607,#1632,#1688,
    #1713,#1737,#1762,#1802,#1827,#1867,#1892,#1916,#1941,#1965,#1990,
    #2046,#2071,#2095,#2120,#2176,#2201,#2225,#2250,#2290,#2308,#2333,
    #2353,#2373,#2393,#2418,#2443,#2467,#2620,#2644,#2660,#2672,#2689,
    #2701,#2725,#2741,#2753,#2777,#2793,#2805,#2817,#2834,#2851,#2868,
    #2893,#2918,#2927));
#39 = ADVANCED_FACE('',(#40,#51,#264,#275,#286,#297),#308,.F.);
#40 = FACE_BOUND('',#41,.F.);
#41 = EDGE_LOOP('',(#42));
#42 = ORIENTED_EDGE('',*,*,#43,.F.);
#43 = EDGE_CURVE('',#44,#44,#46,.T.);
#44 = VERTEX_POINT('',#45);
#45 = CARTESIAN_POINT('',(81.983274,-16.486726,-8.));
#46 = CIRCLE('',#47,2.);
#47 = AXIS2_PLACEMENT_3D('',#48,#49,#50);
#48 = CARTESIAN_POINT('',(79.983274,-16.486726,-8.));
#49 = DIRECTION('',(0.,0.,1.));
#50 = DIRECTION('',(1.,0.,0.));
#51 = FACE_BOUND('',#52,.F.);
#52 = EDGE_LOOP('',(#53,#63,#72,#80,#89,#97,#106,#114,#123,#131,#140,
    #148,#157,#165,#174,#182,#190,#198,#206,#215,#223,#232,#240,#249,
    #257));
#53 = ORIENTED_EDGE('',*,*,#54,.T.);
#54 = EDGE_CURVE('',#55,#57,#59,.T.);
#55 = VERTEX_POINT('',#56);
#56 = CARTESIAN_POINT('',(84.86756534141,-13.24592363209,-8.));
#57 = VERTEX_POINT('',#58);
#58 = CARTESIAN_POINT('',(74.80756534141,1.254076367903,-8.));
#59 = LINE('',#60,#61);
#60 = CARTESIAN_POINT('',(84.86756534141,-13.24592363209,-8.));
#61 = VECTOR('',#62,1.);
#62 = DIRECTION('',(-0.570034712683,0.821620609732,0.));
#63 = ORIENTED_EDGE('',*,*,#64,.T.);
#64 = EDGE_CURVE('',#57,#65,#67,.T.);
#65 = VERTEX_POINT('',#66);
#66 = CARTESIAN_POINT('',(73.,2.2,-8.));
#67 = CIRCLE('',#68,2.2);
#68 = AXIS2_PLACEMENT_3D('',#69,#70,#71);
#69 = CARTESIAN_POINT('',(73.,0.,-8.));
#70 = DIRECTION('',(0.,-0.,1.));
#71 = DIRECTION('',(-1.,0.,0.));
#72 = ORIENTED_EDGE('',*,*,#73,.T.);
#73 = EDGE_CURVE('',#65,#74,#76,.T.);
#74 = VERTEX_POINT('',#75);
#75 = CARTESIAN_POINT('',(1.7,2.2,-8.));
#76 = LINE('',#77,#78);
#77 = CARTESIAN_POINT('',(73.,2.2,-8.));
#78 = VECTOR('',#79,1.);
#79 = DIRECTION('',(-1.,0.,0.));
#80 = ORIENTED_EDGE('',*,*,#81,.T.);
#81 = EDGE_CURVE('',#74,#82,#84,.T.);
#82 = VERTEX_POINT('',#83);
#83 = CARTESIAN_POINT('',(4.169999420287E-02,1.445697440951,-8.));
#84 = CIRCLE('',#85,2.2);
#85 = AXIS2_PLACEMENT_3D('',#86,#87,#88);
#86 = CARTESIAN_POINT('',(1.7,0.,-8.));
#87 = DIRECTION('',(0.,0.,1.));
#88 = DIRECTION('',(-0.657135200432,-0.753772729908,0.));
#89 = ORIENTED_EDGE('',*,*,#90,.T.);
#90 = EDGE_CURVE('',#82,#91,#93,.T.);
#91 = VERTEX_POINT('',#92);
#92 = CARTESIAN_POINT('',(-1.658300005797,-0.504302559049,-8.));
#93 = LINE('',#94,#95);
#94 = CARTESIAN_POINT('',(4.169999420287E-02,1.445697440951,-8.));
#95 = VECTOR('',#96,1.);
#96 = DIRECTION('',(-0.657135200432,-0.753772729908,0.));
#97 = ORIENTED_EDGE('',*,*,#98,.T.);
#98 = EDGE_CURVE('',#91,#99,#101,.T.);
#99 = VERTEX_POINT('',#100);
#100 = CARTESIAN_POINT('',(-2.2,-1.95,-8.));
#101 = CIRCLE('',#102,2.2);
#102 = AXIS2_PLACEMENT_3D('',#103,#104,#105);
#103 = CARTESIAN_POINT('',(0.,-1.95,-8.));
#104 = DIRECTION('',(-0.,0.,1.));
#105 = DIRECTION('',(0.,-1.,0.));
#106 = ORIENTED_EDGE('',*,*,#107,.T.);
#107 = EDGE_CURVE('',#99,#108,#110,.T.);
#108 = VERTEX_POINT('',#109);
#109 = CARTESIAN_POINT('',(-2.2,-46.05,-8.));
#110 = LINE('',#111,#112);
#111 = CARTESIAN_POINT('',(-2.2,-1.95,-8.));
#112 = VECTOR('',#113,1.);
#113 = DIRECTION('',(0.,-1.,0.));
#114 = ORIENTED_EDGE('',*,*,#115,.T.);
#115 = EDGE_CURVE('',#108,#116,#118,.T.);
#116 = VERTEX_POINT('',#117);
#117 = CARTESIAN_POINT('',(-1.561920235006,-47.59932410407,-8.));
#118 = CIRCLE('',#119,2.2);
#119 = AXIS2_PLACEMENT_3D('',#120,#121,#122);
#120 = CARTESIAN_POINT('',(0.,-46.05,-8.));
#121 = DIRECTION('',(-0.,0.,1.));
#122 = DIRECTION('',(0.704238229127,-0.709963743185,0.));
#123 = ORIENTED_EDGE('',*,*,#124,.T.);
#124 = EDGE_CURVE('',#116,#125,#127,.T.);
#125 = VERTEX_POINT('',#126);
#126 = CARTESIAN_POINT('',(4.588079764994,-53.79932410407,-8.));
#127 = LINE('',#128,#129);
#128 = CARTESIAN_POINT('',(-1.561920235006,-47.59932410407,-8.));
#129 = VECTOR('',#130,1.);
#130 = DIRECTION('',(0.704238229127,-0.709963743185,0.));
#131 = ORIENTED_EDGE('',*,*,#132,.T.);
#132 = EDGE_CURVE('',#125,#133,#135,.T.);
#133 = VERTEX_POINT('',#134);
#134 = CARTESIAN_POINT('',(6.149956692913,-54.44999999957,-8.));
#135 = CIRCLE('',#136,2.2);
#136 = AXIS2_PLACEMENT_3D('',#137,#138,#139);
#137 = CARTESIAN_POINT('',(6.15,-52.25,-8.));
#138 = DIRECTION('',(-0.,0.,1.));
#139 = DIRECTION('',(0.999999999806,-1.96850393658E-05,0.));
#140 = ORIENTED_EDGE('',*,*,#141,.T.);
#141 = EDGE_CURVE('',#133,#142,#144,.T.);
#142 = VERTEX_POINT('',#143);
#143 = CARTESIAN_POINT('',(12.499956692913,-54.45012499957,-8.));
#144 = LINE('',#145,#146);
#145 = CARTESIAN_POINT('',(6.149956692913,-54.44999999957,-8.));
#146 = VECTOR('',#147,1.);
#147 = DIRECTION('',(0.999999999806,-1.96850393658E-05,0.));
#148 = ORIENTED_EDGE('',*,*,#149,.T.);
#149 = EDGE_CURVE('',#142,#150,#152,.T.);
#150 = VERTEX_POINT('',#151);
#151 = CARTESIAN_POINT('',(14.058161683496,-53.8032290429,-8.));
#152 = CIRCLE('',#153,2.2);
#153 = AXIS2_PLACEMENT_3D('',#154,#155,#156);
#154 = CARTESIAN_POINT('',(12.5,-52.250125,-8.));
#155 = DIRECTION('',(0.,-0.,1.));
#156 = DIRECTION('',(0.705956383138,0.70825531068,0.));
#157 = ORIENTED_EDGE('',*,*,#158,.T.);
#158 = EDGE_CURVE('',#150,#159,#161,.T.);
#159 = VERTEX_POINT('',#160);
#160 = CARTESIAN_POINT('',(20.238161683496,-47.6031040429,-8.));
#161 = LINE('',#162,#163);
#162 = CARTESIAN_POINT('',(14.058161683496,-53.8032290429,-8.));
#163 = VECTOR('',#164,1.);
#164 = DIRECTION('',(0.705956383138,0.70825531068,0.));
#165 = ORIENTED_EDGE('',*,*,#166,.T.);
#166 = EDGE_CURVE('',#159,#167,#169,.T.);
#167 = VERTEX_POINT('',#168);
#168 = CARTESIAN_POINT('',(20.88,-46.05,-8.));
#169 = CIRCLE('',#170,2.2);
#170 = AXIS2_PLACEMENT_3D('',#171,#172,#173);
#171 = CARTESIAN_POINT('',(18.68,-46.05,-8.));
#172 = DIRECTION('',(0.,-0.,1.));
#173 = DIRECTION('',(0.,1.,0.));
#174 = ORIENTED_EDGE('',*,*,#175,.T.);
#175 = EDGE_CURVE('',#167,#176,#178,.T.);
#176 = VERTEX_POINT('',#177);
#177 = CARTESIAN_POINT('',(20.88,-36.92616671898,-8.));
#178 = LINE('',#179,#180);
#179 = CARTESIAN_POINT('',(20.88,-46.05,-8.));
#180 = VECTOR('',#181,1.);
#181 = DIRECTION('',(0.,1.,0.));
#182 = ORIENTED_EDGE('',*,*,#183,.T.);
#183 = EDGE_CURVE('',#176,#184,#186,.T.);
#184 = VERTEX_POINT('',#185);
#185 = CARTESIAN_POINT('',(22.646443942425,-35.2,-8.));
#186 = LINE('',#187,#188);
#187 = CARTESIAN_POINT('',(20.88,-36.92616671898,-8.));
#188 = VECTOR('',#189,1.);
#189 = DIRECTION('',(0.715213668601,0.698905865082,0.));
#190 = ORIENTED_EDGE('',*,*,#191,.T.);
#191 = EDGE_CURVE('',#184,#192,#194,.T.);
#192 = VERTEX_POINT('',#193);
#193 = CARTESIAN_POINT('',(64.910351909905,-35.2,-8.));
#194 = LINE('',#195,#196);
#195 = CARTESIAN_POINT('',(22.646443942425,-35.2,-8.));
#196 = VECTOR('',#197,1.);
#197 = DIRECTION('',(1.,0.,0.));
#198 = ORIENTED_EDGE('',*,*,#199,.T.);
#199 = EDGE_CURVE('',#192,#200,#202,.T.);
#200 = VERTEX_POINT('',#201);
#201 = CARTESIAN_POINT('',(68.94033791277,-40.57045043025,-8.));
#202 = LINE('',#203,#204);
#203 = CARTESIAN_POINT('',(64.910351909905,-35.2,-8.));
#204 = VECTOR('',#205,1.);
#205 = DIRECTION('',(0.600204741026,-0.799846403286,0.));
#206 = ORIENTED_EDGE('',*,*,#207,.T.);
#207 = EDGE_CURVE('',#200,#208,#210,.T.);
#208 = VERTEX_POINT('',#209);
#209 = CARTESIAN_POINT('',(70.7,-41.45,-8.));
#210 = CIRCLE('',#211,2.2);
#211 = AXIS2_PLACEMENT_3D('',#212,#213,#214);
#212 = CARTESIAN_POINT('',(70.7,-39.25,-8.));
#213 = DIRECTION('',(0.,0.,1.));
#214 = DIRECTION('',(1.,0.,0.));
#215 = ORIENTED_EDGE('',*,*,#216,.T.);
#216 = EDGE_CURVE('',#208,#217,#219,.T.);
#217 = VERTEX_POINT('',#218);
#218 = CARTESIAN_POINT('',(76.9,-41.45,-8.));
#219 = LINE('',#220,#221);
#220 = CARTESIAN_POINT('',(70.7,-41.45,-8.));
#221 = VECTOR('',#222,1.);
#222 = DIRECTION('',(1.,0.,0.));
#223 = ORIENTED_EDGE('',*,*,#224,.T.);
#224 = EDGE_CURVE('',#217,#225,#227,.T.);
#225 = VERTEX_POINT('',#226);
#226 = CARTESIAN_POINT('',(78.47907955472,-40.78183150505,-8.));
#227 = CIRCLE('',#228,2.2);
#228 = AXIS2_PLACEMENT_3D('',#229,#230,#231);
#229 = CARTESIAN_POINT('',(76.9,-39.25,-8.));
#230 = DIRECTION('',(0.,-0.,1.));
#231 = DIRECTION('',(0.69628704775,0.717763433963,0.));
#232 = ORIENTED_EDGE('',*,*,#233,.T.);
#233 = EDGE_CURVE('',#225,#234,#236,.T.);
#234 = VERTEX_POINT('',#235);
#235 = CARTESIAN_POINT('',(84.63907955472,-34.43183150505,-8.));
#236 = LINE('',#237,#238);
#237 = CARTESIAN_POINT('',(78.47907955472,-40.78183150505,-8.));
#238 = VECTOR('',#239,1.);
#239 = DIRECTION('',(0.69628704775,0.717763433963,0.));
#240 = ORIENTED_EDGE('',*,*,#241,.T.);
#241 = EDGE_CURVE('',#234,#242,#244,.T.);
#242 = VERTEX_POINT('',#243);
#243 = CARTESIAN_POINT('',(85.26,-32.9,-8.));
#244 = CIRCLE('',#245,2.2);
#245 = AXIS2_PLACEMENT_3D('',#246,#247,#248);
#246 = CARTESIAN_POINT('',(83.06,-32.9,-8.));
#247 = DIRECTION('',(0.,-0.,1.));
#248 = DIRECTION('',(0.,1.,0.));
#249 = ORIENTED_EDGE('',*,*,#250,.T.);
#250 = EDGE_CURVE('',#242,#251,#253,.T.);
#251 = VERTEX_POINT('',#252);
#252 = CARTESIAN_POINT('',(85.26,-14.5,-8.));
#253 = LINE('',#254,#255);
#254 = CARTESIAN_POINT('',(85.26,-32.9,-8.));
#255 = VECTOR('',#256,1.);
#256 = DIRECTION('',(0.,1.,0.));
#257 = ORIENTED_EDGE('',*,*,#258,.T.);
#258 = EDGE_CURVE('',#251,#55,#259,.T.);
#259 = CIRCLE('',#260,2.2);
#260 = AXIS2_PLACEMENT_3D('',#261,#262,#263);
#261 = CARTESIAN_POINT('',(83.06,-14.5,-8.));
#262 = DIRECTION('',(0.,-0.,1.));
#263 = DIRECTION('',(-0.570034712683,0.821620609732,0.));
#264 = FACE_BOUND('',#265,.F.);
#265 = EDGE_LOOP('',(#266));
#266 = ORIENTED_EDGE('',*,*,#267,.F.);
#267 = EDGE_CURVE('',#268,#268,#270,.T.);
#268 = VERTEX_POINT('',#269);
#269 = CARTESIAN_POINT('',(70.476393,-13.743442,-8.));
#270 = CIRCLE('',#271,3.9);
#271 = AXIS2_PLACEMENT_3D('',#272,#273,#274);
#272 = CARTESIAN_POINT('',(66.576393,-13.743442,-8.));
#273 = DIRECTION('',(0.,0.,1.));
#274 = DIRECTION('',(1.,0.,0.));
#275 = FACE_BOUND('',#276,.F.);
#276 = EDGE_LOOP('',(#277));
#277 = ORIENTED_EDGE('',*,*,#278,.F.);
#278 = EDGE_CURVE('',#279,#279,#281,.T.);
#279 = VERTEX_POINT('',#280);
#280 = CARTESIAN_POINT('',(61.633274,-3.05,-8.));
#281 = CIRCLE('',#282,2.);
#282 = AXIS2_PLACEMENT_3D('',#283,#284,#285);
#283 = CARTESIAN_POINT('',(59.633274,-3.05,-8.));
#284 = DIRECTION('',(0.,-0.,1.));
#285 = DIRECTION('',(1.,7.105427357601E-16,0.));
#286 = FACE_BOUND('',#287,.F.);
#287 = EDGE_LOOP('',(#288));
#288 = ORIENTED_EDGE('',*,*,#289,.F.);
#289 = EDGE_CURVE('',#290,#290,#292,.T.);
#290 = VERTEX_POINT('',#291);
#291 = CARTESIAN_POINT('',(25.45,-29.9,-8.));
#292 = CIRCLE('',#293,2.);
#293 = AXIS2_PLACEMENT_3D('',#294,#295,#296);
#294 = CARTESIAN_POINT('',(23.45,-29.9,-8.));
#295 = DIRECTION('',(0.,0.,1.));
#296 = DIRECTION('',(1.,0.,0.));
#297 = FACE_BOUND('',#298,.F.);
#298 = EDGE_LOOP('',(#299));
#299 = ORIENTED_EDGE('',*,*,#300,.F.);
#300 = EDGE_CURVE('',#301,#301,#303,.T.);
#301 = VERTEX_POINT('',#302);
#302 = CARTESIAN_POINT('',(5.033274,-26.4,-8.));
#303 = CIRCLE('',#304,2.);
#304 = AXIS2_PLACEMENT_3D('',#305,#306,#307);
#305 = CARTESIAN_POINT('',(3.033274,-26.4,-8.));
#306 = DIRECTION('',(0.,0.,1.));
#307 = DIRECTION('',(1.,0.,0.));
#308 = PLANE('',#309);
#309 = AXIS2_PLACEMENT_3D('',#310,#311,#312);
#310 = CARTESIAN_POINT('',(37.549030748326,-22.17427246828,-8.));
#311 = DIRECTION('',(0.,0.,1.));
#312 = DIRECTION('',(1.,0.,0.));
#313 = ADVANCED_FACE('',(#314),#333,.F.);
#314 = FACE_BOUND('',#315,.F.);
#315 = EDGE_LOOP('',(#316,#324,#325,#326));
#316 = ORIENTED_EDGE('',*,*,#317,.F.);
#317 = EDGE_CURVE('',#44,#318,#320,.T.);
#318 = VERTEX_POINT('',#319);
#319 = CARTESIAN_POINT('',(81.233274,-16.486726,-6.5));
#320 = LINE('',#321,#322);
#321 = CARTESIAN_POINT('',(81.233274,-16.486726,-6.5));
#322 = VECTOR('',#323,1.);
#323 = DIRECTION('',(-0.4472135955,0.,0.894427191));
#324 = ORIENTED_EDGE('',*,*,#43,.T.);
#325 = ORIENTED_EDGE('',*,*,#317,.T.);
#326 = ORIENTED_EDGE('',*,*,#327,.F.);
#327 = EDGE_CURVE('',#318,#318,#328,.T.);
#328 = CIRCLE('',#329,1.25);
#329 = AXIS2_PLACEMENT_3D('',#330,#331,#332);
#330 = CARTESIAN_POINT('',(79.983274,-16.486726,-6.5));
#331 = DIRECTION('',(0.,0.,1.));
#332 = DIRECTION('',(1.,0.,0.));
#333 = CONICAL_SURFACE('',#334,1.25,0.463647609001);
#334 = AXIS2_PLACEMENT_3D('',#335,#336,#337);
#335 = CARTESIAN_POINT('',(79.983274,-16.486726,-6.5));
#336 = DIRECTION('',(-0.,-0.,-1.));
#337 = DIRECTION('',(1.,0.,0.));
#338 = ADVANCED_FACE('',(#339),#364,.T.);
#339 = FACE_BOUND('',#340,.T.);
#340 = EDGE_LOOP('',(#341,#349,#350,#358));
#341 = ORIENTED_EDGE('',*,*,#342,.T.);
#342 = EDGE_CURVE('',#343,#55,#345,.T.);
#343 = VERTEX_POINT('',#344);
#344 = CARTESIAN_POINT('',(84.86756534141,-13.24592363209,0.));
#345 = LINE('',#346,#347);
#346 = CARTESIAN_POINT('',(84.86756534141,-13.24592363209,0.));
#347 = VECTOR('',#348,1.);
#348 = DIRECTION('',(-0.,-0.,-1.));
#349 = ORIENTED_EDGE('',*,*,#54,.T.);
#350 = ORIENTED_EDGE('',*,*,#351,.F.);
#351 = EDGE_CURVE('',#352,#57,#354,.T.);
#352 = VERTEX_POINT('',#353);
#353 = CARTESIAN_POINT('',(74.80756534141,1.254076367903,0.));
#354 = LINE('',#355,#356);
#355 = CARTESIAN_POINT('',(74.80756534141,1.254076367903,0.));
#356 = VECTOR('',#357,1.);
#357 = DIRECTION('',(-0.,-0.,-1.));
#358 = ORIENTED_EDGE('',*,*,#359,.F.);
#359 = EDGE_CURVE('',#343,#352,#360,.T.);
#360 = LINE('',#361,#362);
#361 = CARTESIAN_POINT('',(84.86756534141,-13.24592363209,0.));
#362 = VECTOR('',#363,1.);
#363 = DIRECTION('',(-0.570034712683,0.821620609732,0.));
#364 = PLANE('',#365);
#365 = AXIS2_PLACEMENT_3D('',#366,#367,#368);
#366 = CARTESIAN_POINT('',(84.86756534141,-13.24592363209,0.));
#367 = DIRECTION('',(0.821620609732,0.570034712683,0.));
#368 = DIRECTION('',(-0.570034712683,0.821620609732,0.));
#369 = ADVANCED_FACE('',(#370),#389,.T.);
#370 = FACE_BOUND('',#371,.T.);
#371 = EDGE_LOOP('',(#372,#380,#381,#382));
#372 = ORIENTED_EDGE('',*,*,#373,.T.);
#373 = EDGE_CURVE('',#374,#251,#376,.T.);
#374 = VERTEX_POINT('',#375);
#375 = CARTESIAN_POINT('',(85.26,-14.5,0.));
#376 = LINE('',#377,#378);
#377 = CARTESIAN_POINT('',(85.26,-14.5,0.));
#378 = VECTOR('',#379,1.);
#379 = DIRECTION('',(-0.,-0.,-1.));
#380 = ORIENTED_EDGE('',*,*,#258,.T.);
#381 = ORIENTED_EDGE('',*,*,#342,.F.);
#382 = ORIENTED_EDGE('',*,*,#383,.F.);
#383 = EDGE_CURVE('',#374,#343,#384,.T.);
#384 = CIRCLE('',#385,2.2);
#385 = AXIS2_PLACEMENT_3D('',#386,#387,#388);
#386 = CARTESIAN_POINT('',(83.06,-14.5,0.));
#387 = DIRECTION('',(0.,-0.,1.));
#388 = DIRECTION('',(-0.570034712683,0.821620609732,0.));
#389 = CYLINDRICAL_SURFACE('',#390,2.2);
#390 = AXIS2_PLACEMENT_3D('',#391,#392,#393);
#391 = CARTESIAN_POINT('',(83.06,-14.5,0.));
#392 = DIRECTION('',(0.,0.,1.));
#393 = DIRECTION('',(-0.570034712683,0.821620609732,0.));
#394 = ADVANCED_FACE('',(#395),#414,.T.);
#395 = FACE_BOUND('',#396,.T.);
#396 = EDGE_LOOP('',(#397,#398,#399,#407));
#397 = ORIENTED_EDGE('',*,*,#351,.T.);
#398 = ORIENTED_EDGE('',*,*,#64,.T.);
#399 = ORIENTED_EDGE('',*,*,#400,.F.);
#400 = EDGE_CURVE('',#401,#65,#403,.T.);
#401 = VERTEX_POINT('',#402);
#402 = CARTESIAN_POINT('',(73.,2.2,0.));
#403 = LINE('',#404,#405);
#404 = CARTESIAN_POINT('',(73.,2.2,0.));
#405 = VECTOR('',#406,1.);
#406 = DIRECTION('',(-0.,-0.,-1.));
#407 = ORIENTED_EDGE('',*,*,#408,.F.);
#408 = EDGE_CURVE('',#352,#401,#409,.T.);
#409 = CIRCLE('',#410,2.2);
#410 = AXIS2_PLACEMENT_3D('',#411,#412,#413);
#411 = CARTESIAN_POINT('',(73.,0.,0.));
#412 = DIRECTION('',(0.,-0.,1.));
#413 = DIRECTION('',(-1.,0.,0.));
#414 = CYLINDRICAL_SURFACE('',#415,2.2);
#415 = AXIS2_PLACEMENT_3D('',#416,#417,#418);
#416 = CARTESIAN_POINT('',(73.,0.,0.));
#417 = DIRECTION('',(0.,0.,1.));
#418 = DIRECTION('',(-1.,0.,0.));
#419 = ADVANCED_FACE('',(#420),#438,.T.);
#420 = FACE_BOUND('',#421,.T.);
#421 = EDGE_LOOP('',(#422,#430,#431,#432));
#422 = ORIENTED_EDGE('',*,*,#423,.T.);
#423 = EDGE_CURVE('',#424,#242,#426,.T.);
#424 = VERTEX_POINT('',#425);
#425 = CARTESIAN_POINT('',(85.26,-32.9,0.));
#426 = LINE('',#427,#428);
#427 = CARTESIAN_POINT('',(85.26,-32.9,0.));
#428 = VECTOR('',#429,1.);
#429 = DIRECTION('',(-0.,-0.,-1.));
#430 = ORIENTED_EDGE('',*,*,#250,.T.);
#431 = ORIENTED_EDGE('',*,*,#373,.F.);
#432 = ORIENTED_EDGE('',*,*,#433,.F.);
#433 = EDGE_CURVE('',#424,#374,#434,.T.);
#434 = LINE('',#435,#436);
#435 = CARTESIAN_POINT('',(85.26,-32.9,0.));
#436 = VECTOR('',#437,1.);
#437 = DIRECTION('',(0.,1.,0.));
#438 = PLANE('',#439);
#439 = AXIS2_PLACEMENT_3D('',#440,#441,#442);
#440 = CARTESIAN_POINT('',(85.26,-32.9,0.));
#441 = DIRECTION('',(1.,0.,0.));
#442 = DIRECTION('',(0.,1.,0.));
#443 = ADVANCED_FACE('',(#444),#462,.T.);
#444 = FACE_BOUND('',#445,.T.);
#445 = EDGE_LOOP('',(#446,#447,#448,#456));
#446 = ORIENTED_EDGE('',*,*,#400,.T.);
#447 = ORIENTED_EDGE('',*,*,#73,.T.);
#448 = ORIENTED_EDGE('',*,*,#449,.F.);
#449 = EDGE_CURVE('',#450,#74,#452,.T.);
#450 = VERTEX_POINT('',#451);
#451 = CARTESIAN_POINT('',(1.7,2.2,0.));
#452 = LINE('',#453,#454);
#453 = CARTESIAN_POINT('',(1.7,2.2,0.));
#454 = VECTOR('',#455,1.);
#455 = DIRECTION('',(-0.,-0.,-1.));
#456 = ORIENTED_EDGE('',*,*,#457,.F.);
#457 = EDGE_CURVE('',#401,#450,#458,.T.);
#458 = LINE('',#459,#460);
#459 = CARTESIAN_POINT('',(73.,2.2,0.));
#460 = VECTOR('',#461,1.);
#461 = DIRECTION('',(-1.,0.,0.));
#462 = PLANE('',#463);
#463 = AXIS2_PLACEMENT_3D('',#464,#465,#466);
#464 = CARTESIAN_POINT('',(73.,2.2,0.));
#465 = DIRECTION('',(0.,1.,0.));
#466 = DIRECTION('',(-1.,0.,0.));
#467 = ADVANCED_FACE('',(#468),#487,.T.);
#468 = FACE_BOUND('',#469,.T.);
#469 = EDGE_LOOP('',(#470,#478,#479,#480));
#470 = ORIENTED_EDGE('',*,*,#471,.T.);
#471 = EDGE_CURVE('',#472,#234,#474,.T.);
#472 = VERTEX_POINT('',#473);
#473 = CARTESIAN_POINT('',(84.63907955472,-34.43183150505,0.));
#474 = LINE('',#475,#476);
#475 = CARTESIAN_POINT('',(84.63907955472,-34.43183150505,0.));
#476 = VECTOR('',#477,1.);
#477 = DIRECTION('',(-0.,-0.,-1.));
#478 = ORIENTED_EDGE('',*,*,#241,.T.);
#479 = ORIENTED_EDGE('',*,*,#423,.F.);
#480 = ORIENTED_EDGE('',*,*,#481,.F.);
#481 = EDGE_CURVE('',#472,#424,#482,.T.);
#482 = CIRCLE('',#483,2.2);
#483 = AXIS2_PLACEMENT_3D('',#484,#485,#486);
#484 = CARTESIAN_POINT('',(83.06,-32.9,0.));
#485 = DIRECTION('',(0.,-0.,1.));
#486 = DIRECTION('',(0.,1.,0.));
#487 = CYLINDRICAL_SURFACE('',#488,2.2);
#488 = AXIS2_PLACEMENT_3D('',#489,#490,#491);
#489 = CARTESIAN_POINT('',(83.06,-32.9,0.));
#490 = DIRECTION('',(0.,0.,1.));
#491 = DIRECTION('',(0.,1.,0.));
#492 = ADVANCED_FACE('',(#493),#512,.T.);
#493 = FACE_BOUND('',#494,.T.);
#494 = EDGE_LOOP('',(#495,#496,#497,#505));
#495 = ORIENTED_EDGE('',*,*,#449,.T.);
#496 = ORIENTED_EDGE('',*,*,#81,.T.);
#497 = ORIENTED_EDGE('',*,*,#498,.F.);
#498 = EDGE_CURVE('',#499,#82,#501,.T.);
#499 = VERTEX_POINT('',#500);
#500 = CARTESIAN_POINT('',(4.169999420287E-02,1.445697440951,0.));
#501 = LINE('',#502,#503);
#502 = CARTESIAN_POINT('',(4.169999420287E-02,1.445697440951,0.));
#503 = VECTOR('',#504,1.);
#504 = DIRECTION('',(-0.,-0.,-1.));
#505 = ORIENTED_EDGE('',*,*,#506,.F.);
#506 = EDGE_CURVE('',#450,#499,#507,.T.);
#507 = CIRCLE('',#508,2.2);
#508 = AXIS2_PLACEMENT_3D('',#509,#510,#511);
#509 = CARTESIAN_POINT('',(1.7,0.,0.));
#510 = DIRECTION('',(0.,0.,1.));
#511 = DIRECTION('',(-0.657135200432,-0.753772729908,0.));
#512 = CYLINDRICAL_SURFACE('',#513,2.2);
#513 = AXIS2_PLACEMENT_3D('',#514,#515,#516);
#514 = CARTESIAN_POINT('',(1.7,0.,0.));
#515 = DIRECTION('',(0.,0.,1.));
#516 = DIRECTION('',(-0.657135200432,-0.753772729908,0.));
#517 = ADVANCED_FACE('',(#518),#536,.T.);
#518 = FACE_BOUND('',#519,.T.);
#519 = EDGE_LOOP('',(#520,#528,#529,#530));
#520 = ORIENTED_EDGE('',*,*,#521,.T.);
#521 = EDGE_CURVE('',#522,#225,#524,.T.);
#522 = VERTEX_POINT('',#523);
#523 = CARTESIAN_POINT('',(78.47907955472,-40.78183150505,0.));
#524 = LINE('',#525,#526);
#525 = CARTESIAN_POINT('',(78.47907955472,-40.78183150505,0.));
#526 = VECTOR('',#527,1.);
#527 = DIRECTION('',(-0.,-0.,-1.));
#528 = ORIENTED_EDGE('',*,*,#233,.T.);
#529 = ORIENTED_EDGE('',*,*,#471,.F.);
#530 = ORIENTED_EDGE('',*,*,#531,.F.);
#531 = EDGE_CURVE('',#522,#472,#532,.T.);
#532 = LINE('',#533,#534);
#533 = CARTESIAN_POINT('',(78.47907955472,-40.78183150505,0.));
#534 = VECTOR('',#535,1.);
#535 = DIRECTION('',(0.69628704775,0.717763433963,0.));
#536 = PLANE('',#537);
#537 = AXIS2_PLACEMENT_3D('',#538,#539,#540);
#538 = CARTESIAN_POINT('',(78.47907955472,-40.78183150505,0.));
#539 = DIRECTION('',(0.717763433963,-0.69628704775,0.));
#540 = DIRECTION('',(0.69628704775,0.717763433963,0.));
#541 = ADVANCED_FACE('',(#542),#560,.T.);
#542 = FACE_BOUND('',#543,.T.);
#543 = EDGE_LOOP('',(#544,#545,#546,#554));
#544 = ORIENTED_EDGE('',*,*,#498,.T.);
#545 = ORIENTED_EDGE('',*,*,#90,.T.);
#546 = ORIENTED_EDGE('',*,*,#547,.F.);
#547 = EDGE_CURVE('',#548,#91,#550,.T.);
#548 = VERTEX_POINT('',#549);
#549 = CARTESIAN_POINT('',(-1.658300005797,-0.504302559049,0.));
#550 = LINE('',#551,#552);
#551 = CARTESIAN_POINT('',(-1.658300005797,-0.504302559049,0.));
#552 = VECTOR('',#553,1.);
#553 = DIRECTION('',(-0.,-0.,-1.));
#554 = ORIENTED_EDGE('',*,*,#555,.F.);
#555 = EDGE_CURVE('',#499,#548,#556,.T.);
#556 = LINE('',#557,#558);
#557 = CARTESIAN_POINT('',(4.169999420287E-02,1.445697440951,0.));
#558 = VECTOR('',#559,1.);
#559 = DIRECTION('',(-0.657135200432,-0.753772729908,0.));
#560 = PLANE('',#561);
#561 = AXIS2_PLACEMENT_3D('',#562,#563,#564);
#562 = CARTESIAN_POINT('',(4.169999420287E-02,1.445697440951,0.));
#563 = DIRECTION('',(-0.753772729908,0.657135200432,0.));
#564 = DIRECTION('',(-0.657135200432,-0.753772729908,0.));
#565 = ADVANCED_FACE('',(#566),#585,.T.);
#566 = FACE_BOUND('',#567,.T.);
#567 = EDGE_LOOP('',(#568,#576,#577,#578));
#568 = ORIENTED_EDGE('',*,*,#569,.T.);
#569 = EDGE_CURVE('',#570,#217,#572,.T.);
#570 = VERTEX_POINT('',#571);
#571 = CARTESIAN_POINT('',(76.9,-41.45,0.));
#572 = LINE('',#573,#574);
#573 = CARTESIAN_POINT('',(76.9,-41.45,0.));
#574 = VECTOR('',#575,1.);
#575 = DIRECTION('',(-0.,-0.,-1.));
#576 = ORIENTED_EDGE('',*,*,#224,.T.);
#577 = ORIENTED_EDGE('',*,*,#521,.F.);
#578 = ORIENTED_EDGE('',*,*,#579,.F.);
#579 = EDGE_CURVE('',#570,#522,#580,.T.);
#580 = CIRCLE('',#581,2.2);
#581 = AXIS2_PLACEMENT_3D('',#582,#583,#584);
#582 = CARTESIAN_POINT('',(76.9,-39.25,0.));
#583 = DIRECTION('',(0.,-0.,1.));
#584 = DIRECTION('',(0.69628704775,0.717763433963,0.));
#585 = CYLINDRICAL_SURFACE('',#586,2.2);
#586 = AXIS2_PLACEMENT_3D('',#587,#588,#589);
#587 = CARTESIAN_POINT('',(76.9,-39.25,0.));
#588 = DIRECTION('',(0.,0.,1.));
#589 = DIRECTION('',(0.69628704775,0.717763433963,0.));
#590 = ADVANCED_FACE('',(#591),#610,.T.);
#591 = FACE_BOUND('',#592,.T.);
#592 = EDGE_LOOP('',(#593,#594,#595,#603));
#593 = ORIENTED_EDGE('',*,*,#547,.T.);
#594 = ORIENTED_EDGE('',*,*,#98,.T.);
#595 = ORIENTED_EDGE('',*,*,#596,.F.);
#596 = EDGE_CURVE('',#597,#99,#599,.T.);
#597 = VERTEX_POINT('',#598);
#598 = CARTESIAN_POINT('',(-2.2,-1.95,0.));
#599 = LINE('',#600,#601);
#600 = CARTESIAN_POINT('',(-2.2,-1.95,0.));
#601 = VECTOR('',#602,1.);
#602 = DIRECTION('',(-0.,-0.,-1.));
#603 = ORIENTED_EDGE('',*,*,#604,.F.);
#604 = EDGE_CURVE('',#548,#597,#605,.T.);
#605 = CIRCLE('',#606,2.2);
#606 = AXIS2_PLACEMENT_3D('',#607,#608,#609);
#607 = CARTESIAN_POINT('',(0.,-1.95,0.));
#608 = DIRECTION('',(-0.,0.,1.));
#609 = DIRECTION('',(0.,-1.,0.));
#610 = CYLINDRICAL_SURFACE('',#611,2.2);
#611 = AXIS2_PLACEMENT_3D('',#612,#613,#614);
#612 = CARTESIAN_POINT('',(0.,-1.95,0.));
#613 = DIRECTION('',(0.,0.,1.));
#614 = DIRECTION('',(0.,-1.,0.));
#615 = ADVANCED_FACE('',(#616),#634,.T.);
#616 = FACE_BOUND('',#617,.T.);
#617 = EDGE_LOOP('',(#618,#626,#627,#628));
#618 = ORIENTED_EDGE('',*,*,#619,.T.);
#619 = EDGE_CURVE('',#620,#208,#622,.T.);
#620 = VERTEX_POINT('',#621);
#621 = CARTESIAN_POINT('',(70.7,-41.45,0.));
#622 = LINE('',#623,#624);
#623 = CARTESIAN_POINT('',(70.7,-41.45,0.));
#624 = VECTOR('',#625,1.);
#625 = DIRECTION('',(-0.,-0.,-1.));
#626 = ORIENTED_EDGE('',*,*,#216,.T.);
#627 = ORIENTED_EDGE('',*,*,#569,.F.);
#628 = ORIENTED_EDGE('',*,*,#629,.F.);
#629 = EDGE_CURVE('',#620,#570,#630,.T.);
#630 = LINE('',#631,#632);
#631 = CARTESIAN_POINT('',(70.7,-41.45,0.));
#632 = VECTOR('',#633,1.);
#633 = DIRECTION('',(1.,0.,0.));
#634 = PLANE('',#635);
#635 = AXIS2_PLACEMENT_3D('',#636,#637,#638);
#636 = CARTESIAN_POINT('',(70.7,-41.45,0.));
#637 = DIRECTION('',(0.,-1.,0.));
#638 = DIRECTION('',(1.,0.,0.));
#639 = ADVANCED_FACE('',(#640),#658,.T.);
#640 = FACE_BOUND('',#641,.T.);
#641 = EDGE_LOOP('',(#642,#643,#644,#652));
#642 = ORIENTED_EDGE('',*,*,#596,.T.);
#643 = ORIENTED_EDGE('',*,*,#107,.T.);
#644 = ORIENTED_EDGE('',*,*,#645,.F.);
#645 = EDGE_CURVE('',#646,#108,#648,.T.);
#646 = VERTEX_POINT('',#647);
#647 = CARTESIAN_POINT('',(-2.2,-46.05,0.));
#648 = LINE('',#649,#650);
#649 = CARTESIAN_POINT('',(-2.2,-46.05,0.));
#650 = VECTOR('',#651,1.);
#651 = DIRECTION('',(-0.,-0.,-1.));
#652 = ORIENTED_EDGE('',*,*,#653,.F.);
#653 = EDGE_CURVE('',#597,#646,#654,.T.);
#654 = LINE('',#655,#656);
#655 = CARTESIAN_POINT('',(-2.2,-1.95,0.));
#656 = VECTOR('',#657,1.);
#657 = DIRECTION('',(0.,-1.,0.));
#658 = PLANE('',#659);
#659 = AXIS2_PLACEMENT_3D('',#660,#661,#662);
#660 = CARTESIAN_POINT('',(-2.2,-1.95,0.));
#661 = DIRECTION('',(-1.,0.,0.));
#662 = DIRECTION('',(0.,-1.,0.));
#663 = ADVANCED_FACE('',(#664),#683,.T.);
#664 = FACE_BOUND('',#665,.T.);
#665 = EDGE_LOOP('',(#666,#674,#675,#676));
#666 = ORIENTED_EDGE('',*,*,#667,.T.);
#667 = EDGE_CURVE('',#668,#200,#670,.T.);
#668 = VERTEX_POINT('',#669);
#669 = CARTESIAN_POINT('',(68.94033791277,-40.57045043025,0.));
#670 = LINE('',#671,#672);
#671 = CARTESIAN_POINT('',(68.94033791277,-40.57045043025,0.));
#672 = VECTOR('',#673,1.);
#673 = DIRECTION('',(-0.,-0.,-1.));
#674 = ORIENTED_EDGE('',*,*,#207,.T.);
#675 = ORIENTED_EDGE('',*,*,#619,.F.);
#676 = ORIENTED_EDGE('',*,*,#677,.F.);
#677 = EDGE_CURVE('',#668,#620,#678,.T.);
#678 = CIRCLE('',#679,2.2);
#679 = AXIS2_PLACEMENT_3D('',#680,#681,#682);
#680 = CARTESIAN_POINT('',(70.7,-39.25,0.));
#681 = DIRECTION('',(0.,0.,1.));
#682 = DIRECTION('',(1.,0.,0.));
#683 = CYLINDRICAL_SURFACE('',#684,2.2);
#684 = AXIS2_PLACEMENT_3D('',#685,#686,#687);
#685 = CARTESIAN_POINT('',(70.7,-39.25,0.));
#686 = DIRECTION('',(0.,0.,1.));
#687 = DIRECTION('',(1.,0.,0.));
#688 = ADVANCED_FACE('',(#689),#708,.T.);
#689 = FACE_BOUND('',#690,.T.);
#690 = EDGE_LOOP('',(#691,#692,#693,#701));
#691 = ORIENTED_EDGE('',*,*,#645,.T.);
#692 = ORIENTED_EDGE('',*,*,#115,.T.);
#693 = ORIENTED_EDGE('',*,*,#694,.F.);
#694 = EDGE_CURVE('',#695,#116,#697,.T.);
#695 = VERTEX_POINT('',#696);
#696 = CARTESIAN_POINT('',(-1.561920235006,-47.59932410407,0.));
#697 = LINE('',#698,#699);
#698 = CARTESIAN_POINT('',(-1.561920235006,-47.59932410407,0.));
#699 = VECTOR('',#700,1.);
#700 = DIRECTION('',(-0.,-0.,-1.));
#701 = ORIENTED_EDGE('',*,*,#702,.F.);
#702 = EDGE_CURVE('',#646,#695,#703,.T.);
#703 = CIRCLE('',#704,2.2);
#704 = AXIS2_PLACEMENT_3D('',#705,#706,#707);
#705 = CARTESIAN_POINT('',(0.,-46.05,0.));
#706 = DIRECTION('',(-0.,0.,1.));
#707 = DIRECTION('',(0.704238229127,-0.709963743185,0.));
#708 = CYLINDRICAL_SURFACE('',#709,2.2);
#709 = AXIS2_PLACEMENT_3D('',#710,#711,#712);
#710 = CARTESIAN_POINT('',(0.,-46.05,0.));
#711 = DIRECTION('',(0.,0.,1.));
#712 = DIRECTION('',(0.704238229127,-0.709963743185,0.));
#713 = ADVANCED_FACE('',(#714),#732,.T.);
#714 = FACE_BOUND('',#715,.T.);
#715 = EDGE_LOOP('',(#716,#724,#725,#726));
#716 = ORIENTED_EDGE('',*,*,#717,.T.);
#717 = EDGE_CURVE('',#718,#192,#720,.T.);
#718 = VERTEX_POINT('',#719);
#719 = CARTESIAN_POINT('',(64.910351909905,-35.2,0.));
#720 = LINE('',#721,#722);
#721 = CARTESIAN_POINT('',(64.910351909905,-35.2,0.));
#722 = VECTOR('',#723,1.);
#723 = DIRECTION('',(-0.,-0.,-1.));
#724 = ORIENTED_EDGE('',*,*,#199,.T.);
#725 = ORIENTED_EDGE('',*,*,#667,.F.);
#726 = ORIENTED_EDGE('',*,*,#727,.F.);
#727 = EDGE_CURVE('',#718,#668,#728,.T.);
#728 = LINE('',#729,#730);
#729 = CARTESIAN_POINT('',(64.910351909905,-35.2,0.));
#730 = VECTOR('',#731,1.);
#731 = DIRECTION('',(0.600204741026,-0.799846403286,0.));
#732 = PLANE('',#733);
#733 = AXIS2_PLACEMENT_3D('',#734,#735,#736);
#734 = CARTESIAN_POINT('',(64.910351909905,-35.2,0.));
#735 = DIRECTION('',(-0.799846403286,-0.600204741026,0.));
#736 = DIRECTION('',(0.600204741026,-0.799846403286,0.));
#737 = ADVANCED_FACE('',(#738),#756,.T.);
#738 = FACE_BOUND('',#739,.T.);
#739 = EDGE_LOOP('',(#740,#741,#742,#750));
#740 = ORIENTED_EDGE('',*,*,#694,.T.);
#741 = ORIENTED_EDGE('',*,*,#124,.T.);
#742 = ORIENTED_EDGE('',*,*,#743,.F.);
#743 = EDGE_CURVE('',#744,#125,#746,.T.);
#744 = VERTEX_POINT('',#745);
#745 = CARTESIAN_POINT('',(4.588079764994,-53.79932410407,0.));
#746 = LINE('',#747,#748);
#747 = CARTESIAN_POINT('',(4.588079764994,-53.79932410407,0.));
#748 = VECTOR('',#749,1.);
#749 = DIRECTION('',(-0.,-0.,-1.));
#750 = ORIENTED_EDGE('',*,*,#751,.F.);
#751 = EDGE_CURVE('',#695,#744,#752,.T.);
#752 = LINE('',#753,#754);
#753 = CARTESIAN_POINT('',(-1.561920235006,-47.59932410407,0.));
#754 = VECTOR('',#755,1.);
#755 = DIRECTION('',(0.704238229127,-0.709963743185,0.));
#756 = PLANE('',#757);
#757 = AXIS2_PLACEMENT_3D('',#758,#759,#760);
#758 = CARTESIAN_POINT('',(-1.561920235006,-47.59932410407,0.));
#759 = DIRECTION('',(-0.709963743185,-0.704238229127,0.));
#760 = DIRECTION('',(0.704238229127,-0.709963743185,0.));
#761 = ADVANCED_FACE('',(#762),#780,.T.);
#762 = FACE_BOUND('',#763,.T.);
#763 = EDGE_LOOP('',(#764,#772,#773,#774));
#764 = ORIENTED_EDGE('',*,*,#765,.T.);
#765 = EDGE_CURVE('',#766,#184,#768,.T.);
#766 = VERTEX_POINT('',#767);
#767 = CARTESIAN_POINT('',(22.646443942425,-35.2,0.));
#768 = LINE('',#769,#770);
#769 = CARTESIAN_POINT('',(22.646443942425,-35.2,0.));
#770 = VECTOR('',#771,1.);
#771 = DIRECTION('',(-0.,-0.,-1.));
#772 = ORIENTED_EDGE('',*,*,#191,.T.);
#773 = ORIENTED_EDGE('',*,*,#717,.F.);
#774 = ORIENTED_EDGE('',*,*,#775,.F.);
#775 = EDGE_CURVE('',#766,#718,#776,.T.);
#776 = LINE('',#777,#778);
#777 = CARTESIAN_POINT('',(22.646443942425,-35.2,0.));
#778 = VECTOR('',#779,1.);
#779 = DIRECTION('',(1.,0.,0.));
#780 = PLANE('',#781);
#781 = AXIS2_PLACEMENT_3D('',#782,#783,#784);
#782 = CARTESIAN_POINT('',(22.646443942425,-35.2,0.));
#783 = DIRECTION('',(0.,-1.,0.));
#784 = DIRECTION('',(1.,0.,0.));
#785 = ADVANCED_FACE('',(#786),#805,.T.);
#786 = FACE_BOUND('',#787,.T.);
#787 = EDGE_LOOP('',(#788,#789,#790,#798));
#788 = ORIENTED_EDGE('',*,*,#743,.T.);
#789 = ORIENTED_EDGE('',*,*,#132,.T.);
#790 = ORIENTED_EDGE('',*,*,#791,.F.);
#791 = EDGE_CURVE('',#792,#133,#794,.T.);
#792 = VERTEX_POINT('',#793);
#793 = CARTESIAN_POINT('',(6.149956692913,-54.44999999957,0.));
#794 = LINE('',#795,#796);
#795 = CARTESIAN_POINT('',(6.149956692913,-54.44999999957,0.));
#796 = VECTOR('',#797,1.);
#797 = DIRECTION('',(-0.,-0.,-1.));
#798 = ORIENTED_EDGE('',*,*,#799,.F.);
#799 = EDGE_CURVE('',#744,#792,#800,.T.);
#800 = CIRCLE('',#801,2.2);
#801 = AXIS2_PLACEMENT_3D('',#802,#803,#804);
#802 = CARTESIAN_POINT('',(6.15,-52.25,0.));
#803 = DIRECTION('',(-0.,0.,1.));
#804 = DIRECTION('',(0.999999999806,-1.96850393658E-05,0.));
#805 = CYLINDRICAL_SURFACE('',#806,2.2);
#806 = AXIS2_PLACEMENT_3D('',#807,#808,#809);
#807 = CARTESIAN_POINT('',(6.15,-52.25,0.));
#808 = DIRECTION('',(0.,0.,1.));
#809 = DIRECTION('',(0.999999999806,-1.96850393658E-05,0.));
#810 = ADVANCED_FACE('',(#811),#829,.T.);
#811 = FACE_BOUND('',#812,.T.);
#812 = EDGE_LOOP('',(#813,#821,#822,#823));
#813 = ORIENTED_EDGE('',*,*,#814,.T.);
#814 = EDGE_CURVE('',#815,#176,#817,.T.);
#815 = VERTEX_POINT('',#816);
#816 = CARTESIAN_POINT('',(20.88,-36.92616671898,0.));
#817 = LINE('',#818,#819);
#818 = CARTESIAN_POINT('',(20.88,-36.92616671898,0.));
#819 = VECTOR('',#820,1.);
#820 = DIRECTION('',(-0.,-0.,-1.));
#821 = ORIENTED_EDGE('',*,*,#183,.T.);
#822 = ORIENTED_EDGE('',*,*,#765,.F.);
#823 = ORIENTED_EDGE('',*,*,#824,.F.);
#824 = EDGE_CURVE('',#815,#766,#825,.T.);
#825 = LINE('',#826,#827);
#826 = CARTESIAN_POINT('',(20.88,-36.92616671898,0.));
#827 = VECTOR('',#828,1.);
#828 = DIRECTION('',(0.715213668601,0.698905865082,0.));
#829 = PLANE('',#830);
#830 = AXIS2_PLACEMENT_3D('',#831,#832,#833);
#831 = CARTESIAN_POINT('',(20.88,-36.92616671898,0.));
#832 = DIRECTION('',(0.698905865082,-0.715213668601,0.));
#833 = DIRECTION('',(0.715213668601,0.698905865082,0.));
#834 = ADVANCED_FACE('',(#835),#853,.T.);
#835 = FACE_BOUND('',#836,.T.);
#836 = EDGE_LOOP('',(#837,#838,#839,#847));
#837 = ORIENTED_EDGE('',*,*,#791,.T.);
#838 = ORIENTED_EDGE('',*,*,#141,.T.);
#839 = ORIENTED_EDGE('',*,*,#840,.F.);
#840 = EDGE_CURVE('',#841,#142,#843,.T.);
#841 = VERTEX_POINT('',#842);
#842 = CARTESIAN_POINT('',(12.499956692913,-54.45012499957,0.));
#843 = LINE('',#844,#845);
#844 = CARTESIAN_POINT('',(12.499956692913,-54.45012499957,0.));
#845 = VECTOR('',#846,1.);
#846 = DIRECTION('',(-0.,-0.,-1.));
#847 = ORIENTED_EDGE('',*,*,#848,.F.);
#848 = EDGE_CURVE('',#792,#841,#849,.T.);
#849 = LINE('',#850,#851);
#850 = CARTESIAN_POINT('',(6.149956692913,-54.44999999957,0.));
#851 = VECTOR('',#852,1.);
#852 = DIRECTION('',(0.999999999806,-1.96850393658E-05,0.));
#853 = PLANE('',#854);
#854 = AXIS2_PLACEMENT_3D('',#855,#856,#857);
#855 = CARTESIAN_POINT('',(6.149956692913,-54.44999999957,0.));
#856 = DIRECTION('',(-1.96850393658E-05,-0.999999999806,0.));
#857 = DIRECTION('',(0.999999999806,-1.96850393658E-05,0.));
#858 = ADVANCED_FACE('',(#859),#877,.T.);
#859 = FACE_BOUND('',#860,.T.);
#860 = EDGE_LOOP('',(#861,#869,#870,#871));
#861 = ORIENTED_EDGE('',*,*,#862,.T.);
#862 = EDGE_CURVE('',#863,#167,#865,.T.);
#863 = VERTEX_POINT('',#864);
#864 = CARTESIAN_POINT('',(20.88,-46.05,0.));
#865 = LINE('',#866,#867);
#866 = CARTESIAN_POINT('',(20.88,-46.05,0.));
#867 = VECTOR('',#868,1.);
#868 = DIRECTION('',(-0.,-0.,-1.));
#869 = ORIENTED_EDGE('',*,*,#175,.T.);
#870 = ORIENTED_EDGE('',*,*,#814,.F.);
#871 = ORIENTED_EDGE('',*,*,#872,.F.);
#872 = EDGE_CURVE('',#863,#815,#873,.T.);
#873 = LINE('',#874,#875);
#874 = CARTESIAN_POINT('',(20.88,-46.05,0.));
#875 = VECTOR('',#876,1.);
#876 = DIRECTION('',(0.,1.,0.));
#877 = PLANE('',#878);
#878 = AXIS2_PLACEMENT_3D('',#879,#880,#881);
#879 = CARTESIAN_POINT('',(20.88,-46.05,0.));
#880 = DIRECTION('',(1.,0.,0.));
#881 = DIRECTION('',(0.,1.,0.));
#882 = ADVANCED_FACE('',(#883),#902,.T.);
#883 = FACE_BOUND('',#884,.T.);
#884 = EDGE_LOOP('',(#885,#886,#887,#895));
#885 = ORIENTED_EDGE('',*,*,#840,.T.);
#886 = ORIENTED_EDGE('',*,*,#149,.T.);
#887 = ORIENTED_EDGE('',*,*,#888,.F.);
#888 = EDGE_CURVE('',#889,#150,#891,.T.);
#889 = VERTEX_POINT('',#890);
#890 = CARTESIAN_POINT('',(14.058161683496,-53.8032290429,0.));
#891 = LINE('',#892,#893);
#892 = CARTESIAN_POINT('',(14.058161683496,-53.8032290429,0.));
#893 = VECTOR('',#894,1.);
#894 = DIRECTION('',(-0.,-0.,-1.));
#895 = ORIENTED_EDGE('',*,*,#896,.F.);
#896 = EDGE_CURVE('',#841,#889,#897,.T.);
#897 = CIRCLE('',#898,2.2);
#898 = AXIS2_PLACEMENT_3D('',#899,#900,#901);
#899 = CARTESIAN_POINT('',(12.5,-52.250125,0.));
#900 = DIRECTION('',(0.,-0.,1.));
#901 = DIRECTION('',(0.705956383138,0.70825531068,0.));
#902 = CYLINDRICAL_SURFACE('',#903,2.2);
#903 = AXIS2_PLACEMENT_3D('',#904,#905,#906);
#904 = CARTESIAN_POINT('',(12.5,-52.250125,0.));
#905 = DIRECTION('',(0.,0.,1.));
#906 = DIRECTION('',(0.705956383138,0.70825531068,0.));
#907 = ADVANCED_FACE('',(#908),#927,.T.);
#908 = FACE_BOUND('',#909,.T.);
#909 = EDGE_LOOP('',(#910,#918,#919,#920));
#910 = ORIENTED_EDGE('',*,*,#911,.T.);
#911 = EDGE_CURVE('',#912,#159,#914,.T.);
#912 = VERTEX_POINT('',#913);
#913 = CARTESIAN_POINT('',(20.238161683496,-47.6031040429,0.));
#914 = LINE('',#915,#916);
#915 = CARTESIAN_POINT('',(20.238161683496,-47.6031040429,0.));
#916 = VECTOR('',#917,1.);
#917 = DIRECTION('',(-0.,-0.,-1.));
#918 = ORIENTED_EDGE('',*,*,#166,.T.);
#919 = ORIENTED_EDGE('',*,*,#862,.F.);
#920 = ORIENTED_EDGE('',*,*,#921,.F.);
#921 = EDGE_CURVE('',#912,#863,#922,.T.);
#922 = CIRCLE('',#923,2.2);
#923 = AXIS2_PLACEMENT_3D('',#924,#925,#926);
#924 = CARTESIAN_POINT('',(18.68,-46.05,0.));
#925 = DIRECTION('',(0.,-0.,1.));
#926 = DIRECTION('',(0.,1.,0.));
#927 = CYLINDRICAL_SURFACE('',#928,2.2);
#928 = AXIS2_PLACEMENT_3D('',#929,#930,#931);
#929 = CARTESIAN_POINT('',(18.68,-46.05,0.));
#930 = DIRECTION('',(0.,0.,1.));
#931 = DIRECTION('',(0.,1.,0.));
#932 = ADVANCED_FACE('',(#933),#944,.T.);
#933 = FACE_BOUND('',#934,.T.);
#934 = EDGE_LOOP('',(#935,#936,#937,#938));
#935 = ORIENTED_EDGE('',*,*,#888,.T.);
#936 = ORIENTED_EDGE('',*,*,#158,.T.);
#937 = ORIENTED_EDGE('',*,*,#911,.F.);
#938 = ORIENTED_EDGE('',*,*,#939,.F.);
#939 = EDGE_CURVE('',#889,#912,#940,.T.);
#940 = LINE('',#941,#942);
#941 = CARTESIAN_POINT('',(14.058161683496,-53.8032290429,0.));
#942 = VECTOR('',#943,1.);
#943 = DIRECTION('',(0.705956383138,0.70825531068,0.));
#944 = PLANE('',#945);
#945 = AXIS2_PLACEMENT_3D('',#946,#947,#948);
#946 = CARTESIAN_POINT('',(14.058161683496,-53.8032290429,0.));
#947 = DIRECTION('',(0.70825531068,-0.705956383138,0.));
#948 = DIRECTION('',(0.705956383138,0.70825531068,0.));
#949 = ADVANCED_FACE('',(#950),#969,.F.);
#950 = FACE_BOUND('',#951,.F.);
#951 = EDGE_LOOP('',(#952,#961,#967,#968));
#952 = ORIENTED_EDGE('',*,*,#953,.F.);
#953 = EDGE_CURVE('',#954,#954,#956,.T.);
#954 = VERTEX_POINT('',#955);
#955 = CARTESIAN_POINT('',(70.476393,-13.743442,-1.7));
#956 = CIRCLE('',#957,3.9);
#957 = AXIS2_PLACEMENT_3D('',#958,#959,#960);
#958 = CARTESIAN_POINT('',(66.576393,-13.743442,-1.7));
#959 = DIRECTION('',(0.,0.,1.));
#960 = DIRECTION('',(1.,0.,0.));
#961 = ORIENTED_EDGE('',*,*,#962,.T.);
#962 = EDGE_CURVE('',#954,#268,#963,.T.);
#963 = LINE('',#964,#965);
#964 = CARTESIAN_POINT('',(70.476393,-13.743442,-1.7));
#965 = VECTOR('',#966,1.);
#966 = DIRECTION('',(-0.,-0.,-1.));
#967 = ORIENTED_EDGE('',*,*,#267,.T.);
#968 = ORIENTED_EDGE('',*,*,#962,.F.);
#969 = CYLINDRICAL_SURFACE('',#970,3.9);
#970 = AXIS2_PLACEMENT_3D('',#971,#972,#973);
#971 = CARTESIAN_POINT('',(66.576393,-13.743442,-1.7));
#972 = DIRECTION('',(0.,0.,1.));
#973 = DIRECTION('',(1.,0.,0.));
#974 = ADVANCED_FACE('',(#975),#994,.F.);
#975 = FACE_BOUND('',#976,.F.);
#976 = EDGE_LOOP('',(#977,#985,#986,#987));
#977 = ORIENTED_EDGE('',*,*,#978,.F.);
#978 = EDGE_CURVE('',#279,#979,#981,.T.);
#979 = VERTEX_POINT('',#980);
#980 = CARTESIAN_POINT('',(60.883274,-3.05,-6.5));
#981 = LINE('',#982,#983);
#982 = CARTESIAN_POINT('',(60.883274,-3.05,-6.5));
#983 = VECTOR('',#984,1.);
#984 = DIRECTION('',(-0.4472135955,-3.177643716157E-16,0.894427191));
#985 = ORIENTED_EDGE('',*,*,#278,.T.);
#986 = ORIENTED_EDGE('',*,*,#978,.T.);
#987 = ORIENTED_EDGE('',*,*,#988,.F.);
#988 = EDGE_CURVE('',#979,#979,#989,.T.);
#989 = CIRCLE('',#990,1.25);
#990 = AXIS2_PLACEMENT_3D('',#991,#992,#993);
#991 = CARTESIAN_POINT('',(59.633274,-3.05,-6.5));
#992 = DIRECTION('',(0.,-0.,1.));
#993 = DIRECTION('',(1.,7.105427357601E-16,0.));
#994 = CONICAL_SURFACE('',#995,1.25,0.463647609001);
#995 = AXIS2_PLACEMENT_3D('',#996,#997,#998);
#996 = CARTESIAN_POINT('',(59.633274,-3.05,-6.5));
#997 = DIRECTION('',(-0.,-0.,-1.));
#998 = DIRECTION('',(1.,7.105427357601E-16,0.));
#999 = ADVANCED_FACE('',(#1000),#1019,.F.);
#1000 = FACE_BOUND('',#1001,.F.);
#1001 = EDGE_LOOP('',(#1002,#1010,#1011,#1012));
#1002 = ORIENTED_EDGE('',*,*,#1003,.F.);
#1003 = EDGE_CURVE('',#290,#1004,#1006,.T.);
#1004 = VERTEX_POINT('',#1005);
#1005 = CARTESIAN_POINT('',(24.7,-29.9,-6.5));
#1006 = LINE('',#1007,#1008);
#1007 = CARTESIAN_POINT('',(24.7,-29.9,-6.5));
#1008 = VECTOR('',#1009,1.);
#1009 = DIRECTION('',(-0.4472135955,0.,0.894427191));
#1010 = ORIENTED_EDGE('',*,*,#289,.T.);
#1011 = ORIENTED_EDGE('',*,*,#1003,.T.);
#1012 = ORIENTED_EDGE('',*,*,#1013,.F.);
#1013 = EDGE_CURVE('',#1004,#1004,#1014,.T.);
#1014 = CIRCLE('',#1015,1.25);
#1015 = AXIS2_PLACEMENT_3D('',#1016,#1017,#1018);
#1016 = CARTESIAN_POINT('',(23.45,-29.9,-6.5));
#1017 = DIRECTION('',(0.,0.,1.));
#1018 = DIRECTION('',(1.,0.,0.));
#1019 = CONICAL_SURFACE('',#1020,1.25,0.463647609001);
#1020 = AXIS2_PLACEMENT_3D('',#1021,#1022,#1023);
#1021 = CARTESIAN_POINT('',(23.45,-29.9,-6.5));
#1022 = DIRECTION('',(-0.,-0.,-1.));
#1023 = DIRECTION('',(1.,0.,0.));
#1024 = ADVANCED_FACE('',(#1025),#1044,.F.);
#1025 = FACE_BOUND('',#1026,.F.);
#1026 = EDGE_LOOP('',(#1027,#1035,#1036,#1037));
#1027 = ORIENTED_EDGE('',*,*,#1028,.F.);
#1028 = EDGE_CURVE('',#301,#1029,#1031,.T.);
#1029 = VERTEX_POINT('',#1030);
#1030 = CARTESIAN_POINT('',(4.283274,-26.4,-6.5));
#1031 = LINE('',#1032,#1033);
#1032 = CARTESIAN_POINT('',(4.283274,-26.4,-6.5));
#1033 = VECTOR('',#1034,1.);
#1034 = DIRECTION('',(-0.4472135955,0.,0.894427191));
#1035 = ORIENTED_EDGE('',*,*,#300,.T.);
#1036 = ORIENTED_EDGE('',*,*,#1028,.T.);
#1037 = ORIENTED_EDGE('',*,*,#1038,.F.);
#1038 = EDGE_CURVE('',#1029,#1029,#1039,.T.);
#1039 = CIRCLE('',#1040,1.25);
#1040 = AXIS2_PLACEMENT_3D('',#1041,#1042,#1043);
#1041 = CARTESIAN_POINT('',(3.033274,-26.4,-6.5));
#1042 = DIRECTION('',(0.,0.,1.));
#1043 = DIRECTION('',(1.,0.,0.));
#1044 = CONICAL_SURFACE('',#1045,1.25,0.463647609001);
#1045 = AXIS2_PLACEMENT_3D('',#1046,#1047,#1048);
#1046 = CARTESIAN_POINT('',(3.033274,-26.4,-6.5));
#1047 = DIRECTION('',(-0.,-0.,-1.));
#1048 = DIRECTION('',(1.,0.,0.));
#1049 = ADVANCED_FACE('',(#1050),#1069,.F.);
#1050 = FACE_BOUND('',#1051,.F.);
#1051 = EDGE_LOOP('',(#1052,#1060,#1067,#1068));
#1052 = ORIENTED_EDGE('',*,*,#1053,.F.);
#1053 = EDGE_CURVE('',#1054,#318,#1056,.T.);
#1054 = VERTEX_POINT('',#1055);
#1055 = CARTESIAN_POINT('',(81.233274,-16.486726,-1.7));
#1056 = LINE('',#1057,#1058);
#1057 = CARTESIAN_POINT('',(81.233274,-16.486726,-1.7));
#1058 = VECTOR('',#1059,1.);
#1059 = DIRECTION('',(-0.,-0.,-1.));
#1060 = ORIENTED_EDGE('',*,*,#1061,.F.);
#1061 = EDGE_CURVE('',#1054,#1054,#1062,.T.);
#1062 = CIRCLE('',#1063,1.25);
#1063 = AXIS2_PLACEMENT_3D('',#1064,#1065,#1066);
#1064 = CARTESIAN_POINT('',(79.983274,-16.486726,-1.7));
#1065 = DIRECTION('',(0.,0.,1.));
#1066 = DIRECTION('',(1.,0.,0.));
#1067 = ORIENTED_EDGE('',*,*,#1053,.T.);
#1068 = ORIENTED_EDGE('',*,*,#327,.T.);
#1069 = CYLINDRICAL_SURFACE('',#1070,1.25);
#1070 = AXIS2_PLACEMENT_3D('',#1071,#1072,#1073);
#1071 = CARTESIAN_POINT('',(79.983274,-16.486726,-1.7));
#1072 = DIRECTION('',(0.,0.,1.));
#1073 = DIRECTION('',(1.,0.,0.));
#1074 = ADVANCED_FACE('',(#1075,#1102),#1342,.T.);
#1075 = FACE_BOUND('',#1076,.T.);
#1076 = EDGE_LOOP('',(#1077,#1078,#1079,#1080,#1081,#1082,#1083,#1084,
    #1085,#1086,#1087,#1088,#1089,#1090,#1091,#1092,#1093,#1094,#1095,
    #1096,#1097,#1098,#1099,#1100,#1101));
#1077 = ORIENTED_EDGE('',*,*,#359,.T.);
#1078 = ORIENTED_EDGE('',*,*,#408,.T.);
#1079 = ORIENTED_EDGE('',*,*,#457,.T.);
#1080 = ORIENTED_EDGE('',*,*,#506,.T.);
#1081 = ORIENTED_EDGE('',*,*,#555,.T.);
#1082 = ORIENTED_EDGE('',*,*,#604,.T.);
#1083 = ORIENTED_EDGE('',*,*,#653,.T.);
#1084 = ORIENTED_EDGE('',*,*,#702,.T.);
#1085 = ORIENTED_EDGE('',*,*,#751,.T.);
#1086 = ORIENTED_EDGE('',*,*,#799,.T.);
#1087 = ORIENTED_EDGE('',*,*,#848,.T.);
#1088 = ORIENTED_EDGE('',*,*,#896,.T.);
#1089 = ORIENTED_EDGE('',*,*,#939,.T.);
#1090 = ORIENTED_EDGE('',*,*,#921,.T.);
#1091 = ORIENTED_EDGE('',*,*,#872,.T.);
#1092 = ORIENTED_EDGE('',*,*,#824,.T.);
#1093 = ORIENTED_EDGE('',*,*,#775,.T.);
#1094 = ORIENTED_EDGE('',*,*,#727,.T.);
#1095 = ORIENTED_EDGE('',*,*,#677,.T.);
#1096 = ORIENTED_EDGE('',*,*,#629,.T.);
#1097 = ORIENTED_EDGE('',*,*,#579,.T.);
#1098 = ORIENTED_EDGE('',*,*,#531,.T.);
#1099 = ORIENTED_EDGE('',*,*,#481,.T.);
#1100 = ORIENTED_EDGE('',*,*,#433,.T.);
#1101 = ORIENTED_EDGE('',*,*,#383,.T.);
#1102 = FACE_BOUND('',#1103,.T.);
#1103 = EDGE_LOOP('',(#1104,#1114,#1123,#1131,#1140,#1148,#1157,#1165,
    #1174,#1182,#1191,#1199,#1208,#1216,#1225,#1233,#1242,#1250,#1259,
    #1267,#1276,#1284,#1293,#1301,#1310,#1318,#1327,#1335));
#1104 = ORIENTED_EDGE('',*,*,#1105,.F.);
#1105 = EDGE_CURVE('',#1106,#1108,#1110,.T.);
#1106 = VERTEX_POINT('',#1107);
#1107 = CARTESIAN_POINT('',(73.,0.2,0.));
#1108 = VERTEX_POINT('',#1109);
#1109 = CARTESIAN_POINT('',(1.7,0.2,0.));
#1110 = LINE('',#1111,#1112);
#1111 = CARTESIAN_POINT('',(73.,0.2,0.));
#1112 = VECTOR('',#1113,1.);
#1113 = DIRECTION('',(-1.,0.,0.));
#1114 = ORIENTED_EDGE('',*,*,#1115,.F.);
#1115 = EDGE_CURVE('',#1116,#1106,#1118,.T.);
#1116 = VERTEX_POINT('',#1117);
#1117 = CARTESIAN_POINT('',(73.164324121946,0.114006942537,0.));
#1118 = CIRCLE('',#1119,0.2);
#1119 = AXIS2_PLACEMENT_3D('',#1120,#1121,#1122);
#1120 = CARTESIAN_POINT('',(73.,0.,0.));
#1121 = DIRECTION('',(0.,0.,1.));
#1122 = DIRECTION('',(-1.,0.,0.));
#1123 = ORIENTED_EDGE('',*,*,#1124,.F.);
#1124 = EDGE_CURVE('',#1125,#1116,#1127,.T.);
#1125 = VERTEX_POINT('',#1126);
#1126 = CARTESIAN_POINT('',(83.224324121946,-14.38599305746,0.));
#1127 = LINE('',#1128,#1129);
#1128 = CARTESIAN_POINT('',(83.224324121946,-14.38599305746,0.));
#1129 = VECTOR('',#1130,1.);
#1130 = DIRECTION('',(-0.570034712683,0.821620609732,0.));
#1131 = ORIENTED_EDGE('',*,*,#1132,.F.);
#1132 = EDGE_CURVE('',#1133,#1125,#1135,.T.);
#1133 = VERTEX_POINT('',#1134);
#1134 = CARTESIAN_POINT('',(83.26,-14.5,0.));
#1135 = CIRCLE('',#1136,0.2);
#1136 = AXIS2_PLACEMENT_3D('',#1137,#1138,#1139);
#1137 = CARTESIAN_POINT('',(83.06,-14.5,0.));
#1138 = DIRECTION('',(0.,0.,1.));
#1139 = DIRECTION('',(-0.570034712683,0.821620609732,0.));
#1140 = ORIENTED_EDGE('',*,*,#1141,.F.);
#1141 = EDGE_CURVE('',#1142,#1133,#1144,.T.);
#1142 = VERTEX_POINT('',#1143);
#1143 = CARTESIAN_POINT('',(83.26,-32.9,0.));
#1144 = LINE('',#1145,#1146);
#1145 = CARTESIAN_POINT('',(83.26,-32.9,0.));
#1146 = VECTOR('',#1147,1.);
#1147 = DIRECTION('',(0.,1.,0.));
#1148 = ORIENTED_EDGE('',*,*,#1149,.F.);
#1149 = EDGE_CURVE('',#1150,#1142,#1152,.T.);
#1150 = VERTEX_POINT('',#1151);
#1151 = CARTESIAN_POINT('',(83.203552686793,-33.03925740955,0.));
#1152 = CIRCLE('',#1153,0.2);
#1153 = AXIS2_PLACEMENT_3D('',#1154,#1155,#1156);
#1154 = CARTESIAN_POINT('',(83.06,-32.9,0.));
#1155 = DIRECTION('',(0.,-0.,1.));
#1156 = DIRECTION('',(0.,1.,0.));
#1157 = ORIENTED_EDGE('',*,*,#1158,.F.);
#1158 = EDGE_CURVE('',#1159,#1150,#1161,.T.);
#1159 = VERTEX_POINT('',#1160);
#1160 = CARTESIAN_POINT('',(77.043552686793,-39.38925740955,0.));
#1161 = LINE('',#1162,#1163);
#1162 = CARTESIAN_POINT('',(77.043552686793,-39.38925740955,0.));
#1163 = VECTOR('',#1164,1.);
#1164 = DIRECTION('',(0.69628704775,0.717763433963,0.));
#1165 = ORIENTED_EDGE('',*,*,#1166,.F.);
#1166 = EDGE_CURVE('',#1167,#1159,#1169,.T.);
#1167 = VERTEX_POINT('',#1168);
#1168 = CARTESIAN_POINT('',(76.9,-39.45,0.));
#1169 = CIRCLE('',#1170,0.2);
#1170 = AXIS2_PLACEMENT_3D('',#1171,#1172,#1173);
#1171 = CARTESIAN_POINT('',(76.9,-39.25,0.));
#1172 = DIRECTION('',(0.,-0.,1.));
#1173 = DIRECTION('',(0.69628704775,0.717763433963,0.));
#1174 = ORIENTED_EDGE('',*,*,#1175,.F.);
#1175 = EDGE_CURVE('',#1176,#1167,#1178,.T.);
#1176 = VERTEX_POINT('',#1177);
#1177 = CARTESIAN_POINT('',(70.7,-39.45,0.));
#1178 = LINE('',#1179,#1180);
#1179 = CARTESIAN_POINT('',(70.7,-39.45,0.));
#1180 = VECTOR('',#1181,1.);
#1181 = DIRECTION('',(1.,0.,0.));
#1182 = ORIENTED_EDGE('',*,*,#1183,.F.);
#1183 = EDGE_CURVE('',#1184,#1176,#1186,.T.);
#1184 = VERTEX_POINT('',#1185);
#1185 = CARTESIAN_POINT('',(70.540030719343,-39.3700409482,0.));
#1186 = CIRCLE('',#1187,0.2);
#1187 = AXIS2_PLACEMENT_3D('',#1188,#1189,#1190);
#1188 = CARTESIAN_POINT('',(70.7,-39.25,0.));
#1189 = DIRECTION('',(0.,0.,1.));
#1190 = DIRECTION('',(1.,0.,0.));
#1191 = ORIENTED_EDGE('',*,*,#1192,.F.);
#1192 = EDGE_CURVE('',#1193,#1184,#1195,.T.);
#1193 = VERTEX_POINT('',#1194);
#1194 = CARTESIAN_POINT('',(66.510044716478,-33.99959051794,0.));
#1195 = LINE('',#1196,#1197);
#1196 = CARTESIAN_POINT('',(66.510044716478,-33.99959051794,0.));
#1197 = VECTOR('',#1198,1.);
#1198 = DIRECTION('',(0.600204741026,-0.799846403286,0.));
#1199 = ORIENTED_EDGE('',*,*,#1200,.F.);
#1200 = EDGE_CURVE('',#1201,#1193,#1203,.T.);
#1201 = VERTEX_POINT('',#1202);
#1202 = CARTESIAN_POINT('',(64.910351909905,-33.2,0.));
#1203 = CIRCLE('',#1204,2.);
#1204 = AXIS2_PLACEMENT_3D('',#1205,#1206,#1207);
#1205 = CARTESIAN_POINT('',(64.910351909905,-35.2,0.));
#1206 = DIRECTION('',(0.,0.,-1.));
#1207 = DIRECTION('',(-1.,1.1E-16,0.));
#1208 = ORIENTED_EDGE('',*,*,#1209,.F.);
#1209 = EDGE_CURVE('',#1210,#1201,#1212,.T.);
#1210 = VERTEX_POINT('',#1211);
#1211 = CARTESIAN_POINT('',(22.646443942425,-33.2,0.));
#1212 = LINE('',#1213,#1214);
#1213 = CARTESIAN_POINT('',(22.646443942425,-33.2,0.));
#1214 = VECTOR('',#1215,1.);
#1215 = DIRECTION('',(1.,0.,0.));
#1216 = ORIENTED_EDGE('',*,*,#1217,.F.);
#1217 = EDGE_CURVE('',#1218,#1210,#1220,.T.);
#1218 = VERTEX_POINT('',#1219);
#1219 = CARTESIAN_POINT('',(21.24863221226,-33.76957266279,0.));
#1220 = CIRCLE('',#1221,2.);
#1221 = AXIS2_PLACEMENT_3D('',#1222,#1223,#1224);
#1222 = CARTESIAN_POINT('',(22.646443942425,-35.2,0.));
#1223 = DIRECTION('',(-0.,0.,-1.));
#1224 = DIRECTION('',(-0.715213668601,-0.698905865082,0.));
#1225 = ORIENTED_EDGE('',*,*,#1226,.F.);
#1226 = EDGE_CURVE('',#1227,#1218,#1229,.T.);
#1227 = VERTEX_POINT('',#1228);
#1228 = CARTESIAN_POINT('',(19.482188269835,-35.49573938178,0.));
#1229 = LINE('',#1230,#1231);
#1230 = CARTESIAN_POINT('',(19.482188269835,-35.49573938178,0.));
#1231 = VECTOR('',#1232,1.);
#1232 = DIRECTION('',(0.715213668601,0.698905865082,0.));
#1233 = ORIENTED_EDGE('',*,*,#1234,.F.);
#1234 = EDGE_CURVE('',#1235,#1227,#1237,.T.);
#1235 = VERTEX_POINT('',#1236);
#1236 = CARTESIAN_POINT('',(18.88,-36.92616671898,0.));
#1237 = CIRCLE('',#1238,2.);
#1238 = AXIS2_PLACEMENT_3D('',#1239,#1240,#1241);
#1239 = CARTESIAN_POINT('',(20.88,-36.92616671898,0.));
#1240 = DIRECTION('',(-0.,0.,-1.));
#1241 = DIRECTION('',(-1.1E-16,-1.,0.));
#1242 = ORIENTED_EDGE('',*,*,#1243,.F.);
#1243 = EDGE_CURVE('',#1244,#1235,#1246,.T.);
#1244 = VERTEX_POINT('',#1245);
#1245 = CARTESIAN_POINT('',(18.88,-46.05,0.));
#1246 = LINE('',#1247,#1248);
#1247 = CARTESIAN_POINT('',(18.88,-46.05,0.));
#1248 = VECTOR('',#1249,1.);
#1249 = DIRECTION('',(0.,1.,0.));
#1250 = ORIENTED_EDGE('',*,*,#1251,.F.);
#1251 = EDGE_CURVE('',#1252,#1244,#1254,.T.);
#1252 = VERTEX_POINT('',#1253);
#1253 = CARTESIAN_POINT('',(18.821651062136,-46.19119127662,0.));
#1254 = CIRCLE('',#1255,0.2);
#1255 = AXIS2_PLACEMENT_3D('',#1256,#1257,#1258);
#1256 = CARTESIAN_POINT('',(18.68,-46.05,0.));
#1257 = DIRECTION('',(0.,-0.,1.));
#1258 = DIRECTION('',(0.,1.,0.));
#1259 = ORIENTED_EDGE('',*,*,#1260,.F.);
#1260 = EDGE_CURVE('',#1261,#1252,#1263,.T.);
#1261 = VERTEX_POINT('',#1262);
#1262 = CARTESIAN_POINT('',(12.641651062136,-52.39131627662,0.));
#1263 = LINE('',#1264,#1265);
#1264 = CARTESIAN_POINT('',(12.641651062136,-52.39131627662,0.));
#1265 = VECTOR('',#1266,1.);
#1266 = DIRECTION('',(0.705956383138,0.70825531068,0.));
#1267 = ORIENTED_EDGE('',*,*,#1268,.F.);
#1268 = EDGE_CURVE('',#1269,#1261,#1271,.T.);
#1269 = VERTEX_POINT('',#1270);
#1270 = CARTESIAN_POINT('',(12.499996062992,-52.45012499996,0.));
#1271 = CIRCLE('',#1272,0.2);
#1272 = AXIS2_PLACEMENT_3D('',#1273,#1274,#1275);
#1273 = CARTESIAN_POINT('',(12.5,-52.250125,0.));
#1274 = DIRECTION('',(0.,-0.,1.));
#1275 = DIRECTION('',(0.705956383138,0.70825531068,0.));
#1276 = ORIENTED_EDGE('',*,*,#1277,.F.);
#1277 = EDGE_CURVE('',#1278,#1269,#1280,.T.);
#1278 = VERTEX_POINT('',#1279);
#1279 = CARTESIAN_POINT('',(6.149996062992,-52.44999999996,0.));
#1280 = LINE('',#1281,#1282);
#1281 = CARTESIAN_POINT('',(6.149996062992,-52.44999999996,0.));
#1282 = VECTOR('',#1283,1.);
#1283 = DIRECTION('',(0.999999999806,-1.96850393658E-05,0.));
#1284 = ORIENTED_EDGE('',*,*,#1285,.F.);
#1285 = EDGE_CURVE('',#1286,#1278,#1288,.T.);
#1286 = VERTEX_POINT('',#1287);
#1287 = CARTESIAN_POINT('',(6.008007251363,-52.39084764582,0.));
#1288 = CIRCLE('',#1289,0.2);
#1289 = AXIS2_PLACEMENT_3D('',#1290,#1291,#1292);
#1290 = CARTESIAN_POINT('',(6.15,-52.25,0.));
#1291 = DIRECTION('',(-0.,0.,1.));
#1292 = DIRECTION('',(0.999999999806,-1.96850393658E-05,0.));
#1293 = ORIENTED_EDGE('',*,*,#1294,.F.);
#1294 = EDGE_CURVE('',#1295,#1286,#1297,.T.);
#1295 = VERTEX_POINT('',#1296);
#1296 = CARTESIAN_POINT('',(-0.141992748637,-46.19084764582,0.));
#1297 = LINE('',#1298,#1299);
#1298 = CARTESIAN_POINT('',(-0.141992748637,-46.19084764582,0.));
#1299 = VECTOR('',#1300,1.);
#1300 = DIRECTION('',(0.704238229127,-0.709963743185,0.));
#1301 = ORIENTED_EDGE('',*,*,#1302,.F.);
#1302 = EDGE_CURVE('',#1303,#1295,#1305,.T.);
#1303 = VERTEX_POINT('',#1304);
#1304 = CARTESIAN_POINT('',(-0.2,-46.05,0.));
#1305 = CIRCLE('',#1306,0.2);
#1306 = AXIS2_PLACEMENT_3D('',#1307,#1308,#1309);
#1307 = CARTESIAN_POINT('',(0.,-46.05,0.));
#1308 = DIRECTION('',(-0.,0.,1.));
#1309 = DIRECTION('',(0.704238229127,-0.709963743185,0.));
#1310 = ORIENTED_EDGE('',*,*,#1311,.F.);
#1311 = EDGE_CURVE('',#1312,#1303,#1314,.T.);
#1312 = VERTEX_POINT('',#1313);
#1313 = CARTESIAN_POINT('',(-0.2,-1.95,0.));
#1314 = LINE('',#1315,#1316);
#1315 = CARTESIAN_POINT('',(-0.2,-1.95,0.));
#1316 = VECTOR('',#1317,1.);
#1317 = DIRECTION('',(0.,-1.,0.));
#1318 = ORIENTED_EDGE('',*,*,#1319,.F.);
#1319 = EDGE_CURVE('',#1320,#1312,#1322,.T.);
#1320 = VERTEX_POINT('',#1321);
#1321 = CARTESIAN_POINT('',(-0.150754545982,-1.818572959914,0.));
#1322 = CIRCLE('',#1323,0.2);
#1323 = AXIS2_PLACEMENT_3D('',#1324,#1325,#1326);
#1324 = CARTESIAN_POINT('',(0.,-1.95,0.));
#1325 = DIRECTION('',(-0.,0.,1.));
#1326 = DIRECTION('',(0.,-1.,0.));
#1327 = ORIENTED_EDGE('',*,*,#1328,.F.);
#1328 = EDGE_CURVE('',#1329,#1320,#1331,.T.);
#1329 = VERTEX_POINT('',#1330);
#1330 = CARTESIAN_POINT('',(1.549245454018,0.131427040086,0.));
#1331 = LINE('',#1332,#1333);
#1332 = CARTESIAN_POINT('',(1.549245454018,0.131427040086,0.));
#1333 = VECTOR('',#1334,1.);
#1334 = DIRECTION('',(-0.657135200432,-0.753772729908,0.));
#1335 = ORIENTED_EDGE('',*,*,#1336,.F.);
#1336 = EDGE_CURVE('',#1108,#1329,#1337,.T.);
#1337 = CIRCLE('',#1338,0.2);
#1338 = AXIS2_PLACEMENT_3D('',#1339,#1340,#1341);
#1339 = CARTESIAN_POINT('',(1.7,0.,0.));
#1340 = DIRECTION('',(0.,0.,1.));
#1341 = DIRECTION('',(-0.657135200432,-0.753772729908,0.));
#1342 = PLANE('',#1343);
#1343 = AXIS2_PLACEMENT_3D('',#1344,#1345,#1346);
#1344 = CARTESIAN_POINT('',(37.549030748326,-22.17427246828,0.));
#1345 = DIRECTION('',(0.,0.,1.));
#1346 = DIRECTION('',(1.,0.,0.));
#1347 = ADVANCED_FACE('',(#1348,#1359),#1362,.T.);
#1348 = FACE_BOUND('',#1349,.T.);
#1349 = EDGE_LOOP('',(#1350));
#1350 = ORIENTED_EDGE('',*,*,#1351,.T.);
#1351 = EDGE_CURVE('',#1352,#1352,#1354,.T.);
#1352 = VERTEX_POINT('',#1353);
#1353 = CARTESIAN_POINT('',(73.076393,-13.743442,-1.7));
#1354 = CIRCLE('',#1355,6.5);
#1355 = AXIS2_PLACEMENT_3D('',#1356,#1357,#1358);
#1356 = CARTESIAN_POINT('',(66.576393,-13.743442,-1.7));
#1357 = DIRECTION('',(0.,0.,1.));
#1358 = DIRECTION('',(1.,0.,0.));
#1359 = FACE_BOUND('',#1360,.T.);
#1360 = EDGE_LOOP('',(#1361));
#1361 = ORIENTED_EDGE('',*,*,#953,.F.);
#1362 = PLANE('',#1363);
#1363 = AXIS2_PLACEMENT_3D('',#1364,#1365,#1366);
#1364 = CARTESIAN_POINT('',(39.045735082163,-22.60584983461,-1.7));
#1365 = DIRECTION('',(0.,0.,1.));
#1366 = DIRECTION('',(1.,0.,0.));
#1367 = ADVANCED_FACE('',(#1368),#1387,.F.);
#1368 = FACE_BOUND('',#1369,.F.);
#1369 = EDGE_LOOP('',(#1370,#1378,#1385,#1386));
#1370 = ORIENTED_EDGE('',*,*,#1371,.F.);
#1371 = EDGE_CURVE('',#1372,#979,#1374,.T.);
#1372 = VERTEX_POINT('',#1373);
#1373 = CARTESIAN_POINT('',(60.883274,-3.05,-1.7));
#1374 = LINE('',#1375,#1376);
#1375 = CARTESIAN_POINT('',(60.883274,-3.05,-1.7));
#1376 = VECTOR('',#1377,1.);
#1377 = DIRECTION('',(-0.,-0.,-1.));
#1378 = ORIENTED_EDGE('',*,*,#1379,.F.);
#1379 = EDGE_CURVE('',#1372,#1372,#1380,.T.);
#1380 = CIRCLE('',#1381,1.25);
#1381 = AXIS2_PLACEMENT_3D('',#1382,#1383,#1384);
#1382 = CARTESIAN_POINT('',(59.633274,-3.05,-1.7));
#1383 = DIRECTION('',(0.,0.,1.));
#1384 = DIRECTION('',(1.,0.,0.));
#1385 = ORIENTED_EDGE('',*,*,#1371,.T.);
#1386 = ORIENTED_EDGE('',*,*,#988,.T.);
#1387 = CYLINDRICAL_SURFACE('',#1388,1.25);
#1388 = AXIS2_PLACEMENT_3D('',#1389,#1390,#1391);
#1389 = CARTESIAN_POINT('',(59.633274,-3.05,-1.7));
#1390 = DIRECTION('',(0.,0.,1.));
#1391 = DIRECTION('',(1.,0.,0.));
#1392 = ADVANCED_FACE('',(#1393),#1412,.F.);
#1393 = FACE_BOUND('',#1394,.F.);
#1394 = EDGE_LOOP('',(#1395,#1403,#1410,#1411));
#1395 = ORIENTED_EDGE('',*,*,#1396,.F.);
#1396 = EDGE_CURVE('',#1397,#1004,#1399,.T.);
#1397 = VERTEX_POINT('',#1398);
#1398 = CARTESIAN_POINT('',(24.7,-29.9,-1.7));
#1399 = LINE('',#1400,#1401);
#1400 = CARTESIAN_POINT('',(24.7,-29.9,-1.7));
#1401 = VECTOR('',#1402,1.);
#1402 = DIRECTION('',(-0.,-0.,-1.));
#1403 = ORIENTED_EDGE('',*,*,#1404,.F.);
#1404 = EDGE_CURVE('',#1397,#1397,#1405,.T.);
#1405 = CIRCLE('',#1406,1.25);
#1406 = AXIS2_PLACEMENT_3D('',#1407,#1408,#1409);
#1407 = CARTESIAN_POINT('',(23.45,-29.9,-1.7));
#1408 = DIRECTION('',(0.,0.,1.));
#1409 = DIRECTION('',(1.,0.,0.));
#1410 = ORIENTED_EDGE('',*,*,#1396,.T.);
#1411 = ORIENTED_EDGE('',*,*,#1013,.T.);
#1412 = CYLINDRICAL_SURFACE('',#1413,1.25);
#1413 = AXIS2_PLACEMENT_3D('',#1414,#1415,#1416);
#1414 = CARTESIAN_POINT('',(23.45,-29.9,-1.7));
#1415 = DIRECTION('',(0.,0.,1.));
#1416 = DIRECTION('',(1.,0.,0.));
#1417 = ADVANCED_FACE('',(#1418),#1437,.F.);
#1418 = FACE_BOUND('',#1419,.F.);
#1419 = EDGE_LOOP('',(#1420,#1428,#1435,#1436));
#1420 = ORIENTED_EDGE('',*,*,#1421,.F.);
#1421 = EDGE_CURVE('',#1422,#1029,#1424,.T.);
#1422 = VERTEX_POINT('',#1423);
#1423 = CARTESIAN_POINT('',(4.283274,-26.4,-1.7));
#1424 = LINE('',#1425,#1426);
#1425 = CARTESIAN_POINT('',(4.283274,-26.4,-1.7));
#1426 = VECTOR('',#1427,1.);
#1427 = DIRECTION('',(-0.,-0.,-1.));
#1428 = ORIENTED_EDGE('',*,*,#1429,.F.);
#1429 = EDGE_CURVE('',#1422,#1422,#1430,.T.);
#1430 = CIRCLE('',#1431,1.25);
#1431 = AXIS2_PLACEMENT_3D('',#1432,#1433,#1434);
#1432 = CARTESIAN_POINT('',(3.033274,-26.4,-1.7));
#1433 = DIRECTION('',(0.,0.,1.));
#1434 = DIRECTION('',(1.,0.,0.));
#1435 = ORIENTED_EDGE('',*,*,#1421,.T.);
#1436 = ORIENTED_EDGE('',*,*,#1038,.T.);
#1437 = CYLINDRICAL_SURFACE('',#1438,1.25);
#1438 = AXIS2_PLACEMENT_3D('',#1439,#1440,#1441);
#1439 = CARTESIAN_POINT('',(3.033274,-26.4,-1.7));
#1440 = DIRECTION('',(0.,0.,1.));
#1441 = DIRECTION('',(1.,0.,0.));
#1442 = ADVANCED_FACE('',(#1443,#1454),#1457,.T.);
#1443 = FACE_BOUND('',#1444,.T.);
#1444 = EDGE_LOOP('',(#1445));
#1445 = ORIENTED_EDGE('',*,*,#1446,.T.);
#1446 = EDGE_CURVE('',#1447,#1447,#1449,.T.);
#1447 = VERTEX_POINT('',#1448);
#1448 = CARTESIAN_POINT('',(82.983274,-16.486726,-1.7));
#1449 = CIRCLE('',#1450,3.);
#1450 = AXIS2_PLACEMENT_3D('',#1451,#1452,#1453);
#1451 = CARTESIAN_POINT('',(79.983274,-16.486726,-1.7));
#1452 = DIRECTION('',(0.,0.,1.));
#1453 = DIRECTION('',(1.,0.,0.));
#1454 = FACE_BOUND('',#1455,.T.);
#1455 = EDGE_LOOP('',(#1456));
#1456 = ORIENTED_EDGE('',*,*,#1061,.F.);
#1457 = PLANE('',#1458);
#1458 = AXIS2_PLACEMENT_3D('',#1459,#1460,#1461);
#1459 = CARTESIAN_POINT('',(39.045735082163,-22.60584983461,-1.7));
#1460 = DIRECTION('',(0.,0.,1.));
#1461 = DIRECTION('',(1.,0.,0.));
#1462 = ADVANCED_FACE('',(#1463),#1504,.F.);
#1463 = FACE_BOUND('',#1464,.F.);
#1464 = EDGE_LOOP('',(#1465,#1473,#1474,#1482,#1490,#1498));
#1465 = ORIENTED_EDGE('',*,*,#1466,.F.);
#1466 = EDGE_CURVE('',#1108,#1467,#1469,.T.);
#1467 = VERTEX_POINT('',#1468);
#1468 = CARTESIAN_POINT('',(1.7,0.2,-1.7));
#1469 = LINE('',#1470,#1471);
#1470 = CARTESIAN_POINT('',(1.7,0.2,0.));
#1471 = VECTOR('',#1472,1.);
#1472 = DIRECTION('',(-0.,-0.,-1.));
#1473 = ORIENTED_EDGE('',*,*,#1105,.F.);
#1474 = ORIENTED_EDGE('',*,*,#1475,.T.);
#1475 = EDGE_CURVE('',#1106,#1476,#1478,.T.);
#1476 = VERTEX_POINT('',#1477);
#1477 = CARTESIAN_POINT('',(73.,0.2,-6.));
#1478 = LINE('',#1479,#1480);
#1479 = CARTESIAN_POINT('',(73.,0.2,0.));
#1480 = VECTOR('',#1481,1.);
#1481 = DIRECTION('',(0.,0.,-1.));
#1482 = ORIENTED_EDGE('',*,*,#1483,.F.);
#1483 = EDGE_CURVE('',#1484,#1476,#1486,.T.);
#1484 = VERTEX_POINT('',#1485);
#1485 = CARTESIAN_POINT('',(20.837858,0.2,-6.));
#1486 = LINE('',#1487,#1488);
#1487 = CARTESIAN_POINT('',(55.274515374163,0.2,-6.));
#1488 = VECTOR('',#1489,1.);
#1489 = DIRECTION('',(1.,0.,0.));
#1490 = ORIENTED_EDGE('',*,*,#1491,.T.);
#1491 = EDGE_CURVE('',#1484,#1492,#1494,.T.);
#1492 = VERTEX_POINT('',#1493);
#1493 = CARTESIAN_POINT('',(20.837858,0.2,-1.7));
#1494 = LINE('',#1495,#1496);
#1495 = CARTESIAN_POINT('',(20.837858,0.2,-3.));
#1496 = VECTOR('',#1497,1.);
#1497 = DIRECTION('',(0.,0.,1.));
#1498 = ORIENTED_EDGE('',*,*,#1499,.F.);
#1499 = EDGE_CURVE('',#1467,#1492,#1500,.T.);
#1500 = LINE('',#1501,#1502);
#1501 = CARTESIAN_POINT('',(56.022867541082,0.2,-1.7));
#1502 = VECTOR('',#1503,1.);
#1503 = DIRECTION('',(1.,0.,0.));
#1504 = PLANE('',#1505);
#1505 = AXIS2_PLACEMENT_3D('',#1506,#1507,#1508);
#1506 = CARTESIAN_POINT('',(73.,0.2,0.));
#1507 = DIRECTION('',(0.,1.,0.));
#1508 = DIRECTION('',(-1.,0.,0.));
#1509 = ADVANCED_FACE('',(#1510),#1529,.F.);
#1510 = FACE_BOUND('',#1511,.F.);
#1511 = EDGE_LOOP('',(#1512,#1513,#1514,#1522));
#1512 = ORIENTED_EDGE('',*,*,#1475,.F.);
#1513 = ORIENTED_EDGE('',*,*,#1115,.F.);
#1514 = ORIENTED_EDGE('',*,*,#1515,.T.);
#1515 = EDGE_CURVE('',#1116,#1516,#1518,.T.);
#1516 = VERTEX_POINT('',#1517);
#1517 = CARTESIAN_POINT('',(73.164324121946,0.114006942537,-6.));
#1518 = LINE('',#1519,#1520);
#1519 = CARTESIAN_POINT('',(73.164324121946,0.114006942537,0.));
#1520 = VECTOR('',#1521,1.);
#1521 = DIRECTION('',(0.,0.,-1.));
#1522 = ORIENTED_EDGE('',*,*,#1523,.T.);
#1523 = EDGE_CURVE('',#1516,#1476,#1524,.T.);
#1524 = CIRCLE('',#1525,0.2);
#1525 = AXIS2_PLACEMENT_3D('',#1526,#1527,#1528);
#1526 = CARTESIAN_POINT('',(73.,0.,-6.));
#1527 = DIRECTION('',(0.,0.,1.));
#1528 = DIRECTION('',(-1.,0.,0.));
#1529 = CYLINDRICAL_SURFACE('',#1530,0.2);
#1530 = AXIS2_PLACEMENT_3D('',#1531,#1532,#1533);
#1531 = CARTESIAN_POINT('',(73.,0.,0.));
#1532 = DIRECTION('',(0.,0.,1.));
#1533 = DIRECTION('',(-1.,0.,0.));
#1534 = ADVANCED_FACE('',(#1535),#1553,.F.);
#1535 = FACE_BOUND('',#1536,.F.);
#1536 = EDGE_LOOP('',(#1537,#1545,#1551,#1552));
#1537 = ORIENTED_EDGE('',*,*,#1538,.T.);
#1538 = EDGE_CURVE('',#1125,#1539,#1541,.T.);
#1539 = VERTEX_POINT('',#1540);
#1540 = CARTESIAN_POINT('',(83.224324121946,-14.38599305746,-6.));
#1541 = LINE('',#1542,#1543);
#1542 = CARTESIAN_POINT('',(83.224324121946,-14.38599305746,0.));
#1543 = VECTOR('',#1544,1.);
#1544 = DIRECTION('',(0.,0.,-1.));
#1545 = ORIENTED_EDGE('',*,*,#1546,.F.);
#1546 = EDGE_CURVE('',#1516,#1539,#1547,.T.);
#1547 = LINE('',#1548,#1549);
#1548 = CARTESIAN_POINT('',(77.627298107783,-6.318709041026,-6.));
#1549 = VECTOR('',#1550,1.);
#1550 = DIRECTION('',(0.570034712683,-0.821620609732,0.));
#1551 = ORIENTED_EDGE('',*,*,#1515,.F.);
#1552 = ORIENTED_EDGE('',*,*,#1124,.F.);
#1553 = PLANE('',#1554);
#1554 = AXIS2_PLACEMENT_3D('',#1555,#1556,#1557);
#1555 = CARTESIAN_POINT('',(83.224324121946,-14.38599305746,0.));
#1556 = DIRECTION('',(0.821620609732,0.570034712683,0.));
#1557 = DIRECTION('',(-0.570034712683,0.821620609732,0.));
#1558 = ADVANCED_FACE('',(#1559),#1578,.F.);
#1559 = FACE_BOUND('',#1560,.F.);
#1560 = EDGE_LOOP('',(#1561,#1562,#1570,#1577));
#1561 = ORIENTED_EDGE('',*,*,#1132,.F.);
#1562 = ORIENTED_EDGE('',*,*,#1563,.T.);
#1563 = EDGE_CURVE('',#1133,#1564,#1566,.T.);
#1564 = VERTEX_POINT('',#1565);
#1565 = CARTESIAN_POINT('',(83.26,-14.5,-6.));
#1566 = LINE('',#1567,#1568);
#1567 = CARTESIAN_POINT('',(83.26,-14.5,0.));
#1568 = VECTOR('',#1569,1.);
#1569 = DIRECTION('',(0.,0.,-1.));
#1570 = ORIENTED_EDGE('',*,*,#1571,.T.);
#1571 = EDGE_CURVE('',#1564,#1539,#1572,.T.);
#1572 = CIRCLE('',#1573,0.2);
#1573 = AXIS2_PLACEMENT_3D('',#1574,#1575,#1576);
#1574 = CARTESIAN_POINT('',(83.06,-14.5,-6.));
#1575 = DIRECTION('',(0.,0.,1.));
#1576 = DIRECTION('',(-0.570034712683,0.821620609732,0.));
#1577 = ORIENTED_EDGE('',*,*,#1538,.F.);
#1578 = CYLINDRICAL_SURFACE('',#1579,0.2);
#1579 = AXIS2_PLACEMENT_3D('',#1580,#1581,#1582);
#1580 = CARTESIAN_POINT('',(83.06,-14.5,0.));
#1581 = DIRECTION('',(0.,0.,1.));
#1582 = DIRECTION('',(-0.570034712683,0.821620609732,0.));
#1583 = ADVANCED_FACE('',(#1584),#1602,.F.);
#1584 = FACE_BOUND('',#1585,.F.);
#1585 = EDGE_LOOP('',(#1586,#1587,#1588,#1596));
#1586 = ORIENTED_EDGE('',*,*,#1563,.F.);
#1587 = ORIENTED_EDGE('',*,*,#1141,.F.);
#1588 = ORIENTED_EDGE('',*,*,#1589,.T.);
#1589 = EDGE_CURVE('',#1142,#1590,#1592,.T.);
#1590 = VERTEX_POINT('',#1591);
#1591 = CARTESIAN_POINT('',(83.26,-32.9,-6.));
#1592 = LINE('',#1593,#1594);
#1593 = CARTESIAN_POINT('',(83.26,-32.9,0.));
#1594 = VECTOR('',#1595,1.);
#1595 = DIRECTION('',(0.,0.,-1.));
#1596 = ORIENTED_EDGE('',*,*,#1597,.F.);
#1597 = EDGE_CURVE('',#1564,#1590,#1598,.T.);
#1598 = LINE('',#1599,#1600);
#1599 = CARTESIAN_POINT('',(83.26,-27.53713623414,-6.));
#1600 = VECTOR('',#1601,1.);
#1601 = DIRECTION('',(0.,-1.,0.));
#1602 = PLANE('',#1603);
#1603 = AXIS2_PLACEMENT_3D('',#1604,#1605,#1606);
#1604 = CARTESIAN_POINT('',(83.26,-32.9,0.));
#1605 = DIRECTION('',(1.,0.,0.));
#1606 = DIRECTION('',(0.,1.,0.));
#1607 = ADVANCED_FACE('',(#1608),#1627,.F.);
#1608 = FACE_BOUND('',#1609,.F.);
#1609 = EDGE_LOOP('',(#1610,#1611,#1612,#1620));
#1610 = ORIENTED_EDGE('',*,*,#1589,.F.);
#1611 = ORIENTED_EDGE('',*,*,#1149,.F.);
#1612 = ORIENTED_EDGE('',*,*,#1613,.T.);
#1613 = EDGE_CURVE('',#1150,#1614,#1616,.T.);
#1614 = VERTEX_POINT('',#1615);
#1615 = CARTESIAN_POINT('',(83.203552686793,-33.03925740955,-6.));
#1616 = LINE('',#1617,#1618);
#1617 = CARTESIAN_POINT('',(83.203552686793,-33.03925740955,0.));
#1618 = VECTOR('',#1619,1.);
#1619 = DIRECTION('',(0.,0.,-1.));
#1620 = ORIENTED_EDGE('',*,*,#1621,.T.);
#1621 = EDGE_CURVE('',#1614,#1590,#1622,.T.);
#1622 = CIRCLE('',#1623,0.2);
#1623 = AXIS2_PLACEMENT_3D('',#1624,#1625,#1626);
#1624 = CARTESIAN_POINT('',(83.06,-32.9,-6.));
#1625 = DIRECTION('',(0.,-0.,1.));
#1626 = DIRECTION('',(0.,1.,0.));
#1627 = CYLINDRICAL_SURFACE('',#1628,0.2);
#1628 = AXIS2_PLACEMENT_3D('',#1629,#1630,#1631);
#1629 = CARTESIAN_POINT('',(83.06,-32.9,0.));
#1630 = DIRECTION('',(0.,0.,1.));
#1631 = DIRECTION('',(0.,1.,0.));
#1632 = ADVANCED_FACE('',(#1633),#1683,.F.);
#1633 = FACE_BOUND('',#1634,.F.);
#1634 = EDGE_LOOP('',(#1635,#1643,#1644,#1645,#1653,#1661,#1669,#1677));
#1635 = ORIENTED_EDGE('',*,*,#1636,.F.);
#1636 = EDGE_CURVE('',#1614,#1637,#1639,.T.);
#1637 = VERTEX_POINT('',#1638);
#1638 = CARTESIAN_POINT('',(83.053604179464,-33.193830952,-6.));
#1639 = LINE('',#1640,#1641);
#1640 = CARTESIAN_POINT('',(71.771532663911,-44.82388843963,-6.));
#1641 = VECTOR('',#1642,1.);
#1642 = DIRECTION('',(-0.69628704775,-0.717763433963,0.));
#1643 = ORIENTED_EDGE('',*,*,#1613,.F.);
#1644 = ORIENTED_EDGE('',*,*,#1158,.F.);
#1645 = ORIENTED_EDGE('',*,*,#1646,.T.);
#1646 = EDGE_CURVE('',#1159,#1647,#1649,.T.);
#1647 = VERTEX_POINT('',#1648);
#1648 = CARTESIAN_POINT('',(77.043552686793,-39.38925740955,-6.));
#1649 = LINE('',#1650,#1651);
#1650 = CARTESIAN_POINT('',(77.043552686793,-39.38925740955,0.));
#1651 = VECTOR('',#1652,1.);
#1652 = DIRECTION('',(0.,0.,-1.));
#1653 = ORIENTED_EDGE('',*,*,#1654,.F.);
#1654 = EDGE_CURVE('',#1655,#1647,#1657,.T.);
#1655 = VERTEX_POINT('',#1656);
#1656 = CARTESIAN_POINT('',(77.187105373585,-39.24127696131,-6.));
#1657 = LINE('',#1658,#1659);
#1658 = CARTESIAN_POINT('',(71.771532663911,-44.82388843963,-6.));
#1659 = VECTOR('',#1660,1.);
#1660 = DIRECTION('',(-0.69628704775,-0.717763433963,0.));
#1661 = ORIENTED_EDGE('',*,*,#1662,.T.);
#1662 = EDGE_CURVE('',#1655,#1663,#1665,.T.);
#1663 = VERTEX_POINT('',#1664);
#1664 = CARTESIAN_POINT('',(77.187105373585,-39.24127696131,-1.7));
#1665 = LINE('',#1666,#1667);
#1666 = CARTESIAN_POINT('',(77.187105373585,-39.24127696131,-3.));
#1667 = VECTOR('',#1668,1.);
#1668 = DIRECTION('',(0.,0.,1.));
#1669 = ORIENTED_EDGE('',*,*,#1670,.F.);
#1670 = EDGE_CURVE('',#1671,#1663,#1673,.T.);
#1671 = VERTEX_POINT('',#1672);
#1672 = CARTESIAN_POINT('',(83.053604179464,-33.193830952,-1.7));
#1673 = LINE('',#1674,#1675);
#1674 = CARTESIAN_POINT('',(72.026500931371,-44.56105589119,-1.7));
#1675 = VECTOR('',#1676,1.);
#1676 = DIRECTION('',(-0.69628704775,-0.717763433963,0.));
#1677 = ORIENTED_EDGE('',*,*,#1678,.T.);
#1678 = EDGE_CURVE('',#1671,#1637,#1679,.T.);
#1679 = LINE('',#1680,#1681);
#1680 = CARTESIAN_POINT('',(83.053604179464,-33.193830952,-3.));
#1681 = VECTOR('',#1682,1.);
#1682 = DIRECTION('',(0.,0.,-1.));
#1683 = PLANE('',#1684);
#1684 = AXIS2_PLACEMENT_3D('',#1685,#1686,#1687);
#1685 = CARTESIAN_POINT('',(77.043552686793,-39.38925740955,0.));
#1686 = DIRECTION('',(0.717763433963,-0.69628704775,0.));
#1687 = DIRECTION('',(0.69628704775,0.717763433963,0.));
#1688 = ADVANCED_FACE('',(#1689),#1708,.F.);
#1689 = FACE_BOUND('',#1690,.F.);
#1690 = EDGE_LOOP('',(#1691,#1692,#1693,#1701));
#1691 = ORIENTED_EDGE('',*,*,#1646,.F.);
#1692 = ORIENTED_EDGE('',*,*,#1166,.F.);
#1693 = ORIENTED_EDGE('',*,*,#1694,.T.);
#1694 = EDGE_CURVE('',#1167,#1695,#1697,.T.);
#1695 = VERTEX_POINT('',#1696);
#1696 = CARTESIAN_POINT('',(76.9,-39.45,-6.));
#1697 = LINE('',#1698,#1699);
#1698 = CARTESIAN_POINT('',(76.9,-39.45,0.));
#1699 = VECTOR('',#1700,1.);
#1700 = DIRECTION('',(0.,0.,-1.));
#1701 = ORIENTED_EDGE('',*,*,#1702,.T.);
#1702 = EDGE_CURVE('',#1695,#1647,#1703,.T.);
#1703 = CIRCLE('',#1704,0.2);
#1704 = AXIS2_PLACEMENT_3D('',#1705,#1706,#1707);
#1705 = CARTESIAN_POINT('',(76.9,-39.25,-6.));
#1706 = DIRECTION('',(0.,-0.,1.));
#1707 = DIRECTION('',(0.69628704775,0.717763433963,0.));
#1708 = CYLINDRICAL_SURFACE('',#1709,0.2);
#1709 = AXIS2_PLACEMENT_3D('',#1710,#1711,#1712);
#1710 = CARTESIAN_POINT('',(76.9,-39.25,0.));
#1711 = DIRECTION('',(0.,0.,1.));
#1712 = DIRECTION('',(0.69628704775,0.717763433963,0.));
#1713 = ADVANCED_FACE('',(#1714),#1732,.F.);
#1714 = FACE_BOUND('',#1715,.F.);
#1715 = EDGE_LOOP('',(#1716,#1717,#1718,#1726));
#1716 = ORIENTED_EDGE('',*,*,#1694,.F.);
#1717 = ORIENTED_EDGE('',*,*,#1175,.F.);
#1718 = ORIENTED_EDGE('',*,*,#1719,.T.);
#1719 = EDGE_CURVE('',#1176,#1720,#1722,.T.);
#1720 = VERTEX_POINT('',#1721);
#1721 = CARTESIAN_POINT('',(70.7,-39.45,-6.));
#1722 = LINE('',#1723,#1724);
#1723 = CARTESIAN_POINT('',(70.7,-39.45,0.));
#1724 = VECTOR('',#1725,1.);
#1725 = DIRECTION('',(-0.,-0.,-1.));
#1726 = ORIENTED_EDGE('',*,*,#1727,.F.);
#1727 = EDGE_CURVE('',#1695,#1720,#1728,.T.);
#1728 = LINE('',#1729,#1730);
#1729 = CARTESIAN_POINT('',(54.124515374163,-39.45,-6.));
#1730 = VECTOR('',#1731,1.);
#1731 = DIRECTION('',(-1.,0.,0.));
#1732 = PLANE('',#1733);
#1733 = AXIS2_PLACEMENT_3D('',#1734,#1735,#1736);
#1734 = CARTESIAN_POINT('',(70.7,-39.45,0.));
#1735 = DIRECTION('',(0.,-1.,0.));
#1736 = DIRECTION('',(1.,0.,0.));
#1737 = ADVANCED_FACE('',(#1738),#1757,.F.);
#1738 = FACE_BOUND('',#1739,.F.);
#1739 = EDGE_LOOP('',(#1740,#1741,#1742,#1750));
#1740 = ORIENTED_EDGE('',*,*,#1719,.F.);
#1741 = ORIENTED_EDGE('',*,*,#1183,.F.);
#1742 = ORIENTED_EDGE('',*,*,#1743,.T.);
#1743 = EDGE_CURVE('',#1184,#1744,#1746,.T.);
#1744 = VERTEX_POINT('',#1745);
#1745 = CARTESIAN_POINT('',(70.540030719343,-39.3700409482,-6.));
#1746 = LINE('',#1747,#1748);
#1747 = CARTESIAN_POINT('',(70.540030719343,-39.3700409482,0.));
#1748 = VECTOR('',#1749,1.);
#1749 = DIRECTION('',(-0.,-0.,-1.));
#1750 = ORIENTED_EDGE('',*,*,#1751,.T.);
#1751 = EDGE_CURVE('',#1744,#1720,#1752,.T.);
#1752 = CIRCLE('',#1753,0.2);
#1753 = AXIS2_PLACEMENT_3D('',#1754,#1755,#1756);
#1754 = CARTESIAN_POINT('',(70.7,-39.25,-6.));
#1755 = DIRECTION('',(0.,0.,1.));
#1756 = DIRECTION('',(1.,0.,0.));
#1757 = CYLINDRICAL_SURFACE('',#1758,0.2);
#1758 = AXIS2_PLACEMENT_3D('',#1759,#1760,#1761);
#1759 = CARTESIAN_POINT('',(70.7,-39.25,0.));
#1760 = DIRECTION('',(0.,0.,1.));
#1761 = DIRECTION('',(1.,0.,0.));
#1762 = ADVANCED_FACE('',(#1763),#1797,.F.);
#1763 = FACE_BOUND('',#1764,.F.);
#1764 = EDGE_LOOP('',(#1765,#1773,#1774,#1775,#1783,#1791));
#1765 = ORIENTED_EDGE('',*,*,#1766,.F.);
#1766 = EDGE_CURVE('',#1744,#1767,#1769,.T.);
#1767 = VERTEX_POINT('',#1768);
#1768 = CARTESIAN_POINT('',(70.380061438686,-39.15686226929,-6.));
#1769 = LINE('',#1770,#1771);
#1770 = CARTESIAN_POINT('',(58.455004192493,-23.26526146146,-6.));
#1771 = VECTOR('',#1772,1.);
#1772 = DIRECTION('',(-0.600204741026,0.799846403286,0.));
#1773 = ORIENTED_EDGE('',*,*,#1743,.F.);
#1774 = ORIENTED_EDGE('',*,*,#1192,.F.);
#1775 = ORIENTED_EDGE('',*,*,#1776,.T.);
#1776 = EDGE_CURVE('',#1193,#1777,#1779,.T.);
#1777 = VERTEX_POINT('',#1778);
#1778 = CARTESIAN_POINT('',(66.510044716478,-33.99959051794,-1.7));
#1779 = LINE('',#1780,#1781);
#1780 = CARTESIAN_POINT('',(66.510044716478,-33.99959051794,0.));
#1781 = VECTOR('',#1782,1.);
#1782 = DIRECTION('',(0.,0.,-1.));
#1783 = ORIENTED_EDGE('',*,*,#1784,.F.);
#1784 = EDGE_CURVE('',#1785,#1777,#1787,.T.);
#1785 = VERTEX_POINT('',#1786);
#1786 = CARTESIAN_POINT('',(70.380061438686,-39.15686226929,-1.7));
#1787 = LINE('',#1788,#1789);
#1788 = CARTESIAN_POINT('',(58.828188885133,-23.76257581732,-1.7));
#1789 = VECTOR('',#1790,1.);
#1790 = DIRECTION('',(-0.600204741026,0.799846403286,0.));
#1791 = ORIENTED_EDGE('',*,*,#1792,.T.);
#1792 = EDGE_CURVE('',#1785,#1767,#1793,.T.);
#1793 = LINE('',#1794,#1795);
#1794 = CARTESIAN_POINT('',(70.380061438686,-39.15686226929,-3.));
#1795 = VECTOR('',#1796,1.);
#1796 = DIRECTION('',(0.,0.,-1.));
#1797 = PLANE('',#1798);
#1798 = AXIS2_PLACEMENT_3D('',#1799,#1800,#1801);
#1799 = CARTESIAN_POINT('',(66.510044716478,-33.99959051794,0.));
#1800 = DIRECTION('',(-0.799846403286,-0.600204741026,0.));
#1801 = DIRECTION('',(0.600204741026,-0.799846403286,0.));
#1802 = ADVANCED_FACE('',(#1803),#1822,.T.);
#1803 = FACE_BOUND('',#1804,.T.);
#1804 = EDGE_LOOP('',(#1805,#1806,#1807,#1816));
#1805 = ORIENTED_EDGE('',*,*,#1200,.T.);
#1806 = ORIENTED_EDGE('',*,*,#1776,.T.);
#1807 = ORIENTED_EDGE('',*,*,#1808,.F.);
#1808 = EDGE_CURVE('',#1809,#1777,#1811,.T.);
#1809 = VERTEX_POINT('',#1810);
#1810 = CARTESIAN_POINT('',(64.910351909905,-33.2,-1.7));
#1811 = CIRCLE('',#1812,2.);
#1812 = AXIS2_PLACEMENT_3D('',#1813,#1814,#1815);
#1813 = CARTESIAN_POINT('',(64.910351909905,-35.2,-1.7));
#1814 = DIRECTION('',(0.,0.,-1.));
#1815 = DIRECTION('',(-1.,1.1E-16,0.));
#1816 = ORIENTED_EDGE('',*,*,#1817,.F.);
#1817 = EDGE_CURVE('',#1201,#1809,#1818,.T.);
#1818 = LINE('',#1819,#1820);
#1819 = CARTESIAN_POINT('',(64.910351909905,-33.2,0.));
#1820 = VECTOR('',#1821,1.);
#1821 = DIRECTION('',(0.,0.,-1.));
#1822 = CYLINDRICAL_SURFACE('',#1823,2.);
#1823 = AXIS2_PLACEMENT_3D('',#1824,#1825,#1826);
#1824 = CARTESIAN_POINT('',(64.910351909905,-35.2,0.));
#1825 = DIRECTION('',(0.,0.,-1.));
#1826 = DIRECTION('',(-1.,1.1E-16,0.));
#1827 = ADVANCED_FACE('',(#1828),#1862,.T.);
#1828 = FACE_BOUND('',#1829,.T.);
#1829 = EDGE_LOOP('',(#1830,#1831,#1839,#1847,#1855,#1861));
#1830 = ORIENTED_EDGE('',*,*,#1817,.T.);
#1831 = ORIENTED_EDGE('',*,*,#1832,.F.);
#1832 = EDGE_CURVE('',#1833,#1809,#1835,.T.);
#1833 = VERTEX_POINT('',#1834);
#1834 = CARTESIAN_POINT('',(70.380061438686,-33.2,-1.7));
#1835 = LINE('',#1836,#1837);
#1836 = CARTESIAN_POINT('',(70.380061438686,-33.2,-1.7));
#1837 = VECTOR('',#1838,1.);
#1838 = DIRECTION('',(-1.,0.,0.));
#1839 = ORIENTED_EDGE('',*,*,#1840,.F.);
#1840 = EDGE_CURVE('',#1841,#1833,#1843,.T.);
#1841 = VERTEX_POINT('',#1842);
#1842 = CARTESIAN_POINT('',(70.380061438686,-33.2,-6.));
#1843 = LINE('',#1844,#1845);
#1844 = CARTESIAN_POINT('',(70.380061438686,-33.2,-6.));
#1845 = VECTOR('',#1846,1.);
#1846 = DIRECTION('',(0.,0.,1.));
#1847 = ORIENTED_EDGE('',*,*,#1848,.T.);
#1848 = EDGE_CURVE('',#1841,#1849,#1851,.T.);
#1849 = VERTEX_POINT('',#1850);
#1850 = CARTESIAN_POINT('',(22.646443942425,-33.2,-6.));
#1851 = LINE('',#1852,#1853);
#1852 = CARTESIAN_POINT('',(30.097737345376,-33.2,-6.));
#1853 = VECTOR('',#1854,1.);
#1854 = DIRECTION('',(-1.,0.,0.));
#1855 = ORIENTED_EDGE('',*,*,#1856,.F.);
#1856 = EDGE_CURVE('',#1210,#1849,#1857,.T.);
#1857 = LINE('',#1858,#1859);
#1858 = CARTESIAN_POINT('',(22.646443942425,-33.2,0.));
#1859 = VECTOR('',#1860,1.);
#1860 = DIRECTION('',(0.,0.,-1.));
#1861 = ORIENTED_EDGE('',*,*,#1209,.T.);
#1862 = PLANE('',#1863);
#1863 = AXIS2_PLACEMENT_3D('',#1864,#1865,#1866);
#1864 = CARTESIAN_POINT('',(46.426728586724,-33.2,-3.086524103831));
#1865 = DIRECTION('',(0.,1.,0.));
#1866 = DIRECTION('',(0.,0.,1.));
#1867 = ADVANCED_FACE('',(#1868),#1887,.T.);
#1868 = FACE_BOUND('',#1869,.T.);
#1869 = EDGE_LOOP('',(#1870,#1871,#1880,#1886));
#1870 = ORIENTED_EDGE('',*,*,#1856,.T.);
#1871 = ORIENTED_EDGE('',*,*,#1872,.F.);
#1872 = EDGE_CURVE('',#1873,#1849,#1875,.T.);
#1873 = VERTEX_POINT('',#1874);
#1874 = CARTESIAN_POINT('',(21.24863221226,-33.76957266279,-6.));
#1875 = CIRCLE('',#1876,2.);
#1876 = AXIS2_PLACEMENT_3D('',#1877,#1878,#1879);
#1877 = CARTESIAN_POINT('',(22.646443942425,-35.2,-6.));
#1878 = DIRECTION('',(-0.,0.,-1.));
#1879 = DIRECTION('',(-0.715213668601,-0.698905865082,0.));
#1880 = ORIENTED_EDGE('',*,*,#1881,.F.);
#1881 = EDGE_CURVE('',#1218,#1873,#1882,.T.);
#1882 = LINE('',#1883,#1884);
#1883 = CARTESIAN_POINT('',(21.24863221226,-33.76957266279,0.));
#1884 = VECTOR('',#1885,1.);
#1885 = DIRECTION('',(0.,0.,-1.));
#1886 = ORIENTED_EDGE('',*,*,#1217,.T.);
#1887 = CYLINDRICAL_SURFACE('',#1888,2.);
#1888 = AXIS2_PLACEMENT_3D('',#1889,#1890,#1891);
#1889 = CARTESIAN_POINT('',(22.646443942425,-35.2,0.));
#1890 = DIRECTION('',(0.,0.,-1.));
#1891 = DIRECTION('',(-0.715213668601,-0.698905865082,0.));
#1892 = ADVANCED_FACE('',(#1893),#1911,.F.);
#1893 = FACE_BOUND('',#1894,.F.);
#1894 = EDGE_LOOP('',(#1895,#1896,#1897,#1905));
#1895 = ORIENTED_EDGE('',*,*,#1881,.F.);
#1896 = ORIENTED_EDGE('',*,*,#1226,.F.);
#1897 = ORIENTED_EDGE('',*,*,#1898,.T.);
#1898 = EDGE_CURVE('',#1227,#1899,#1901,.T.);
#1899 = VERTEX_POINT('',#1900);
#1900 = CARTESIAN_POINT('',(19.482188269835,-35.49573938178,-6.));
#1901 = LINE('',#1902,#1903);
#1902 = CARTESIAN_POINT('',(19.482188269835,-35.49573938178,0.));
#1903 = VECTOR('',#1904,1.);
#1904 = DIRECTION('',(0.,0.,-1.));
#1905 = ORIENTED_EDGE('',*,*,#1906,.F.);
#1906 = EDGE_CURVE('',#1873,#1899,#1907,.T.);
#1907 = LINE('',#1908,#1909);
#1908 = CARTESIAN_POINT('',(27.432540617712,-27.7266654262,-6.));
#1909 = VECTOR('',#1910,1.);
#1910 = DIRECTION('',(-0.715213668601,-0.698905865082,0.));
#1911 = PLANE('',#1912);
#1912 = AXIS2_PLACEMENT_3D('',#1913,#1914,#1915);
#1913 = CARTESIAN_POINT('',(19.482188269835,-35.49573938178,0.));
#1914 = DIRECTION('',(0.698905865082,-0.715213668601,0.));
#1915 = DIRECTION('',(0.715213668601,0.698905865082,0.));
#1916 = ADVANCED_FACE('',(#1917),#1936,.T.);
#1917 = FACE_BOUND('',#1918,.T.);
#1918 = EDGE_LOOP('',(#1919,#1920,#1929,#1935));
#1919 = ORIENTED_EDGE('',*,*,#1898,.T.);
#1920 = ORIENTED_EDGE('',*,*,#1921,.F.);
#1921 = EDGE_CURVE('',#1922,#1899,#1924,.T.);
#1922 = VERTEX_POINT('',#1923);
#1923 = CARTESIAN_POINT('',(18.88,-36.92616671898,-6.));
#1924 = CIRCLE('',#1925,2.);
#1925 = AXIS2_PLACEMENT_3D('',#1926,#1927,#1928);
#1926 = CARTESIAN_POINT('',(20.88,-36.92616671898,-6.));
#1927 = DIRECTION('',(-0.,0.,-1.));
#1928 = DIRECTION('',(-1.1E-16,-1.,0.));
#1929 = ORIENTED_EDGE('',*,*,#1930,.F.);
#1930 = EDGE_CURVE('',#1235,#1922,#1931,.T.);
#1931 = LINE('',#1932,#1933);
#1932 = CARTESIAN_POINT('',(18.88,-36.92616671898,0.));
#1933 = VECTOR('',#1934,1.);
#1934 = DIRECTION('',(0.,0.,-1.));
#1935 = ORIENTED_EDGE('',*,*,#1234,.T.);
#1936 = CYLINDRICAL_SURFACE('',#1937,2.);
#1937 = AXIS2_PLACEMENT_3D('',#1938,#1939,#1940);
#1938 = CARTESIAN_POINT('',(20.88,-36.92616671898,0.));
#1939 = DIRECTION('',(0.,0.,-1.));
#1940 = DIRECTION('',(-1.1E-16,-1.,0.));
#1941 = ADVANCED_FACE('',(#1942),#1960,.F.);
#1942 = FACE_BOUND('',#1943,.F.);
#1943 = EDGE_LOOP('',(#1944,#1945,#1946,#1954));
#1944 = ORIENTED_EDGE('',*,*,#1930,.F.);
#1945 = ORIENTED_EDGE('',*,*,#1243,.F.);
#1946 = ORIENTED_EDGE('',*,*,#1947,.T.);
#1947 = EDGE_CURVE('',#1244,#1948,#1950,.T.);
#1948 = VERTEX_POINT('',#1949);
#1949 = CARTESIAN_POINT('',(18.88,-46.05,-6.));
#1950 = LINE('',#1951,#1952);
#1951 = CARTESIAN_POINT('',(18.88,-46.05,0.));
#1952 = VECTOR('',#1953,1.);
#1953 = DIRECTION('',(0.,0.,-1.));
#1954 = ORIENTED_EDGE('',*,*,#1955,.F.);
#1955 = EDGE_CURVE('',#1922,#1948,#1956,.T.);
#1956 = LINE('',#1957,#1958);
#1957 = CARTESIAN_POINT('',(18.88,-34.11213623414,-6.));
#1958 = VECTOR('',#1959,1.);
#1959 = DIRECTION('',(0.,-1.,0.));
#1960 = PLANE('',#1961);
#1961 = AXIS2_PLACEMENT_3D('',#1962,#1963,#1964);
#1962 = CARTESIAN_POINT('',(18.88,-46.05,0.));
#1963 = DIRECTION('',(1.,0.,0.));
#1964 = DIRECTION('',(0.,1.,0.));
#1965 = ADVANCED_FACE('',(#1966),#1985,.F.);
#1966 = FACE_BOUND('',#1967,.F.);
#1967 = EDGE_LOOP('',(#1968,#1969,#1970,#1978));
#1968 = ORIENTED_EDGE('',*,*,#1947,.F.);
#1969 = ORIENTED_EDGE('',*,*,#1251,.F.);
#1970 = ORIENTED_EDGE('',*,*,#1971,.T.);
#1971 = EDGE_CURVE('',#1252,#1972,#1974,.T.);
#1972 = VERTEX_POINT('',#1973);
#1973 = CARTESIAN_POINT('',(18.821651062136,-46.19119127662,-6.));
#1974 = LINE('',#1975,#1976);
#1975 = CARTESIAN_POINT('',(18.821651062136,-46.19119127662,0.));
#1976 = VECTOR('',#1977,1.);
#1977 = DIRECTION('',(0.,0.,-1.));
#1978 = ORIENTED_EDGE('',*,*,#1979,.T.);
#1979 = EDGE_CURVE('',#1972,#1948,#1980,.T.);
#1980 = CIRCLE('',#1981,0.2);
#1981 = AXIS2_PLACEMENT_3D('',#1982,#1983,#1984);
#1982 = CARTESIAN_POINT('',(18.68,-46.05,-6.));
#1983 = DIRECTION('',(0.,-0.,1.));
#1984 = DIRECTION('',(0.,1.,0.));
#1985 = CYLINDRICAL_SURFACE('',#1986,0.2);
#1986 = AXIS2_PLACEMENT_3D('',#1987,#1988,#1989);
#1987 = CARTESIAN_POINT('',(18.68,-46.05,0.));
#1988 = DIRECTION('',(0.,0.,1.));
#1989 = DIRECTION('',(0.,1.,0.));
#1990 = ADVANCED_FACE('',(#1991),#2041,.F.);
#1991 = FACE_BOUND('',#1992,.F.);
#1992 = EDGE_LOOP('',(#1993,#2001,#2002,#2003,#2011,#2019,#2027,#2035));
#1993 = ORIENTED_EDGE('',*,*,#1994,.F.);
#1994 = EDGE_CURVE('',#1972,#1995,#1997,.T.);
#1995 = VERTEX_POINT('',#1996);
#1996 = CARTESIAN_POINT('',(18.680918078598,-46.33238255325,-6.));
#1997 = LINE('',#1998,#1999);
#1998 = CARTESIAN_POINT('',(26.402472478255,-38.5856831241,-6.));
#1999 = VECTOR('',#2000,1.);
#2000 = DIRECTION('',(-0.705956383138,-0.70825531068,0.));
#2001 = ORIENTED_EDGE('',*,*,#1971,.F.);
#2002 = ORIENTED_EDGE('',*,*,#1260,.F.);
#2003 = ORIENTED_EDGE('',*,*,#2004,.T.);
#2004 = EDGE_CURVE('',#1261,#2005,#2007,.T.);
#2005 = VERTEX_POINT('',#2006);
#2006 = CARTESIAN_POINT('',(12.641651062136,-52.39131627662,-6.));
#2007 = LINE('',#2008,#2009);
#2008 = CARTESIAN_POINT('',(12.641651062136,-52.39131627662,0.));
#2009 = VECTOR('',#2010,1.);
#2010 = DIRECTION('',(0.,0.,-1.));
#2011 = ORIENTED_EDGE('',*,*,#2012,.F.);
#2012 = EDGE_CURVE('',#2013,#2005,#2015,.T.);
#2013 = VERTEX_POINT('',#2014);
#2014 = CARTESIAN_POINT('',(12.783302124272,-52.2492039317,-6.));
#2015 = LINE('',#2016,#2017);
#2016 = CARTESIAN_POINT('',(26.402472478255,-38.5856831241,-6.));
#2017 = VECTOR('',#2018,1.);
#2018 = DIRECTION('',(-0.705956383138,-0.70825531068,0.));
#2019 = ORIENTED_EDGE('',*,*,#2020,.T.);
#2020 = EDGE_CURVE('',#2013,#2021,#2023,.T.);
#2021 = VERTEX_POINT('',#2022);
#2022 = CARTESIAN_POINT('',(12.783302124272,-52.2492039317,-1.7));
#2023 = LINE('',#2024,#2025);
#2024 = CARTESIAN_POINT('',(12.783302124272,-52.2492039317,-3.));
#2025 = VECTOR('',#2026,1.);
#2026 = DIRECTION('',(0.,0.,1.));
#2027 = ORIENTED_EDGE('',*,*,#2028,.F.);
#2028 = EDGE_CURVE('',#2029,#2021,#2031,.T.);
#2029 = VERTEX_POINT('',#2030);
#2030 = CARTESIAN_POINT('',(18.680918078598,-46.33238255325,-1.7));
#2031 = LINE('',#2032,#2033);
#2032 = CARTESIAN_POINT('',(26.667538280224,-38.31975414264,-1.7));
#2033 = VECTOR('',#2034,1.);
#2034 = DIRECTION('',(-0.705956383138,-0.70825531068,0.));
#2035 = ORIENTED_EDGE('',*,*,#2036,.T.);
#2036 = EDGE_CURVE('',#2029,#1995,#2037,.T.);
#2037 = LINE('',#2038,#2039);
#2038 = CARTESIAN_POINT('',(18.680918078598,-46.33238255325,-3.));
#2039 = VECTOR('',#2040,1.);
#2040 = DIRECTION('',(0.,0.,-1.));
#2041 = PLANE('',#2042);
#2042 = AXIS2_PLACEMENT_3D('',#2043,#2044,#2045);
#2043 = CARTESIAN_POINT('',(12.641651062136,-52.39131627662,0.));
#2044 = DIRECTION('',(0.70825531068,-0.705956383138,0.));
#2045 = DIRECTION('',(0.705956383138,0.70825531068,0.));
#2046 = ADVANCED_FACE('',(#2047),#2066,.F.);
#2047 = FACE_BOUND('',#2048,.F.);
#2048 = EDGE_LOOP('',(#2049,#2050,#2051,#2059));
#2049 = ORIENTED_EDGE('',*,*,#2004,.F.);
#2050 = ORIENTED_EDGE('',*,*,#1268,.F.);
#2051 = ORIENTED_EDGE('',*,*,#2052,.T.);
#2052 = EDGE_CURVE('',#1269,#2053,#2055,.T.);
#2053 = VERTEX_POINT('',#2054);
#2054 = CARTESIAN_POINT('',(12.499996062992,-52.45012499996,-6.));
#2055 = LINE('',#2056,#2057);
#2056 = CARTESIAN_POINT('',(12.499996062992,-52.45012499996,0.));
#2057 = VECTOR('',#2058,1.);
#2058 = DIRECTION('',(0.,0.,-1.));
#2059 = ORIENTED_EDGE('',*,*,#2060,.T.);
#2060 = EDGE_CURVE('',#2053,#2005,#2061,.T.);
#2061 = CIRCLE('',#2062,0.2);
#2062 = AXIS2_PLACEMENT_3D('',#2063,#2064,#2065);
#2063 = CARTESIAN_POINT('',(12.5,-52.250125,-6.));
#2064 = DIRECTION('',(0.,-0.,1.));
#2065 = DIRECTION('',(0.705956383138,0.70825531068,0.));
#2066 = CYLINDRICAL_SURFACE('',#2067,0.2);
#2067 = AXIS2_PLACEMENT_3D('',#2068,#2069,#2070);
#2068 = CARTESIAN_POINT('',(12.5,-52.250125,0.));
#2069 = DIRECTION('',(0.,0.,1.));
#2070 = DIRECTION('',(0.705956383138,0.70825531068,0.));
#2071 = ADVANCED_FACE('',(#2072),#2090,.F.);
#2072 = FACE_BOUND('',#2073,.F.);
#2073 = EDGE_LOOP('',(#2074,#2075,#2076,#2084));
#2074 = ORIENTED_EDGE('',*,*,#2052,.F.);
#2075 = ORIENTED_EDGE('',*,*,#1277,.F.);
#2076 = ORIENTED_EDGE('',*,*,#2077,.T.);
#2077 = EDGE_CURVE('',#1278,#2078,#2080,.T.);
#2078 = VERTEX_POINT('',#2079);
#2079 = CARTESIAN_POINT('',(6.149996062992,-52.44999999996,-6.));
#2080 = LINE('',#2081,#2082);
#2081 = CARTESIAN_POINT('',(6.149996062992,-52.44999999996,0.));
#2082 = VECTOR('',#2083,1.);
#2083 = DIRECTION('',(0.,0.,-1.));
#2084 = ORIENTED_EDGE('',*,*,#2085,.F.);
#2085 = EDGE_CURVE('',#2053,#2078,#2086,.T.);
#2086 = LINE('',#2087,#2088);
#2087 = CARTESIAN_POINT('',(21.849215410132,-52.45030903971,-6.));
#2088 = VECTOR('',#2089,1.);
#2089 = DIRECTION('',(-0.999999999806,1.96850393658E-05,0.));
#2090 = PLANE('',#2091);
#2091 = AXIS2_PLACEMENT_3D('',#2092,#2093,#2094);
#2092 = CARTESIAN_POINT('',(6.149996062992,-52.44999999996,0.));
#2093 = DIRECTION('',(-1.96850393658E-05,-0.999999999806,0.));
#2094 = DIRECTION('',(0.999999999806,-1.96850393658E-05,0.));
#2095 = ADVANCED_FACE('',(#2096),#2115,.F.);
#2096 = FACE_BOUND('',#2097,.F.);
#2097 = EDGE_LOOP('',(#2098,#2099,#2100,#2108));
#2098 = ORIENTED_EDGE('',*,*,#2077,.F.);
#2099 = ORIENTED_EDGE('',*,*,#1285,.F.);
#2100 = ORIENTED_EDGE('',*,*,#2101,.T.);
#2101 = EDGE_CURVE('',#1286,#2102,#2104,.T.);
#2102 = VERTEX_POINT('',#2103);
#2103 = CARTESIAN_POINT('',(6.008007251363,-52.39084764582,-6.));
#2104 = LINE('',#2105,#2106);
#2105 = CARTESIAN_POINT('',(6.008007251363,-52.39084764582,0.));
#2106 = VECTOR('',#2107,1.);
#2107 = DIRECTION('',(0.,0.,-1.));
#2108 = ORIENTED_EDGE('',*,*,#2109,.T.);
#2109 = EDGE_CURVE('',#2102,#2078,#2110,.T.);
#2110 = CIRCLE('',#2111,0.2);
#2111 = AXIS2_PLACEMENT_3D('',#2112,#2113,#2114);
#2112 = CARTESIAN_POINT('',(6.15,-52.25,-6.));
#2113 = DIRECTION('',(-0.,0.,1.));
#2114 = DIRECTION('',(0.999999999806,-1.96850393658E-05,0.));
#2115 = CYLINDRICAL_SURFACE('',#2116,0.2);
#2116 = AXIS2_PLACEMENT_3D('',#2117,#2118,#2119);
#2117 = CARTESIAN_POINT('',(6.15,-52.25,0.));
#2118 = DIRECTION('',(0.,0.,1.));
#2119 = DIRECTION('',(0.999999999806,-1.96850393658E-05,0.));
#2120 = ADVANCED_FACE('',(#2121),#2171,.F.);
#2121 = FACE_BOUND('',#2122,.F.);
#2122 = EDGE_LOOP('',(#2123,#2131,#2132,#2133,#2141,#2149,#2157,#2165));
#2123 = ORIENTED_EDGE('',*,*,#2124,.F.);
#2124 = EDGE_CURVE('',#2102,#2125,#2127,.T.);
#2125 = VERTEX_POINT('',#2126);
#2126 = CARTESIAN_POINT('',(5.866014502726,-52.24770048459,-6.));
#2127 = LINE('',#2128,#2129);
#2128 = CARTESIAN_POINT('',(3.200519788288,-49.56053508142,-6.));
#2129 = VECTOR('',#2130,1.);
#2130 = DIRECTION('',(-0.704238229127,0.709963743185,0.));
#2131 = ORIENTED_EDGE('',*,*,#2101,.F.);
#2132 = ORIENTED_EDGE('',*,*,#1294,.F.);
#2133 = ORIENTED_EDGE('',*,*,#2134,.T.);
#2134 = EDGE_CURVE('',#1295,#2135,#2137,.T.);
#2135 = VERTEX_POINT('',#2136);
#2136 = CARTESIAN_POINT('',(-0.141992748637,-46.19084764582,-6.));
#2137 = LINE('',#2138,#2139);
#2138 = CARTESIAN_POINT('',(-0.141992748637,-46.19084764582,0.));
#2139 = VECTOR('',#2140,1.);
#2140 = DIRECTION('',(0.,0.,-1.));
#2141 = ORIENTED_EDGE('',*,*,#2142,.F.);
#2142 = EDGE_CURVE('',#2143,#2135,#2145,.T.);
#2143 = VERTEX_POINT('',#2144);
#2144 = CARTESIAN_POINT('',(-2.280970923089E-03,-46.33169529165,-6.));
#2145 = LINE('',#2146,#2147);
#2146 = CARTESIAN_POINT('',(3.200519788288,-49.56053508142,-6.));
#2147 = VECTOR('',#2148,1.);
#2148 = DIRECTION('',(-0.704238229127,0.709963743185,0.));
#2149 = ORIENTED_EDGE('',*,*,#2150,.T.);
#2150 = EDGE_CURVE('',#2143,#2151,#2153,.T.);
#2151 = VERTEX_POINT('',#2152);
#2152 = CARTESIAN_POINT('',(-2.28097092309E-03,-46.33169529165,-1.7));
#2153 = LINE('',#2154,#2155);
#2154 = CARTESIAN_POINT('',(-2.280970923085E-03,-46.33169529165,-3.));
#2155 = VECTOR('',#2156,1.);
#2156 = DIRECTION('',(0.,0.,1.));
#2157 = ORIENTED_EDGE('',*,*,#2158,.F.);
#2158 = EDGE_CURVE('',#2159,#2151,#2161,.T.);
#2159 = VERTEX_POINT('',#2160);
#2160 = CARTESIAN_POINT('',(5.866014502726,-52.24770048459,-1.7));
#2161 = LINE('',#2162,#2163);
#2162 = CARTESIAN_POINT('',(3.679556960191,-50.04346686448,-1.7));
#2163 = VECTOR('',#2164,1.);
#2164 = DIRECTION('',(-0.704238229127,0.709963743185,0.));
#2165 = ORIENTED_EDGE('',*,*,#2166,.T.);
#2166 = EDGE_CURVE('',#2159,#2125,#2167,.T.);
#2167 = LINE('',#2168,#2169);
#2168 = CARTESIAN_POINT('',(5.866014502726,-52.24770048459,-3.));
#2169 = VECTOR('',#2170,1.);
#2170 = DIRECTION('',(0.,0.,-1.));
#2171 = PLANE('',#2172);
#2172 = AXIS2_PLACEMENT_3D('',#2173,#2174,#2175);
#2173 = CARTESIAN_POINT('',(-0.141992748637,-46.19084764582,0.));
#2174 = DIRECTION('',(-0.709963743185,-0.704238229127,0.));
#2175 = DIRECTION('',(0.704238229127,-0.709963743185,0.));
#2176 = ADVANCED_FACE('',(#2177),#2196,.F.);
#2177 = FACE_BOUND('',#2178,.F.);
#2178 = EDGE_LOOP('',(#2179,#2180,#2181,#2189));
#2179 = ORIENTED_EDGE('',*,*,#2134,.F.);
#2180 = ORIENTED_EDGE('',*,*,#1302,.F.);
#2181 = ORIENTED_EDGE('',*,*,#2182,.T.);
#2182 = EDGE_CURVE('',#1303,#2183,#2185,.T.);
#2183 = VERTEX_POINT('',#2184);
#2184 = CARTESIAN_POINT('',(-0.2,-46.05,-6.));
#2185 = LINE('',#2186,#2187);
#2186 = CARTESIAN_POINT('',(-0.2,-46.05,0.));
#2187 = VECTOR('',#2188,1.);
#2188 = DIRECTION('',(0.,0.,-1.));
#2189 = ORIENTED_EDGE('',*,*,#2190,.T.);
#2190 = EDGE_CURVE('',#2183,#2135,#2191,.T.);
#2191 = CIRCLE('',#2192,0.2);
#2192 = AXIS2_PLACEMENT_3D('',#2193,#2194,#2195);
#2193 = CARTESIAN_POINT('',(0.,-46.05,-6.));
#2194 = DIRECTION('',(-0.,0.,1.));
#2195 = DIRECTION('',(0.704238229127,-0.709963743185,0.));
#2196 = CYLINDRICAL_SURFACE('',#2197,0.2);
#2197 = AXIS2_PLACEMENT_3D('',#2198,#2199,#2200);
#2198 = CARTESIAN_POINT('',(0.,-46.05,0.));
#2199 = DIRECTION('',(0.,0.,1.));
#2200 = DIRECTION('',(0.704238229127,-0.709963743185,0.));
#2201 = ADVANCED_FACE('',(#2202),#2220,.F.);
#2202 = FACE_BOUND('',#2203,.F.);
#2203 = EDGE_LOOP('',(#2204,#2205,#2206,#2214));
#2204 = ORIENTED_EDGE('',*,*,#2182,.F.);
#2205 = ORIENTED_EDGE('',*,*,#1311,.F.);
#2206 = ORIENTED_EDGE('',*,*,#2207,.T.);
#2207 = EDGE_CURVE('',#1312,#2208,#2210,.T.);
#2208 = VERTEX_POINT('',#2209);
#2209 = CARTESIAN_POINT('',(-0.2,-1.95,-6.));
#2210 = LINE('',#2211,#2212);
#2211 = CARTESIAN_POINT('',(-0.2,-1.95,0.));
#2212 = VECTOR('',#2213,1.);
#2213 = DIRECTION('',(0.,0.,-1.));
#2214 = ORIENTED_EDGE('',*,*,#2215,.F.);
#2215 = EDGE_CURVE('',#2183,#2208,#2216,.T.);
#2216 = LINE('',#2217,#2218);
#2217 = CARTESIAN_POINT('',(-0.2,-12.06213623414,-6.));
#2218 = VECTOR('',#2219,1.);
#2219 = DIRECTION('',(0.,1.,0.));
#2220 = PLANE('',#2221);
#2221 = AXIS2_PLACEMENT_3D('',#2222,#2223,#2224);
#2222 = CARTESIAN_POINT('',(-0.2,-1.95,0.));
#2223 = DIRECTION('',(-1.,0.,0.));
#2224 = DIRECTION('',(0.,-1.,0.));
#2225 = ADVANCED_FACE('',(#2226),#2245,.F.);
#2226 = FACE_BOUND('',#2227,.F.);
#2227 = EDGE_LOOP('',(#2228,#2229,#2230,#2238));
#2228 = ORIENTED_EDGE('',*,*,#2207,.F.);
#2229 = ORIENTED_EDGE('',*,*,#1319,.F.);
#2230 = ORIENTED_EDGE('',*,*,#2231,.T.);
#2231 = EDGE_CURVE('',#1320,#2232,#2234,.T.);
#2232 = VERTEX_POINT('',#2233);
#2233 = CARTESIAN_POINT('',(-0.150754545982,-1.818572959914,-6.));
#2234 = LINE('',#2235,#2236);
#2235 = CARTESIAN_POINT('',(-0.150754545982,-1.818572959914,0.));
#2236 = VECTOR('',#2237,1.);
#2237 = DIRECTION('',(0.,0.,-1.));
#2238 = ORIENTED_EDGE('',*,*,#2239,.T.);
#2239 = EDGE_CURVE('',#2232,#2208,#2240,.T.);
#2240 = CIRCLE('',#2241,0.2);
#2241 = AXIS2_PLACEMENT_3D('',#2242,#2243,#2244);
#2242 = CARTESIAN_POINT('',(0.,-1.95,-6.));
#2243 = DIRECTION('',(-0.,0.,1.));
#2244 = DIRECTION('',(0.,-1.,0.));
#2245 = CYLINDRICAL_SURFACE('',#2246,0.2);
#2246 = AXIS2_PLACEMENT_3D('',#2247,#2248,#2249);
#2247 = CARTESIAN_POINT('',(0.,-1.95,0.));
#2248 = DIRECTION('',(0.,0.,1.));
#2249 = DIRECTION('',(0.,-1.,0.));
#2250 = ADVANCED_FACE('',(#2251),#2285,.F.);
#2251 = FACE_BOUND('',#2252,.F.);
#2252 = EDGE_LOOP('',(#2253,#2261,#2262,#2263,#2271,#2279));
#2253 = ORIENTED_EDGE('',*,*,#2254,.F.);
#2254 = EDGE_CURVE('',#2232,#2255,#2257,.T.);
#2255 = VERTEX_POINT('',#2256);
#2256 = CARTESIAN_POINT('',(-3.617712641899E-02,-1.687145919827,-6.));
#2257 = LINE('',#2258,#2259);
#2258 = CARTESIAN_POINT('',(3.797731492889,2.710572790556,-6.));
#2259 = VECTOR('',#2260,1.);
#2260 = DIRECTION('',(0.657135200432,0.753772729908,0.));
#2261 = ORIENTED_EDGE('',*,*,#2231,.F.);
#2262 = ORIENTED_EDGE('',*,*,#1328,.F.);
#2263 = ORIENTED_EDGE('',*,*,#2264,.T.);
#2264 = EDGE_CURVE('',#1329,#2265,#2267,.T.);
#2265 = VERTEX_POINT('',#2266);
#2266 = CARTESIAN_POINT('',(1.549245454018,0.131427040086,-1.7));
#2267 = LINE('',#2268,#2269);
#2268 = CARTESIAN_POINT('',(1.549245454018,0.131427040086,0.));
#2269 = VECTOR('',#2270,1.);
#2270 = DIRECTION('',(-0.,-0.,-1.));
#2271 = ORIENTED_EDGE('',*,*,#2272,.F.);
#2272 = EDGE_CURVE('',#2273,#2265,#2275,.T.);
#2273 = VERTEX_POINT('',#2274);
#2274 = CARTESIAN_POINT('',(-3.617712641898E-02,-1.687145919827,-1.7));
#2275 = LINE('',#2276,#2277);
#2276 = CARTESIAN_POINT('',(4.014003181751,2.958649139544,-1.7));
#2277 = VECTOR('',#2278,1.);
#2278 = DIRECTION('',(0.657135200432,0.753772729908,0.));
#2279 = ORIENTED_EDGE('',*,*,#2280,.T.);
#2280 = EDGE_CURVE('',#2273,#2255,#2281,.T.);
#2281 = LINE('',#2282,#2283);
#2282 = CARTESIAN_POINT('',(-3.617712641898E-02,-1.687145919827,-3.));
#2283 = VECTOR('',#2284,1.);
#2284 = DIRECTION('',(0.,0.,-1.));
#2285 = PLANE('',#2286);
#2286 = AXIS2_PLACEMENT_3D('',#2287,#2288,#2289);
#2287 = CARTESIAN_POINT('',(1.549245454018,0.131427040086,0.));
#2288 = DIRECTION('',(-0.753772729908,0.657135200432,0.));
#2289 = DIRECTION('',(-0.657135200432,-0.753772729908,0.));
#2290 = ADVANCED_FACE('',(#2291),#2303,.F.);
#2291 = FACE_BOUND('',#2292,.F.);
#2292 = EDGE_LOOP('',(#2293,#2294,#2295,#2296));
#2293 = ORIENTED_EDGE('',*,*,#2264,.F.);
#2294 = ORIENTED_EDGE('',*,*,#1336,.F.);
#2295 = ORIENTED_EDGE('',*,*,#1466,.T.);
#2296 = ORIENTED_EDGE('',*,*,#2297,.T.);
#2297 = EDGE_CURVE('',#1467,#2265,#2298,.T.);
#2298 = CIRCLE('',#2299,0.2);
#2299 = AXIS2_PLACEMENT_3D('',#2300,#2301,#2302);
#2300 = CARTESIAN_POINT('',(1.7,0.,-1.7));
#2301 = DIRECTION('',(0.,0.,1.));
#2302 = DIRECTION('',(-0.657135200432,-0.753772729908,0.));
#2303 = CYLINDRICAL_SURFACE('',#2304,0.2);
#2304 = AXIS2_PLACEMENT_3D('',#2305,#2306,#2307);
#2305 = CARTESIAN_POINT('',(1.7,0.,0.));
#2306 = DIRECTION('',(0.,0.,1.));
#2307 = DIRECTION('',(-0.657135200432,-0.753772729908,0.));
#2308 = ADVANCED_FACE('',(#2309),#2328,.T.);
#2309 = FACE_BOUND('',#2310,.F.);
#2310 = EDGE_LOOP('',(#2311,#2319,#2320,#2321));
#2311 = ORIENTED_EDGE('',*,*,#2312,.T.);
#2312 = EDGE_CURVE('',#2313,#1352,#2315,.T.);
#2313 = VERTEX_POINT('',#2314);
#2314 = CARTESIAN_POINT('',(73.076393,-13.743442,-6.));
#2315 = LINE('',#2316,#2317);
#2316 = CARTESIAN_POINT('',(73.076393,-13.743442,-6.));
#2317 = VECTOR('',#2318,1.);
#2318 = DIRECTION('',(0.,0.,1.));
#2319 = ORIENTED_EDGE('',*,*,#1351,.T.);
#2320 = ORIENTED_EDGE('',*,*,#2312,.F.);
#2321 = ORIENTED_EDGE('',*,*,#2322,.F.);
#2322 = EDGE_CURVE('',#2313,#2313,#2323,.T.);
#2323 = CIRCLE('',#2324,6.5);
#2324 = AXIS2_PLACEMENT_3D('',#2325,#2326,#2327);
#2325 = CARTESIAN_POINT('',(66.576393,-13.743442,-6.));
#2326 = DIRECTION('',(0.,0.,1.));
#2327 = DIRECTION('',(1.,0.,0.));
#2328 = CYLINDRICAL_SURFACE('',#2329,6.5);
#2329 = AXIS2_PLACEMENT_3D('',#2330,#2331,#2332);
#2330 = CARTESIAN_POINT('',(66.576393,-13.743442,-6.));
#2331 = DIRECTION('',(-0.,-0.,-1.));
#2332 = DIRECTION('',(1.,0.,0.));
#2333 = ADVANCED_FACE('',(#2334,#2345),#2348,.T.);
#2334 = FACE_BOUND('',#2335,.T.);
#2335 = EDGE_LOOP('',(#2336));
#2336 = ORIENTED_EDGE('',*,*,#2337,.T.);
#2337 = EDGE_CURVE('',#2338,#2338,#2340,.T.);
#2338 = VERTEX_POINT('',#2339);
#2339 = CARTESIAN_POINT('',(62.633274,-3.05,-1.7));
#2340 = CIRCLE('',#2341,3.);
#2341 = AXIS2_PLACEMENT_3D('',#2342,#2343,#2344);
#2342 = CARTESIAN_POINT('',(59.633274,-3.05,-1.7));
#2343 = DIRECTION('',(0.,0.,1.));
#2344 = DIRECTION('',(1.,0.,0.));
#2345 = FACE_BOUND('',#2346,.T.);
#2346 = EDGE_LOOP('',(#2347));
#2347 = ORIENTED_EDGE('',*,*,#1379,.F.);
#2348 = PLANE('',#2349);
#2349 = AXIS2_PLACEMENT_3D('',#2350,#2351,#2352);
#2350 = CARTESIAN_POINT('',(39.045735082163,-22.60584983461,-1.7));
#2351 = DIRECTION('',(0.,0.,1.));
#2352 = DIRECTION('',(1.,0.,0.));
#2353 = ADVANCED_FACE('',(#2354,#2365),#2368,.T.);
#2354 = FACE_BOUND('',#2355,.T.);
#2355 = EDGE_LOOP('',(#2356));
#2356 = ORIENTED_EDGE('',*,*,#2357,.T.);
#2357 = EDGE_CURVE('',#2358,#2358,#2360,.T.);
#2358 = VERTEX_POINT('',#2359);
#2359 = CARTESIAN_POINT('',(26.45,-29.9,-1.7));
#2360 = CIRCLE('',#2361,3.);
#2361 = AXIS2_PLACEMENT_3D('',#2362,#2363,#2364);
#2362 = CARTESIAN_POINT('',(23.45,-29.9,-1.7));
#2363 = DIRECTION('',(0.,0.,1.));
#2364 = DIRECTION('',(1.,0.,0.));
#2365 = FACE_BOUND('',#2366,.T.);
#2366 = EDGE_LOOP('',(#2367));
#2367 = ORIENTED_EDGE('',*,*,#1404,.F.);
#2368 = PLANE('',#2369);
#2369 = AXIS2_PLACEMENT_3D('',#2370,#2371,#2372);
#2370 = CARTESIAN_POINT('',(39.045735082163,-22.60584983461,-1.7));
#2371 = DIRECTION('',(0.,0.,1.));
#2372 = DIRECTION('',(1.,0.,0.));
#2373 = ADVANCED_FACE('',(#2374,#2385),#2388,.T.);
#2374 = FACE_BOUND('',#2375,.T.);
#2375 = EDGE_LOOP('',(#2376));
#2376 = ORIENTED_EDGE('',*,*,#2377,.T.);
#2377 = EDGE_CURVE('',#2378,#2378,#2380,.T.);
#2378 = VERTEX_POINT('',#2379);
#2379 = CARTESIAN_POINT('',(6.033274,-26.4,-1.7));
#2380 = CIRCLE('',#2381,3.);
#2381 = AXIS2_PLACEMENT_3D('',#2382,#2383,#2384);
#2382 = CARTESIAN_POINT('',(3.033274,-26.4,-1.7));
#2383 = DIRECTION('',(0.,0.,1.));
#2384 = DIRECTION('',(1.,0.,0.));
#2385 = FACE_BOUND('',#2386,.T.);
#2386 = EDGE_LOOP('',(#2387));
#2387 = ORIENTED_EDGE('',*,*,#1429,.F.);
#2388 = PLANE('',#2389);
#2389 = AXIS2_PLACEMENT_3D('',#2390,#2391,#2392);
#2390 = CARTESIAN_POINT('',(39.045735082163,-22.60584983461,-1.7));
#2391 = DIRECTION('',(0.,0.,1.));
#2392 = DIRECTION('',(1.,0.,0.));
#2393 = ADVANCED_FACE('',(#2394),#2413,.T.);
#2394 = FACE_BOUND('',#2395,.F.);
#2395 = EDGE_LOOP('',(#2396,#2404,#2405,#2406));
#2396 = ORIENTED_EDGE('',*,*,#2397,.T.);
#2397 = EDGE_CURVE('',#2398,#1447,#2400,.T.);
#2398 = VERTEX_POINT('',#2399);
#2399 = CARTESIAN_POINT('',(82.983274,-16.486726,-6.));
#2400 = LINE('',#2401,#2402);
#2401 = CARTESIAN_POINT('',(82.983274,-16.486726,-6.));
#2402 = VECTOR('',#2403,1.);
#2403 = DIRECTION('',(0.,0.,1.));
#2404 = ORIENTED_EDGE('',*,*,#1446,.T.);
#2405 = ORIENTED_EDGE('',*,*,#2397,.F.);
#2406 = ORIENTED_EDGE('',*,*,#2407,.F.);
#2407 = EDGE_CURVE('',#2398,#2398,#2408,.T.);
#2408 = CIRCLE('',#2409,3.);
#2409 = AXIS2_PLACEMENT_3D('',#2410,#2411,#2412);
#2410 = CARTESIAN_POINT('',(79.983274,-16.486726,-6.));
#2411 = DIRECTION('',(0.,0.,1.));
#2412 = DIRECTION('',(1.,0.,0.));
#2413 = CYLINDRICAL_SURFACE('',#2414,3.);
#2414 = AXIS2_PLACEMENT_3D('',#2415,#2416,#2417);
#2415 = CARTESIAN_POINT('',(79.983274,-16.486726,-6.));
#2416 = DIRECTION('',(-0.,-0.,-1.));
#2417 = DIRECTION('',(1.,0.,0.));
#2418 = ADVANCED_FACE('',(#2419),#2438,.T.);
#2419 = FACE_BOUND('',#2420,.T.);
#2420 = EDGE_LOOP('',(#2421,#2422,#2430,#2436,#2437));
#2421 = ORIENTED_EDGE('',*,*,#2272,.F.);
#2422 = ORIENTED_EDGE('',*,*,#2423,.T.);
#2423 = EDGE_CURVE('',#2273,#2424,#2426,.T.);
#2424 = VERTEX_POINT('',#2425);
#2425 = CARTESIAN_POINT('',(20.837858,-1.687145919827,-1.7));
#2426 = LINE('',#2427,#2428);
#2427 = CARTESIAN_POINT('',(-0.301509091963,-1.687145919827,-1.7));
#2428 = VECTOR('',#2429,1.);
#2429 = DIRECTION('',(1.,0.,0.));
#2430 = ORIENTED_EDGE('',*,*,#2431,.T.);
#2431 = EDGE_CURVE('',#2424,#1492,#2432,.T.);
#2432 = LINE('',#2433,#2434);
#2433 = CARTESIAN_POINT('',(20.837858,-1.687145919827,-1.7));
#2434 = VECTOR('',#2435,1.);
#2435 = DIRECTION('',(0.,1.,0.));
#2436 = ORIENTED_EDGE('',*,*,#1499,.F.);
#2437 = ORIENTED_EDGE('',*,*,#2297,.T.);
#2438 = PLANE('',#2439);
#2439 = AXIS2_PLACEMENT_3D('',#2440,#2441,#2442);
#2440 = CARTESIAN_POINT('',(39.045735082163,-22.60584983461,-1.7));
#2441 = DIRECTION('',(0.,0.,1.));
#2442 = DIRECTION('',(1.,0.,0.));
#2443 = ADVANCED_FACE('',(#2444),#2462,.F.);
#2444 = FACE_BOUND('',#2445,.F.);
#2445 = EDGE_LOOP('',(#2446,#2454,#2460,#2461));
#2446 = ORIENTED_EDGE('',*,*,#2447,.F.);
#2447 = EDGE_CURVE('',#2448,#1484,#2450,.T.);
#2448 = VERTEX_POINT('',#2449);
#2449 = CARTESIAN_POINT('',(20.837858,-1.687145919827,-6.));
#2450 = LINE('',#2451,#2452);
#2451 = CARTESIAN_POINT('',(20.837858,-1.687145919827,-6.));
#2452 = VECTOR('',#2453,1.);
#2453 = DIRECTION('',(0.,1.,0.));
#2454 = ORIENTED_EDGE('',*,*,#2455,.T.);
#2455 = EDGE_CURVE('',#2448,#2424,#2456,.T.);
#2456 = LINE('',#2457,#2458);
#2457 = CARTESIAN_POINT('',(20.837858,-1.687145919827,-6.));
#2458 = VECTOR('',#2459,1.);
#2459 = DIRECTION('',(0.,0.,1.));
#2460 = ORIENTED_EDGE('',*,*,#2431,.T.);
#2461 = ORIENTED_EDGE('',*,*,#1491,.F.);
#2462 = PLANE('',#2463);
#2463 = AXIS2_PLACEMENT_3D('',#2464,#2465,#2466);
#2464 = CARTESIAN_POINT('',(20.837858,-1.687145919827,-6.));
#2465 = DIRECTION('',(-1.,0.,0.));
#2466 = DIRECTION('',(0.,1.,0.));
#2467 = ADVANCED_FACE('',(#2468,#2554,#2565,#2576,#2587,#2590,#2601,
    #2604),#2615,.T.);
#2468 = FACE_BOUND('',#2469,.T.);
#2469 = EDGE_LOOP('',(#2470,#2471,#2472,#2473,#2474,#2480,#2481,#2482,
    #2483,#2484,#2485,#2493,#2499,#2500,#2501,#2502,#2503,#2504,#2512,
    #2518,#2519,#2520,#2521,#2522,#2523,#2524,#2525,#2531,#2532,#2533,
    #2534,#2535,#2536,#2544,#2550,#2551,#2552,#2553));
#2470 = ORIENTED_EDGE('',*,*,#1546,.F.);
#2471 = ORIENTED_EDGE('',*,*,#1523,.T.);
#2472 = ORIENTED_EDGE('',*,*,#1483,.F.);
#2473 = ORIENTED_EDGE('',*,*,#2447,.F.);
#2474 = ORIENTED_EDGE('',*,*,#2475,.F.);
#2475 = EDGE_CURVE('',#2255,#2448,#2476,.T.);
#2476 = LINE('',#2477,#2478);
#2477 = CARTESIAN_POINT('',(-0.301509091963,-1.687145919827,-6.));
#2478 = VECTOR('',#2479,1.);
#2479 = DIRECTION('',(1.,0.,0.));
#2480 = ORIENTED_EDGE('',*,*,#2254,.F.);
#2481 = ORIENTED_EDGE('',*,*,#2239,.T.);
#2482 = ORIENTED_EDGE('',*,*,#2215,.F.);
#2483 = ORIENTED_EDGE('',*,*,#2190,.T.);
#2484 = ORIENTED_EDGE('',*,*,#2142,.F.);
#2485 = ORIENTED_EDGE('',*,*,#2486,.F.);
#2486 = EDGE_CURVE('',#2487,#2143,#2489,.T.);
#2487 = VERTEX_POINT('',#2488);
#2488 = CARTESIAN_POINT('',(5.866014502726,-46.33169529165,-6.));
#2489 = LINE('',#2490,#2491);
#2490 = CARTESIAN_POINT('',(5.866014502726,-46.33169529165,-6.));
#2491 = VECTOR('',#2492,1.);
#2492 = DIRECTION('',(-1.,0.,0.));
#2493 = ORIENTED_EDGE('',*,*,#2494,.F.);
#2494 = EDGE_CURVE('',#2125,#2487,#2495,.T.);
#2495 = LINE('',#2496,#2497);
#2496 = CARTESIAN_POINT('',(5.866014502726,-52.53169529165,-6.));
#2497 = VECTOR('',#2498,1.);
#2498 = DIRECTION('',(0.,1.,0.));
#2499 = ORIENTED_EDGE('',*,*,#2124,.F.);
#2500 = ORIENTED_EDGE('',*,*,#2109,.T.);
#2501 = ORIENTED_EDGE('',*,*,#2085,.F.);
#2502 = ORIENTED_EDGE('',*,*,#2060,.T.);
#2503 = ORIENTED_EDGE('',*,*,#2012,.F.);
#2504 = ORIENTED_EDGE('',*,*,#2505,.F.);
#2505 = EDGE_CURVE('',#2506,#2013,#2508,.T.);
#2506 = VERTEX_POINT('',#2507);
#2507 = CARTESIAN_POINT('',(12.783302124272,-46.33238255325,-6.));
#2508 = LINE('',#2509,#2510);
#2509 = CARTESIAN_POINT('',(12.783302124272,-46.33238255325,-6.));
#2510 = VECTOR('',#2511,1.);
#2511 = DIRECTION('',(0.,-1.,0.));
#2512 = ORIENTED_EDGE('',*,*,#2513,.F.);
#2513 = EDGE_CURVE('',#1995,#2506,#2514,.T.);
#2514 = LINE('',#2515,#2516);
#2515 = CARTESIAN_POINT('',(18.963302124272,-46.33238255325,-6.));
#2516 = VECTOR('',#2517,1.);
#2517 = DIRECTION('',(-1.,0.,0.));
#2518 = ORIENTED_EDGE('',*,*,#1994,.F.);
#2519 = ORIENTED_EDGE('',*,*,#1979,.T.);
#2520 = ORIENTED_EDGE('',*,*,#1955,.F.);
#2521 = ORIENTED_EDGE('',*,*,#1921,.T.);
#2522 = ORIENTED_EDGE('',*,*,#1906,.F.);
#2523 = ORIENTED_EDGE('',*,*,#1872,.T.);
#2524 = ORIENTED_EDGE('',*,*,#1848,.F.);
#2525 = ORIENTED_EDGE('',*,*,#2526,.F.);
#2526 = EDGE_CURVE('',#1767,#1841,#2527,.T.);
#2527 = LINE('',#2528,#2529);
#2528 = CARTESIAN_POINT('',(70.380061438686,-39.49008189641,-6.));
#2529 = VECTOR('',#2530,1.);
#2530 = DIRECTION('',(0.,1.,0.));
#2531 = ORIENTED_EDGE('',*,*,#1766,.F.);
#2532 = ORIENTED_EDGE('',*,*,#1751,.T.);
#2533 = ORIENTED_EDGE('',*,*,#1727,.F.);
#2534 = ORIENTED_EDGE('',*,*,#1702,.T.);
#2535 = ORIENTED_EDGE('',*,*,#1654,.F.);
#2536 = ORIENTED_EDGE('',*,*,#2537,.F.);
#2537 = EDGE_CURVE('',#2538,#1655,#2540,.T.);
#2538 = VERTEX_POINT('',#2539);
#2539 = CARTESIAN_POINT('',(77.187105373585,-33.193830952,-6.));
#2540 = LINE('',#2541,#2542);
#2541 = CARTESIAN_POINT('',(77.187105373585,-33.193830952,-6.));
#2542 = VECTOR('',#2543,1.);
#2543 = DIRECTION('',(0.,-1.,0.));
#2544 = ORIENTED_EDGE('',*,*,#2545,.F.);
#2545 = EDGE_CURVE('',#1637,#2538,#2546,.T.);
#2546 = LINE('',#2547,#2548);
#2547 = CARTESIAN_POINT('',(83.362893919683,-33.193830952,-6.));
#2548 = VECTOR('',#2549,1.);
#2549 = DIRECTION('',(-1.,0.,0.));
#2550 = ORIENTED_EDGE('',*,*,#1636,.F.);
#2551 = ORIENTED_EDGE('',*,*,#1621,.T.);
#2552 = ORIENTED_EDGE('',*,*,#1597,.F.);
#2553 = ORIENTED_EDGE('',*,*,#1571,.T.);
#2554 = FACE_BOUND('',#2555,.T.);
#2555 = EDGE_LOOP('',(#2556));
#2556 = ORIENTED_EDGE('',*,*,#2557,.F.);
#2557 = EDGE_CURVE('',#2558,#2558,#2560,.T.);
#2558 = VERTEX_POINT('',#2559);
#2559 = CARTESIAN_POINT('',(6.033274,-26.4,-6.));
#2560 = CIRCLE('',#2561,3.);
#2561 = AXIS2_PLACEMENT_3D('',#2562,#2563,#2564);
#2562 = CARTESIAN_POINT('',(3.033274,-26.4,-6.));
#2563 = DIRECTION('',(0.,0.,1.));
#2564 = DIRECTION('',(1.,0.,0.));
#2565 = FACE_BOUND('',#2566,.T.);
#2566 = EDGE_LOOP('',(#2567));
#2567 = ORIENTED_EDGE('',*,*,#2568,.F.);
#2568 = EDGE_CURVE('',#2569,#2569,#2571,.T.);
#2569 = VERTEX_POINT('',#2570);
#2570 = CARTESIAN_POINT('',(26.45,-29.9,-6.));
#2571 = CIRCLE('',#2572,3.);
#2572 = AXIS2_PLACEMENT_3D('',#2573,#2574,#2575);
#2573 = CARTESIAN_POINT('',(23.45,-29.9,-6.));
#2574 = DIRECTION('',(0.,0.,1.));
#2575 = DIRECTION('',(1.,0.,0.));
#2576 = FACE_BOUND('',#2577,.T.);
#2577 = EDGE_LOOP('',(#2578));
#2578 = ORIENTED_EDGE('',*,*,#2579,.F.);
#2579 = EDGE_CURVE('',#2580,#2580,#2582,.T.);
#2580 = VERTEX_POINT('',#2581);
#2581 = CARTESIAN_POINT('',(44.172363,-24.937571,-6.));
#2582 = CIRCLE('',#2583,1.5);
#2583 = AXIS2_PLACEMENT_3D('',#2584,#2585,#2586);
#2584 = CARTESIAN_POINT('',(42.672363,-24.937571,-6.));
#2585 = DIRECTION('',(0.,0.,1.));
#2586 = DIRECTION('',(1.,0.,0.));
#2587 = FACE_BOUND('',#2588,.T.);
#2588 = EDGE_LOOP('',(#2589));
#2589 = ORIENTED_EDGE('',*,*,#2407,.F.);
#2590 = FACE_BOUND('',#2591,.T.);
#2591 = EDGE_LOOP('',(#2592));
#2592 = ORIENTED_EDGE('',*,*,#2593,.F.);
#2593 = EDGE_CURVE('',#2594,#2594,#2596,.T.);
#2594 = VERTEX_POINT('',#2595);
#2595 = CARTESIAN_POINT('',(43.800327,-9.947939,-6.));
#2596 = CIRCLE('',#2597,1.5);
#2597 = AXIS2_PLACEMENT_3D('',#2598,#2599,#2600);
#2598 = CARTESIAN_POINT('',(42.300327,-9.947939,-6.));
#2599 = DIRECTION('',(0.,0.,1.));
#2600 = DIRECTION('',(1.,0.,0.));
#2601 = FACE_BOUND('',#2602,.T.);
#2602 = EDGE_LOOP('',(#2603));
#2603 = ORIENTED_EDGE('',*,*,#2322,.F.);
#2604 = FACE_BOUND('',#2605,.T.);
#2605 = EDGE_LOOP('',(#2606));
#2606 = ORIENTED_EDGE('',*,*,#2607,.F.);
#2607 = EDGE_CURVE('',#2608,#2608,#2610,.T.);
#2608 = VERTEX_POINT('',#2609);
#2609 = CARTESIAN_POINT('',(62.633274,-3.05,-6.));
#2610 = CIRCLE('',#2611,3.);
#2611 = AXIS2_PLACEMENT_3D('',#2612,#2613,#2614);
#2612 = CARTESIAN_POINT('',(59.633274,-3.05,-6.));
#2613 = DIRECTION('',(0.,0.,1.));
#2614 = DIRECTION('',(1.,0.,0.));
#2615 = PLANE('',#2616);
#2616 = AXIS2_PLACEMENT_3D('',#2617,#2618,#2619);
#2617 = CARTESIAN_POINT('',(37.549030748326,-22.17427246828,-6.));
#2618 = DIRECTION('',(0.,0.,1.));
#2619 = DIRECTION('',(1.,0.,0.));
#2620 = ADVANCED_FACE('',(#2621),#2639,.F.);
#2621 = FACE_BOUND('',#2622,.F.);
#2622 = EDGE_LOOP('',(#2623,#2624,#2625,#2633));
#2623 = ORIENTED_EDGE('',*,*,#2545,.F.);
#2624 = ORIENTED_EDGE('',*,*,#1678,.F.);
#2625 = ORIENTED_EDGE('',*,*,#2626,.T.);
#2626 = EDGE_CURVE('',#1671,#2627,#2629,.T.);
#2627 = VERTEX_POINT('',#2628);
#2628 = CARTESIAN_POINT('',(77.187105373585,-33.193830952,-1.7));
#2629 = LINE('',#2630,#2631);
#2630 = CARTESIAN_POINT('',(83.362893919683,-33.193830952,-1.7));
#2631 = VECTOR('',#2632,1.);
#2632 = DIRECTION('',(-1.,0.,0.));
#2633 = ORIENTED_EDGE('',*,*,#2634,.F.);
#2634 = EDGE_CURVE('',#2538,#2627,#2635,.T.);
#2635 = LINE('',#2636,#2637);
#2636 = CARTESIAN_POINT('',(77.187105373585,-33.193830952,-6.));
#2637 = VECTOR('',#2638,1.);
#2638 = DIRECTION('',(0.,0.,1.));
#2639 = PLANE('',#2640);
#2640 = AXIS2_PLACEMENT_3D('',#2641,#2642,#2643);
#2641 = CARTESIAN_POINT('',(83.362893919683,-33.193830952,-6.));
#2642 = DIRECTION('',(0.,-1.,0.));
#2643 = DIRECTION('',(-1.,0.,0.));
#2644 = ADVANCED_FACE('',(#2645),#2655,.T.);
#2645 = FACE_BOUND('',#2646,.T.);
#2646 = EDGE_LOOP('',(#2647,#2648,#2649));
#2647 = ORIENTED_EDGE('',*,*,#1670,.F.);
#2648 = ORIENTED_EDGE('',*,*,#2626,.T.);
#2649 = ORIENTED_EDGE('',*,*,#2650,.T.);
#2650 = EDGE_CURVE('',#2627,#1663,#2651,.T.);
#2651 = LINE('',#2652,#2653);
#2652 = CARTESIAN_POINT('',(77.187105373585,-33.193830952,-1.7));
#2653 = VECTOR('',#2654,1.);
#2654 = DIRECTION('',(0.,-1.,0.));
#2655 = PLANE('',#2656);
#2656 = AXIS2_PLACEMENT_3D('',#2657,#2658,#2659);
#2657 = CARTESIAN_POINT('',(39.045735082163,-22.60584983461,-1.7));
#2658 = DIRECTION('',(0.,0.,1.));
#2659 = DIRECTION('',(1.,0.,0.));
#2660 = ADVANCED_FACE('',(#2661),#2667,.F.);
#2661 = FACE_BOUND('',#2662,.F.);
#2662 = EDGE_LOOP('',(#2663,#2664,#2665,#2666));
#2663 = ORIENTED_EDGE('',*,*,#2537,.F.);
#2664 = ORIENTED_EDGE('',*,*,#2634,.T.);
#2665 = ORIENTED_EDGE('',*,*,#2650,.T.);
#2666 = ORIENTED_EDGE('',*,*,#1662,.F.);
#2667 = PLANE('',#2668);
#2668 = AXIS2_PLACEMENT_3D('',#2669,#2670,#2671);
#2669 = CARTESIAN_POINT('',(77.187105373585,-33.193830952,-6.));
#2670 = DIRECTION('',(1.,0.,0.));
#2671 = DIRECTION('',(0.,-1.,0.));
#2672 = ADVANCED_FACE('',(#2673),#2684,.F.);
#2673 = FACE_BOUND('',#2674,.F.);
#2674 = EDGE_LOOP('',(#2675,#2676,#2677,#2683));
#2675 = ORIENTED_EDGE('',*,*,#2526,.F.);
#2676 = ORIENTED_EDGE('',*,*,#1792,.F.);
#2677 = ORIENTED_EDGE('',*,*,#2678,.T.);
#2678 = EDGE_CURVE('',#1785,#1833,#2679,.T.);
#2679 = LINE('',#2680,#2681);
#2680 = CARTESIAN_POINT('',(70.380061438686,-39.49008189641,-1.7));
#2681 = VECTOR('',#2682,1.);
#2682 = DIRECTION('',(0.,1.,0.));
#2683 = ORIENTED_EDGE('',*,*,#1840,.F.);
#2684 = PLANE('',#2685);
#2685 = AXIS2_PLACEMENT_3D('',#2686,#2687,#2688);
#2686 = CARTESIAN_POINT('',(70.380061438686,-39.49008189641,-6.));
#2687 = DIRECTION('',(-1.,0.,0.));
#2688 = DIRECTION('',(0.,1.,0.));
#2689 = ADVANCED_FACE('',(#2690),#2696,.T.);
#2690 = FACE_BOUND('',#2691,.T.);
#2691 = EDGE_LOOP('',(#2692,#2693,#2694,#2695));
#2692 = ORIENTED_EDGE('',*,*,#1784,.F.);
#2693 = ORIENTED_EDGE('',*,*,#2678,.T.);
#2694 = ORIENTED_EDGE('',*,*,#1832,.T.);
#2695 = ORIENTED_EDGE('',*,*,#1808,.T.);
#2696 = PLANE('',#2697);
#2697 = AXIS2_PLACEMENT_3D('',#2698,#2699,#2700);
#2698 = CARTESIAN_POINT('',(39.045735082163,-22.60584983461,-1.7));
#2699 = DIRECTION('',(0.,0.,1.));
#2700 = DIRECTION('',(1.,0.,0.));
#2701 = ADVANCED_FACE('',(#2702),#2720,.F.);
#2702 = FACE_BOUND('',#2703,.F.);
#2703 = EDGE_LOOP('',(#2704,#2705,#2706,#2714));
#2704 = ORIENTED_EDGE('',*,*,#2513,.F.);
#2705 = ORIENTED_EDGE('',*,*,#2036,.F.);
#2706 = ORIENTED_EDGE('',*,*,#2707,.T.);
#2707 = EDGE_CURVE('',#2029,#2708,#2710,.T.);
#2708 = VERTEX_POINT('',#2709);
#2709 = CARTESIAN_POINT('',(12.783302124272,-46.33238255325,-1.7));
#2710 = LINE('',#2711,#2712);
#2711 = CARTESIAN_POINT('',(18.963302124272,-46.33238255325,-1.7));
#2712 = VECTOR('',#2713,1.);
#2713 = DIRECTION('',(-1.,0.,0.));
#2714 = ORIENTED_EDGE('',*,*,#2715,.F.);
#2715 = EDGE_CURVE('',#2506,#2708,#2716,.T.);
#2716 = LINE('',#2717,#2718);
#2717 = CARTESIAN_POINT('',(12.783302124272,-46.33238255325,-6.));
#2718 = VECTOR('',#2719,1.);
#2719 = DIRECTION('',(0.,0.,1.));
#2720 = PLANE('',#2721);
#2721 = AXIS2_PLACEMENT_3D('',#2722,#2723,#2724);
#2722 = CARTESIAN_POINT('',(18.963302124272,-46.33238255325,-6.));
#2723 = DIRECTION('',(0.,-1.,0.));
#2724 = DIRECTION('',(-1.,0.,0.));
#2725 = ADVANCED_FACE('',(#2726),#2736,.T.);
#2726 = FACE_BOUND('',#2727,.T.);
#2727 = EDGE_LOOP('',(#2728,#2729,#2730));
#2728 = ORIENTED_EDGE('',*,*,#2028,.F.);
#2729 = ORIENTED_EDGE('',*,*,#2707,.T.);
#2730 = ORIENTED_EDGE('',*,*,#2731,.T.);
#2731 = EDGE_CURVE('',#2708,#2021,#2732,.T.);
#2732 = LINE('',#2733,#2734);
#2733 = CARTESIAN_POINT('',(12.783302124272,-46.33238255325,-1.7));
#2734 = VECTOR('',#2735,1.);
#2735 = DIRECTION('',(0.,-1.,0.));
#2736 = PLANE('',#2737);
#2737 = AXIS2_PLACEMENT_3D('',#2738,#2739,#2740);
#2738 = CARTESIAN_POINT('',(39.045735082163,-22.60584983461,-1.7));
#2739 = DIRECTION('',(0.,0.,1.));
#2740 = DIRECTION('',(1.,0.,0.));
#2741 = ADVANCED_FACE('',(#2742),#2748,.F.);
#2742 = FACE_BOUND('',#2743,.F.);
#2743 = EDGE_LOOP('',(#2744,#2745,#2746,#2747));
#2744 = ORIENTED_EDGE('',*,*,#2505,.F.);
#2745 = ORIENTED_EDGE('',*,*,#2715,.T.);
#2746 = ORIENTED_EDGE('',*,*,#2731,.T.);
#2747 = ORIENTED_EDGE('',*,*,#2020,.F.);
#2748 = PLANE('',#2749);
#2749 = AXIS2_PLACEMENT_3D('',#2750,#2751,#2752);
#2750 = CARTESIAN_POINT('',(12.783302124272,-46.33238255325,-6.));
#2751 = DIRECTION('',(1.,0.,0.));
#2752 = DIRECTION('',(0.,-1.,0.));
#2753 = ADVANCED_FACE('',(#2754),#2772,.F.);
#2754 = FACE_BOUND('',#2755,.F.);
#2755 = EDGE_LOOP('',(#2756,#2757,#2758,#2766));
#2756 = ORIENTED_EDGE('',*,*,#2494,.F.);
#2757 = ORIENTED_EDGE('',*,*,#2166,.F.);
#2758 = ORIENTED_EDGE('',*,*,#2759,.T.);
#2759 = EDGE_CURVE('',#2159,#2760,#2762,.T.);
#2760 = VERTEX_POINT('',#2761);
#2761 = CARTESIAN_POINT('',(5.866014502726,-46.33169529165,-1.7));
#2762 = LINE('',#2763,#2764);
#2763 = CARTESIAN_POINT('',(5.866014502726,-52.53169529165,-1.7));
#2764 = VECTOR('',#2765,1.);
#2765 = DIRECTION('',(0.,1.,0.));
#2766 = ORIENTED_EDGE('',*,*,#2767,.F.);
#2767 = EDGE_CURVE('',#2487,#2760,#2768,.T.);
#2768 = LINE('',#2769,#2770);
#2769 = CARTESIAN_POINT('',(5.866014502726,-46.33169529165,-6.));
#2770 = VECTOR('',#2771,1.);
#2771 = DIRECTION('',(0.,0.,1.));
#2772 = PLANE('',#2773);
#2773 = AXIS2_PLACEMENT_3D('',#2774,#2775,#2776);
#2774 = CARTESIAN_POINT('',(5.866014502726,-52.53169529165,-6.));
#2775 = DIRECTION('',(-1.,0.,0.));
#2776 = DIRECTION('',(0.,1.,0.));
#2777 = ADVANCED_FACE('',(#2778),#2788,.T.);
#2778 = FACE_BOUND('',#2779,.T.);
#2779 = EDGE_LOOP('',(#2780,#2781,#2782));
#2780 = ORIENTED_EDGE('',*,*,#2158,.F.);
#2781 = ORIENTED_EDGE('',*,*,#2759,.T.);
#2782 = ORIENTED_EDGE('',*,*,#2783,.T.);
#2783 = EDGE_CURVE('',#2760,#2151,#2784,.T.);
#2784 = LINE('',#2785,#2786);
#2785 = CARTESIAN_POINT('',(5.866014502726,-46.33169529165,-1.7));
#2786 = VECTOR('',#2787,1.);
#2787 = DIRECTION('',(-1.,0.,0.));
#2788 = PLANE('',#2789);
#2789 = AXIS2_PLACEMENT_3D('',#2790,#2791,#2792);
#2790 = CARTESIAN_POINT('',(39.045735082163,-22.60584983461,-1.7));
#2791 = DIRECTION('',(0.,0.,1.));
#2792 = DIRECTION('',(1.,0.,0.));
#2793 = ADVANCED_FACE('',(#2794),#2800,.F.);
#2794 = FACE_BOUND('',#2795,.F.);
#2795 = EDGE_LOOP('',(#2796,#2797,#2798,#2799));
#2796 = ORIENTED_EDGE('',*,*,#2486,.F.);
#2797 = ORIENTED_EDGE('',*,*,#2767,.T.);
#2798 = ORIENTED_EDGE('',*,*,#2783,.T.);
#2799 = ORIENTED_EDGE('',*,*,#2150,.F.);
#2800 = PLANE('',#2801);
#2801 = AXIS2_PLACEMENT_3D('',#2802,#2803,#2804);
#2802 = CARTESIAN_POINT('',(5.866014502726,-46.33169529165,-6.));
#2803 = DIRECTION('',(0.,-1.,0.));
#2804 = DIRECTION('',(-1.,0.,0.));
#2805 = ADVANCED_FACE('',(#2806),#2812,.F.);
#2806 = FACE_BOUND('',#2807,.F.);
#2807 = EDGE_LOOP('',(#2808,#2809,#2810,#2811));
#2808 = ORIENTED_EDGE('',*,*,#2475,.F.);
#2809 = ORIENTED_EDGE('',*,*,#2280,.F.);
#2810 = ORIENTED_EDGE('',*,*,#2423,.T.);
#2811 = ORIENTED_EDGE('',*,*,#2455,.F.);
#2812 = PLANE('',#2813);
#2813 = AXIS2_PLACEMENT_3D('',#2814,#2815,#2816);
#2814 = CARTESIAN_POINT('',(-0.301509091963,-1.687145919827,-6.));
#2815 = DIRECTION('',(0.,1.,0.));
#2816 = DIRECTION('',(1.,0.,0.));
#2817 = ADVANCED_FACE('',(#2818),#2829,.T.);
#2818 = FACE_BOUND('',#2819,.F.);
#2819 = EDGE_LOOP('',(#2820,#2826,#2827,#2828));
#2820 = ORIENTED_EDGE('',*,*,#2821,.T.);
#2821 = EDGE_CURVE('',#2608,#2338,#2822,.T.);
#2822 = LINE('',#2823,#2824);
#2823 = CARTESIAN_POINT('',(62.633274,-3.05,-6.));
#2824 = VECTOR('',#2825,1.);
#2825 = DIRECTION('',(0.,0.,1.));
#2826 = ORIENTED_EDGE('',*,*,#2337,.T.);
#2827 = ORIENTED_EDGE('',*,*,#2821,.F.);
#2828 = ORIENTED_EDGE('',*,*,#2607,.F.);
#2829 = CYLINDRICAL_SURFACE('',#2830,3.);
#2830 = AXIS2_PLACEMENT_3D('',#2831,#2832,#2833);
#2831 = CARTESIAN_POINT('',(59.633274,-3.05,-6.));
#2832 = DIRECTION('',(-0.,-0.,-1.));
#2833 = DIRECTION('',(1.,0.,0.));
#2834 = ADVANCED_FACE('',(#2835),#2846,.T.);
#2835 = FACE_BOUND('',#2836,.F.);
#2836 = EDGE_LOOP('',(#2837,#2843,#2844,#2845));
#2837 = ORIENTED_EDGE('',*,*,#2838,.T.);
#2838 = EDGE_CURVE('',#2569,#2358,#2839,.T.);
#2839 = LINE('',#2840,#2841);
#2840 = CARTESIAN_POINT('',(26.45,-29.9,-6.));
#2841 = VECTOR('',#2842,1.);
#2842 = DIRECTION('',(0.,0.,1.));
#2843 = ORIENTED_EDGE('',*,*,#2357,.T.);
#2844 = ORIENTED_EDGE('',*,*,#2838,.F.);
#2845 = ORIENTED_EDGE('',*,*,#2568,.F.);
#2846 = CYLINDRICAL_SURFACE('',#2847,3.);
#2847 = AXIS2_PLACEMENT_3D('',#2848,#2849,#2850);
#2848 = CARTESIAN_POINT('',(23.45,-29.9,-6.));
#2849 = DIRECTION('',(-0.,-0.,-1.));
#2850 = DIRECTION('',(1.,0.,0.));
#2851 = ADVANCED_FACE('',(#2852),#2863,.T.);
#2852 = FACE_BOUND('',#2853,.F.);
#2853 = EDGE_LOOP('',(#2854,#2860,#2861,#2862));
#2854 = ORIENTED_EDGE('',*,*,#2855,.T.);
#2855 = EDGE_CURVE('',#2558,#2378,#2856,.T.);
#2856 = LINE('',#2857,#2858);
#2857 = CARTESIAN_POINT('',(6.033274,-26.4,-6.));
#2858 = VECTOR('',#2859,1.);
#2859 = DIRECTION('',(0.,0.,1.));
#2860 = ORIENTED_EDGE('',*,*,#2377,.T.);
#2861 = ORIENTED_EDGE('',*,*,#2855,.F.);
#2862 = ORIENTED_EDGE('',*,*,#2557,.F.);
#2863 = CYLINDRICAL_SURFACE('',#2864,3.);
#2864 = AXIS2_PLACEMENT_3D('',#2865,#2866,#2867);
#2865 = CARTESIAN_POINT('',(3.033274,-26.4,-6.));
#2866 = DIRECTION('',(-0.,-0.,-1.));
#2867 = DIRECTION('',(1.,0.,0.));
#2868 = ADVANCED_FACE('',(#2869),#2888,.T.);
#2869 = FACE_BOUND('',#2870,.F.);
#2870 = EDGE_LOOP('',(#2871,#2879,#2886,#2887));
#2871 = ORIENTED_EDGE('',*,*,#2872,.T.);
#2872 = EDGE_CURVE('',#2580,#2873,#2875,.T.);
#2873 = VERTEX_POINT('',#2874);
#2874 = CARTESIAN_POINT('',(44.172363,-24.937571,-1.7));
#2875 = LINE('',#2876,#2877);
#2876 = CARTESIAN_POINT('',(44.172363,-24.937571,-6.));
#2877 = VECTOR('',#2878,1.);
#2878 = DIRECTION('',(0.,0.,1.));
#2879 = ORIENTED_EDGE('',*,*,#2880,.T.);
#2880 = EDGE_CURVE('',#2873,#2873,#2881,.T.);
#2881 = CIRCLE('',#2882,1.5);
#2882 = AXIS2_PLACEMENT_3D('',#2883,#2884,#2885);
#2883 = CARTESIAN_POINT('',(42.672363,-24.937571,-1.7));
#2884 = DIRECTION('',(0.,0.,1.));
#2885 = DIRECTION('',(1.,0.,0.));
#2886 = ORIENTED_EDGE('',*,*,#2872,.F.);
#2887 = ORIENTED_EDGE('',*,*,#2579,.F.);
#2888 = CYLINDRICAL_SURFACE('',#2889,1.5);
#2889 = AXIS2_PLACEMENT_3D('',#2890,#2891,#2892);
#2890 = CARTESIAN_POINT('',(42.672363,-24.937571,-6.));
#2891 = DIRECTION('',(-0.,-0.,-1.));
#2892 = DIRECTION('',(1.,0.,0.));
#2893 = ADVANCED_FACE('',(#2894),#2913,.T.);
#2894 = FACE_BOUND('',#2895,.F.);
#2895 = EDGE_LOOP('',(#2896,#2904,#2911,#2912));
#2896 = ORIENTED_EDGE('',*,*,#2897,.T.);
#2897 = EDGE_CURVE('',#2594,#2898,#2900,.T.);
#2898 = VERTEX_POINT('',#2899);
#2899 = CARTESIAN_POINT('',(43.800327,-9.947939,-1.7));
#2900 = LINE('',#2901,#2902);
#2901 = CARTESIAN_POINT('',(43.800327,-9.947939,-6.));
#2902 = VECTOR('',#2903,1.);
#2903 = DIRECTION('',(0.,0.,1.));
#2904 = ORIENTED_EDGE('',*,*,#2905,.T.);
#2905 = EDGE_CURVE('',#2898,#2898,#2906,.T.);
#2906 = CIRCLE('',#2907,1.5);
#2907 = AXIS2_PLACEMENT_3D('',#2908,#2909,#2910);
#2908 = CARTESIAN_POINT('',(42.300327,-9.947939,-1.7));
#2909 = DIRECTION('',(0.,0.,1.));
#2910 = DIRECTION('',(1.,0.,0.));
#2911 = ORIENTED_EDGE('',*,*,#2897,.F.);
#2912 = ORIENTED_EDGE('',*,*,#2593,.F.);
#2913 = CYLINDRICAL_SURFACE('',#2914,1.5);
#2914 = AXIS2_PLACEMENT_3D('',#2915,#2916,#2917);
#2915 = CARTESIAN_POINT('',(42.300327,-9.947939,-6.));
#2916 = DIRECTION('',(-0.,-0.,-1.));
#2917 = DIRECTION('',(1.,0.,0.));
#2918 = ADVANCED_FACE('',(#2919),#2922,.T.);
#2919 = FACE_BOUND('',#2920,.T.);
#2920 = EDGE_LOOP('',(#2921));
#2921 = ORIENTED_EDGE('',*,*,#2880,.T.);
#2922 = PLANE('',#2923);
#2923 = AXIS2_PLACEMENT_3D('',#2924,#2925,#2926);
#2924 = CARTESIAN_POINT('',(39.045735082163,-22.60584983461,-1.7));
#2925 = DIRECTION('',(0.,0.,1.));
#2926 = DIRECTION('',(1.,0.,0.));
#2927 = ADVANCED_FACE('',(#2928),#2931,.T.);
#2928 = FACE_BOUND('',#2929,.T.);
#2929 = EDGE_LOOP('',(#2930));
#2930 = ORIENTED_EDGE('',*,*,#2905,.T.);
#2931 = PLANE('',#2932);
#2932 = AXIS2_PLACEMENT_3D('',#2933,#2934,#2935);
#2933 = CARTESIAN_POINT('',(39.045735082163,-22.60584983461,-1.7));
#2934 = DIRECTION('',(0.,0.,1.));
#2935 = DIRECTION('',(1.,0.,0.));
#2936 = ( GEOMETRIC_REPRESENTATION_CONTEXT(3) 
GLOBAL_UNCERTAINTY_ASSIGNED_CONTEXT((#2940)) 
GLOBAL_UNIT_ASSIGNED_CONTEXT((#2937,#2938,#2939)) REPRESENTATION_CONTEXT
('Context #1','3D Context with UNIT and UNCERTAINTY') );
#2937 = ( LENGTH_UNIT() NAMED_UNIT(*) SI_UNIT(.MILLI.,.METRE.) );
#2938 = ( NAMED_UNIT(*) PLANE_ANGLE_UNIT() SI_UNIT($,.RADIAN.) );
#2939 = ( NAMED_UNIT(*) SI_UNIT($,.STERADIAN.) SOLID_ANGLE_UNIT() );
#2940 = UNCERTAINTY_MEASURE_WITH_UNIT(LENGTH_MEASURE(5.E-06),#2937,
  'distance_accuracy_value','confusion accuracy');
#2941 = CONTEXT_DEPENDENT_SHAPE_REPRESENTATION(#2942,#2944);
#2942 = ( REPRESENTATION_RELATIONSHIP('','',#36,#10) 
REPRESENTATION_RELATIONSHIP_WITH_TRANSFORMATION(#2943) 
SHAPE_REPRESENTATION_RELATIONSHIP() );
#2943 = ITEM_DEFINED_TRANSFORMATION('','',#11,#15);
#2944 = PRODUCT_DEFINITION_SHAPE('Placement','Placement of an item',
  #2945);
#2945 = NEXT_ASSEMBLY_USAGE_OCCURRENCE('3','base','',#5,#31,$);
#2946 = PRODUCT_RELATED_PRODUCT_CATEGORY('part',$,(#33));
#2947 = SHAPE_DEFINITION_REPRESENTATION(#2948,#2954);
#2948 = PRODUCT_DEFINITION_SHAPE('','',#2949);
#2949 = PRODUCT_DEFINITION('design','',#2950,#2953);
#2950 = PRODUCT_DEFINITION_FORMATION('','',#2951);
#2951 = PRODUCT('Body','Body','',(#2952));
#2952 = PRODUCT_CONTEXT('',#2,'mechanical');
#2953 = PRODUCT_DEFINITION_CONTEXT('part definition',#2,'design');
#2954 = ADVANCED_BREP_SHAPE_REPRESENTATION('',(#11,#2955),#3631);
#2955 = MANIFOLD_SOLID_BREP('',#2956);
#2956 = CLOSED_SHELL('',(#2957,#2990,#3015,#3158,#3301,#3323,#3340,#3357
    ,#3374,#3391,#3408,#3425,#3442,#3459,#3476,#3493,#3505,#3530,#3555,
    #3580,#3597,#3614));
#2957 = ADVANCED_FACE('',(#2958),#2985,.F.);
#2958 = FACE_BOUND('',#2959,.F.);
#2959 = EDGE_LOOP('',(#2960,#2970,#2977,#2978));
#2960 = ORIENTED_EDGE('',*,*,#2961,.T.);
#2961 = EDGE_CURVE('',#2962,#2964,#2966,.T.);
#2962 = VERTEX_POINT('',#2963);
#2963 = CARTESIAN_POINT('',(86.547892109735,-40.21005231162,-6.5));
#2964 = VERTEX_POINT('',#2965);
#2965 = CARTESIAN_POINT('',(86.547892109735,-40.21005231162,-5.));
#2966 = LINE('',#2967,#2968);
#2967 = CARTESIAN_POINT('',(86.547892109735,-40.21005231162,-8.));
#2968 = VECTOR('',#2969,1.);
#2969 = DIRECTION('',(0.,1.224646799147E-16,1.));
#2970 = ORIENTED_EDGE('',*,*,#2971,.T.);
#2971 = EDGE_CURVE('',#2964,#2964,#2972,.T.);
#2972 = CIRCLE('',#2973,1.25);
#2973 = AXIS2_PLACEMENT_3D('',#2974,#2975,#2976);
#2974 = CARTESIAN_POINT('',(85.297892109735,-40.21005231162,-5.));
#2975 = DIRECTION('',(0.,-1.224646799147E-16,-1.));
#2976 = DIRECTION('',(1.,0.,0.));
#2977 = ORIENTED_EDGE('',*,*,#2961,.F.);
#2978 = ORIENTED_EDGE('',*,*,#2979,.F.);
#2979 = EDGE_CURVE('',#2962,#2962,#2980,.T.);
#2980 = CIRCLE('',#2981,1.25);
#2981 = AXIS2_PLACEMENT_3D('',#2982,#2983,#2984);
#2982 = CARTESIAN_POINT('',(85.297892109735,-40.21005231162,-6.5));
#2983 = DIRECTION('',(0.,-0.,-1.));
#2984 = DIRECTION('',(1.,-1.013367304015E-31,0.));
#2985 = CYLINDRICAL_SURFACE('',#2986,1.25);
#2986 = AXIS2_PLACEMENT_3D('',#2987,#2988,#2989);
#2987 = CARTESIAN_POINT('',(85.297892109735,-40.21005231162,-8.));
#2988 = DIRECTION('',(0.,-1.224646799147E-16,-1.));
#2989 = DIRECTION('',(1.,0.,0.));
#2990 = ADVANCED_FACE('',(#2991),#3010,.F.);
#2991 = FACE_BOUND('',#2992,.F.);
#2992 = EDGE_LOOP('',(#2993,#3001,#3002,#3003));
#2993 = ORIENTED_EDGE('',*,*,#2994,.F.);
#2994 = EDGE_CURVE('',#2962,#2995,#2997,.T.);
#2995 = VERTEX_POINT('',#2996);
#2996 = CARTESIAN_POINT('',(87.295764521816,-40.21005231162,-8.));
#2997 = LINE('',#2998,#2999);
#2998 = CARTESIAN_POINT('',(86.547892109735,-40.21005231162,-6.5));
#2999 = VECTOR('',#3000,1.);
#3000 = DIRECTION('',(0.44619781311,-4.930380657631E-32,-0.894934361602)
  );
#3001 = ORIENTED_EDGE('',*,*,#2979,.T.);
#3002 = ORIENTED_EDGE('',*,*,#2994,.T.);
#3003 = ORIENTED_EDGE('',*,*,#3004,.F.);
#3004 = EDGE_CURVE('',#2995,#2995,#3005,.T.);
#3005 = CIRCLE('',#3006,1.99787241208);
#3006 = AXIS2_PLACEMENT_3D('',#3007,#3008,#3009);
#3007 = CARTESIAN_POINT('',(85.297892109735,-40.21005231162,-8.));
#3008 = DIRECTION('',(0.,-0.,-1.));
#3009 = DIRECTION('',(1.,-1.013367304015E-31,0.));
#3010 = CONICAL_SURFACE('',#3011,1.25,0.462512251778);
#3011 = AXIS2_PLACEMENT_3D('',#3012,#3013,#3014);
#3012 = CARTESIAN_POINT('',(85.297892109735,-40.21005231162,-6.5));
#3013 = DIRECTION('',(0.,0.,-1.));
#3014 = DIRECTION('',(1.,-1.013367304015E-31,0.));
#3015 = ADVANCED_FACE('',(#3016,#3117,#3120,#3131,#3142),#3153,.T.);
#3016 = FACE_BOUND('',#3017,.F.);
#3017 = EDGE_LOOP('',(#3018,#3029,#3037,#3046,#3054,#3063,#3071,#3079,
    #3087,#3095,#3103,#3111));
#3018 = ORIENTED_EDGE('',*,*,#3019,.T.);
#3019 = EDGE_CURVE('',#3020,#3022,#3024,.T.);
#3020 = VERTEX_POINT('',#3021);
#3021 = CARTESIAN_POINT('',(100.70249417496,-35.25343208167,-5.));
#3022 = VERTEX_POINT('',#3023);
#3023 = CARTESIAN_POINT('',(101.85370731208,-37.83780351727,-5.));
#3024 = CIRCLE('',#3025,2.);
#3025 = AXIS2_PLACEMENT_3D('',#3026,#3027,#3028);
#3026 = CARTESIAN_POINT('',(99.986604126828,-37.12091740664,-5.));
#3027 = DIRECTION('',(0.,-1.224646799147E-16,-1.));
#3028 = DIRECTION('',(1.,0.,0.));
#3029 = ORIENTED_EDGE('',*,*,#3030,.T.);
#3030 = EDGE_CURVE('',#3022,#3031,#3033,.T.);
#3031 = VERTEX_POINT('',#3032);
#3032 = CARTESIAN_POINT('',(89.518264346395,-69.96500546915,-5.));
#3033 = LINE('',#3034,#3035);
#3034 = CARTESIAN_POINT('',(101.85370731208,-37.83780351727,-5.));
#3035 = VECTOR('',#3036,1.);
#3036 = DIRECTION('',(-0.358443055316,-0.933551592627,1.143270969749E-16
    ));
#3037 = ORIENTED_EDGE('',*,*,#3038,.T.);
#3038 = EDGE_CURVE('',#3031,#3039,#3041,.T.);
#3039 = VERTEX_POINT('',#3040);
#3040 = CARTESIAN_POINT('',(86.93437112406,-71.11525942899,-5.));
#3041 = CIRCLE('',#3042,2.);
#3042 = AXIS2_PLACEMENT_3D('',#3043,#3044,#3045);
#3043 = CARTESIAN_POINT('',(87.651161161142,-69.24811935852,-5.));
#3044 = DIRECTION('',(0.,-1.224646799147E-16,-1.));
#3045 = DIRECTION('',(1.,0.,0.));
#3046 = ORIENTED_EDGE('',*,*,#3047,.T.);
#3047 = EDGE_CURVE('',#3039,#3048,#3050,.T.);
#3048 = VERTEX_POINT('',#3049);
#3049 = CARTESIAN_POINT('',(63.99459745268,-62.30874218872,-5.));
#3050 = LINE('',#3051,#3052);
#3051 = CARTESIAN_POINT('',(86.93437112406,-71.11525942899,-5.));
#3052 = VECTOR('',#3053,1.);
#3053 = DIRECTION('',(-0.933570035233,0.358395018541,-4.389073122865E-17
    ));
#3054 = ORIENTED_EDGE('',*,*,#3055,.T.);
#3055 = EDGE_CURVE('',#3048,#3056,#3058,.T.);
#3056 = VERTEX_POINT('',#3057);
#3057 = CARTESIAN_POINT('',(33.18765949639,-36.08935652153,-5.));
#3058 = CIRCLE('',#3059,21.);
#3059 = AXIS2_PLACEMENT_3D('',#3060,#3061,#3062);
#3060 = CARTESIAN_POINT('',(52.249992370605,-44.90000152587,-5.));
#3061 = DIRECTION('',(0.,-1.224646799147E-16,-1.));
#3062 = DIRECTION('',(1.,0.,0.));
#3063 = ORIENTED_EDGE('',*,*,#3064,.T.);
#3064 = EDGE_CURVE('',#3056,#3065,#3067,.T.);
#3065 = VERTEX_POINT('',#3066);
#3066 = CARTESIAN_POINT('',(33.993244,-34.619347,-5.));
#3067 = LINE('',#3068,#3069);
#3068 = CARTESIAN_POINT('',(33.18765949639,-36.08935652153,-5.));
#3069 = VECTOR('',#3070,1.);
#3070 = DIRECTION('',(0.480580455988,0.876950640186,-1.073954794514E-16)
  );
#3071 = ORIENTED_EDGE('',*,*,#3072,.T.);
#3072 = EDGE_CURVE('',#3065,#3073,#3075,.T.);
#3073 = VERTEX_POINT('',#3074);
#3074 = CARTESIAN_POINT('',(65.34223,-34.619347,-5.));
#3075 = LINE('',#3076,#3077);
#3076 = CARTESIAN_POINT('',(33.993244,-34.619347,-5.));
#3077 = VECTOR('',#3078,1.);
#3078 = DIRECTION('',(1.,0.,0.));
#3079 = ORIENTED_EDGE('',*,*,#3080,.F.);
#3080 = EDGE_CURVE('',#3081,#3073,#3083,.T.);
#3081 = VERTEX_POINT('',#3082);
#3082 = CARTESIAN_POINT('',(69.833748,-40.86805,-5.));
#3083 = LINE('',#3084,#3085);
#3084 = CARTESIAN_POINT('',(69.833748,-40.86805,-5.));
#3085 = VECTOR('',#3086,1.);
#3086 = DIRECTION('',(-0.583658558436,0.811999191604,-9.944122109075E-17
    ));
#3087 = ORIENTED_EDGE('',*,*,#3088,.F.);
#3088 = EDGE_CURVE('',#3089,#3081,#3091,.T.);
#3089 = VERTEX_POINT('',#3090);
#3090 = CARTESIAN_POINT('',(78.075409,-40.678715,-5.));
#3091 = LINE('',#3092,#3093);
#3092 = CARTESIAN_POINT('',(78.075409,-40.678715,-5.));
#3093 = VECTOR('',#3094,1.);
#3094 = DIRECTION('',(-0.999736226927,-2.296685807936E-02,
    2.812628923336E-18));
#3095 = ORIENTED_EDGE('',*,*,#3096,.T.);
#3096 = EDGE_CURVE('',#3089,#3097,#3099,.T.);
#3097 = VERTEX_POINT('',#3098);
#3098 = CARTESIAN_POINT('',(84.764404,-33.658726,-5.));
#3099 = LINE('',#3100,#3101);
#3100 = CARTESIAN_POINT('',(78.075409,-40.678715,-5.));
#3101 = VECTOR('',#3102,1.);
#3102 = DIRECTION('',(0.689833134692,0.723968401438,-8.866055855047E-17)
  );
#3103 = ORIENTED_EDGE('',*,*,#3104,.T.);
#3104 = EDGE_CURVE('',#3097,#3105,#3107,.T.);
#3105 = VERTEX_POINT('',#3106);
#3106 = CARTESIAN_POINT('',(85.011154742138,-29.2382449251,-5.));
#3107 = LINE('',#3108,#3109);
#3108 = CARTESIAN_POINT('',(84.764404,-33.658726,-5.));
#3109 = VECTOR('',#3110,1.);
#3110 = DIRECTION('',(5.573312353726E-02,0.998445701549,
    -1.222743332524E-16));
#3111 = ORIENTED_EDGE('',*,*,#3112,.F.);
#3112 = EDGE_CURVE('',#3020,#3105,#3113,.T.);
#3113 = LINE('',#3114,#3115);
#3114 = CARTESIAN_POINT('',(100.70249417496,-35.25343208167,-5.));
#3115 = VECTOR('',#3116,1.);
#3116 = DIRECTION('',(-0.933742662486,0.357945024067,-4.383562279943E-17
    ));
#3117 = FACE_BOUND('',#3118,.T.);
#3118 = EDGE_LOOP('',(#3119));
#3119 = ORIENTED_EDGE('',*,*,#2971,.T.);
#3120 = FACE_BOUND('',#3121,.T.);
#3121 = EDGE_LOOP('',(#3122));
#3122 = ORIENTED_EDGE('',*,*,#3123,.T.);
#3123 = EDGE_CURVE('',#3124,#3124,#3126,.T.);
#3124 = VERTEX_POINT('',#3125);
#3125 = CARTESIAN_POINT('',(80.152943658961,-56.86944768327,-5.));
#3126 = CIRCLE('',#3127,1.25);
#3127 = AXIS2_PLACEMENT_3D('',#3128,#3129,#3130);
#3128 = CARTESIAN_POINT('',(78.902943658961,-56.86944768327,-5.));
#3129 = DIRECTION('',(0.,-1.224646799147E-16,-1.));
#3130 = DIRECTION('',(1.,0.,0.));
#3131 = FACE_BOUND('',#3132,.T.);
#3132 = EDGE_LOOP('',(#3133));
#3133 = ORIENTED_EDGE('',*,*,#3134,.T.);
#3134 = EDGE_CURVE('',#3135,#3135,#3137,.T.);
#3135 = VERTEX_POINT('',#3136);
#3136 = CARTESIAN_POINT('',(62.247033024959,-57.39207020128,-5.));
#3137 = CIRCLE('',#3138,1.25);
#3138 = AXIS2_PLACEMENT_3D('',#3139,#3140,#3141);
#3139 = CARTESIAN_POINT('',(60.997033024959,-57.39207020128,-5.));
#3140 = DIRECTION('',(0.,-1.224646799147E-16,-1.));
#3141 = DIRECTION('',(1.,0.,0.));
#3142 = FACE_BOUND('',#3143,.T.);
#3143 = EDGE_LOOP('',(#3144));
#3144 = ORIENTED_EDGE('',*,*,#3145,.T.);
#3145 = EDGE_CURVE('',#3146,#3146,#3148,.T.);
#3146 = VERTEX_POINT('',#3147);
#3147 = CARTESIAN_POINT('',(38.249992370605,-44.90000152587,-5.));
#3148 = CIRCLE('',#3149,1.25);
#3149 = AXIS2_PLACEMENT_3D('',#3150,#3151,#3152);
#3150 = CARTESIAN_POINT('',(36.999992370605,-44.90000152587,-5.));
#3151 = DIRECTION('',(0.,-1.224646799147E-16,-1.));
#3152 = DIRECTION('',(1.,0.,0.));
#3153 = PLANE('',#3154);
#3154 = AXIS2_PLACEMENT_3D('',#3155,#3156,#3157);
#3155 = CARTESIAN_POINT('',(67.750022735918,-48.65613244167,-5.));
#3156 = DIRECTION('',(0.,0.,1.));
#3157 = DIRECTION('',(1.,0.,0.));
#3158 = ADVANCED_FACE('',(#3159,#3170,#3271,#3274,#3285),#3296,.F.);
#3159 = FACE_BOUND('',#3160,.F.);
#3160 = EDGE_LOOP('',(#3161));
#3161 = ORIENTED_EDGE('',*,*,#3162,.T.);
#3162 = EDGE_CURVE('',#3163,#3163,#3165,.T.);
#3163 = VERTEX_POINT('',#3164);
#3164 = CARTESIAN_POINT('',(80.900816071041,-56.86944768327,-8.));
#3165 = CIRCLE('',#3166,1.99787241208);
#3166 = AXIS2_PLACEMENT_3D('',#3167,#3168,#3169);
#3167 = CARTESIAN_POINT('',(78.902943658961,-56.86944768327,-8.));
#3168 = DIRECTION('',(0.,0.,-1.));
#3169 = DIRECTION('',(1.,9.854399905339E-32,0.));
#3170 = FACE_BOUND('',#3171,.T.);
#3171 = EDGE_LOOP('',(#3172,#3183,#3191,#3200,#3208,#3217,#3225,#3233,
    #3241,#3249,#3257,#3265));
#3172 = ORIENTED_EDGE('',*,*,#3173,.T.);
#3173 = EDGE_CURVE('',#3174,#3176,#3178,.T.);
#3174 = VERTEX_POINT('',#3175);
#3175 = CARTESIAN_POINT('',(100.70249417496,-35.25343208167,-8.));
#3176 = VERTEX_POINT('',#3177);
#3177 = CARTESIAN_POINT('',(101.85370731208,-37.83780351727,-8.));
#3178 = CIRCLE('',#3179,2.);
#3179 = AXIS2_PLACEMENT_3D('',#3180,#3181,#3182);
#3180 = CARTESIAN_POINT('',(99.986604126828,-37.12091740664,-8.));
#3181 = DIRECTION('',(0.,-1.224646799147E-16,-1.));
#3182 = DIRECTION('',(1.,0.,0.));
#3183 = ORIENTED_EDGE('',*,*,#3184,.T.);
#3184 = EDGE_CURVE('',#3176,#3185,#3187,.T.);
#3185 = VERTEX_POINT('',#3186);
#3186 = CARTESIAN_POINT('',(89.518264346395,-69.96500546915,-8.));
#3187 = LINE('',#3188,#3189);
#3188 = CARTESIAN_POINT('',(101.85370731208,-37.83780351727,-8.));
#3189 = VECTOR('',#3190,1.);
#3190 = DIRECTION('',(-0.358443055316,-0.933551592627,1.143270969749E-16
    ));
#3191 = ORIENTED_EDGE('',*,*,#3192,.T.);
#3192 = EDGE_CURVE('',#3185,#3193,#3195,.T.);
#3193 = VERTEX_POINT('',#3194);
#3194 = CARTESIAN_POINT('',(86.93437112406,-71.11525942899,-8.));
#3195 = CIRCLE('',#3196,2.);
#3196 = AXIS2_PLACEMENT_3D('',#3197,#3198,#3199);
#3197 = CARTESIAN_POINT('',(87.651161161142,-69.24811935852,-8.));
#3198 = DIRECTION('',(0.,-1.224646799147E-16,-1.));
#3199 = DIRECTION('',(1.,0.,0.));
#3200 = ORIENTED_EDGE('',*,*,#3201,.T.);
#3201 = EDGE_CURVE('',#3193,#3202,#3204,.T.);
#3202 = VERTEX_POINT('',#3203);
#3203 = CARTESIAN_POINT('',(63.99459745268,-62.30874218872,-8.));
#3204 = LINE('',#3205,#3206);
#3205 = CARTESIAN_POINT('',(86.93437112406,-71.11525942899,-8.));
#3206 = VECTOR('',#3207,1.);
#3207 = DIRECTION('',(-0.933570035233,0.358395018541,-4.389073122865E-17
    ));
#3208 = ORIENTED_EDGE('',*,*,#3209,.T.);
#3209 = EDGE_CURVE('',#3202,#3210,#3212,.T.);
#3210 = VERTEX_POINT('',#3211);
#3211 = CARTESIAN_POINT('',(33.18765949639,-36.08935652153,-8.));
#3212 = CIRCLE('',#3213,21.);
#3213 = AXIS2_PLACEMENT_3D('',#3214,#3215,#3216);
#3214 = CARTESIAN_POINT('',(52.249992370605,-44.90000152587,-8.));
#3215 = DIRECTION('',(0.,-1.224646799147E-16,-1.));
#3216 = DIRECTION('',(1.,0.,0.));
#3217 = ORIENTED_EDGE('',*,*,#3218,.T.);
#3218 = EDGE_CURVE('',#3210,#3219,#3221,.T.);
#3219 = VERTEX_POINT('',#3220);
#3220 = CARTESIAN_POINT('',(33.993244,-34.619347,-8.));
#3221 = LINE('',#3222,#3223);
#3222 = CARTESIAN_POINT('',(33.18765949639,-36.08935652153,-8.));
#3223 = VECTOR('',#3224,1.);
#3224 = DIRECTION('',(0.480580455988,0.876950640186,-1.073954794514E-16)
  );
#3225 = ORIENTED_EDGE('',*,*,#3226,.T.);
#3226 = EDGE_CURVE('',#3219,#3227,#3229,.T.);
#3227 = VERTEX_POINT('',#3228);
#3228 = CARTESIAN_POINT('',(65.34223,-34.619347,-8.));
#3229 = LINE('',#3230,#3231);
#3230 = CARTESIAN_POINT('',(33.993244,-34.619347,-8.));
#3231 = VECTOR('',#3232,1.);
#3232 = DIRECTION('',(1.,0.,0.));
#3233 = ORIENTED_EDGE('',*,*,#3234,.F.);
#3234 = EDGE_CURVE('',#3235,#3227,#3237,.T.);
#3235 = VERTEX_POINT('',#3236);
#3236 = CARTESIAN_POINT('',(69.833748,-40.86805,-8.));
#3237 = LINE('',#3238,#3239);
#3238 = CARTESIAN_POINT('',(69.833748,-40.86805,-8.));
#3239 = VECTOR('',#3240,1.);
#3240 = DIRECTION('',(-0.583658558436,0.811999191604,-9.944122109075E-17
    ));
#3241 = ORIENTED_EDGE('',*,*,#3242,.F.);
#3242 = EDGE_CURVE('',#3243,#3235,#3245,.T.);
#3243 = VERTEX_POINT('',#3244);
#3244 = CARTESIAN_POINT('',(78.075409,-40.678715,-8.));
#3245 = LINE('',#3246,#3247);
#3246 = CARTESIAN_POINT('',(78.075409,-40.678715,-8.));
#3247 = VECTOR('',#3248,1.);
#3248 = DIRECTION('',(-0.999736226927,-2.296685807936E-02,
    2.812628923336E-18));
#3249 = ORIENTED_EDGE('',*,*,#3250,.T.);
#3250 = EDGE_CURVE('',#3243,#3251,#3253,.T.);
#3251 = VERTEX_POINT('',#3252);
#3252 = CARTESIAN_POINT('',(84.764404,-33.658726,-8.));
#3253 = LINE('',#3254,#3255);
#3254 = CARTESIAN_POINT('',(78.075409,-40.678715,-8.));
#3255 = VECTOR('',#3256,1.);
#3256 = DIRECTION('',(0.689833134692,0.723968401438,-8.866055855047E-17)
  );
#3257 = ORIENTED_EDGE('',*,*,#3258,.T.);
#3258 = EDGE_CURVE('',#3251,#3259,#3261,.T.);
#3259 = VERTEX_POINT('',#3260);
#3260 = CARTESIAN_POINT('',(85.011154742138,-29.2382449251,-8.));
#3261 = LINE('',#3262,#3263);
#3262 = CARTESIAN_POINT('',(84.764404,-33.658726,-8.));
#3263 = VECTOR('',#3264,1.);
#3264 = DIRECTION('',(5.573312353726E-02,0.998445701549,
    -1.222743332524E-16));
#3265 = ORIENTED_EDGE('',*,*,#3266,.F.);
#3266 = EDGE_CURVE('',#3174,#3259,#3267,.T.);
#3267 = LINE('',#3268,#3269);
#3268 = CARTESIAN_POINT('',(100.70249417496,-35.25343208167,-8.));
#3269 = VECTOR('',#3270,1.);
#3270 = DIRECTION('',(-0.933742662486,0.357945024067,-4.383562279943E-17
    ));
#3271 = FACE_BOUND('',#3272,.F.);
#3272 = EDGE_LOOP('',(#3273));
#3273 = ORIENTED_EDGE('',*,*,#3004,.T.);
#3274 = FACE_BOUND('',#3275,.F.);
#3275 = EDGE_LOOP('',(#3276));
#3276 = ORIENTED_EDGE('',*,*,#3277,.T.);
#3277 = EDGE_CURVE('',#3278,#3278,#3280,.T.);
#3278 = VERTEX_POINT('',#3279);
#3279 = CARTESIAN_POINT('',(62.994905437039,-57.39207020128,-8.));
#3280 = CIRCLE('',#3281,1.99787241208);
#3281 = AXIS2_PLACEMENT_3D('',#3282,#3283,#3284);
#3282 = CARTESIAN_POINT('',(60.997033024959,-57.39207020128,-8.));
#3283 = DIRECTION('',(0.,0.,-1.));
#3284 = DIRECTION('',(1.,1.048144649256E-31,0.));
#3285 = FACE_BOUND('',#3286,.F.);
#3286 = EDGE_LOOP('',(#3287));
#3287 = ORIENTED_EDGE('',*,*,#3288,.T.);
#3288 = EDGE_CURVE('',#3289,#3289,#3291,.T.);
#3289 = VERTEX_POINT('',#3290);
#3290 = CARTESIAN_POINT('',(38.997864782686,-44.90000152587,-8.));
#3291 = CIRCLE('',#3292,1.99787241208);
#3292 = AXIS2_PLACEMENT_3D('',#3293,#3294,#3295);
#3293 = CARTESIAN_POINT('',(36.999992370605,-44.90000152587,-8.));
#3294 = DIRECTION('',(0.,-0.,-1.));
#3295 = DIRECTION('',(1.,-4.506635268737E-32,0.));
#3296 = PLANE('',#3297);
#3297 = AXIS2_PLACEMENT_3D('',#3298,#3299,#3300);
#3298 = CARTESIAN_POINT('',(67.750022735918,-48.65613244167,-8.));
#3299 = DIRECTION('',(0.,0.,1.));
#3300 = DIRECTION('',(1.,0.,0.));
#3301 = ADVANCED_FACE('',(#3302),#3318,.T.);
#3302 = FACE_BOUND('',#3303,.T.);
#3303 = EDGE_LOOP('',(#3304,#3310,#3311,#3317));
#3304 = ORIENTED_EDGE('',*,*,#3305,.T.);
#3305 = EDGE_CURVE('',#3174,#3020,#3306,.T.);
#3306 = LINE('',#3307,#3308);
#3307 = CARTESIAN_POINT('',(100.70249417496,-35.25343208167,-8.));
#3308 = VECTOR('',#3309,1.);
#3309 = DIRECTION('',(0.,1.224646799147E-16,1.));
#3310 = ORIENTED_EDGE('',*,*,#3019,.T.);
#3311 = ORIENTED_EDGE('',*,*,#3312,.F.);
#3312 = EDGE_CURVE('',#3176,#3022,#3313,.T.);
#3313 = LINE('',#3314,#3315);
#3314 = CARTESIAN_POINT('',(101.85370731208,-37.83780351727,-8.));
#3315 = VECTOR('',#3316,1.);
#3316 = DIRECTION('',(0.,1.224646799147E-16,1.));
#3317 = ORIENTED_EDGE('',*,*,#3173,.F.);
#3318 = CYLINDRICAL_SURFACE('',#3319,2.);
#3319 = AXIS2_PLACEMENT_3D('',#3320,#3321,#3322);
#3320 = CARTESIAN_POINT('',(99.986604126828,-37.12091740664,-8.));
#3321 = DIRECTION('',(0.,-1.224646799147E-16,-1.));
#3322 = DIRECTION('',(1.,0.,0.));
#3323 = ADVANCED_FACE('',(#3324),#3335,.T.);
#3324 = FACE_BOUND('',#3325,.T.);
#3325 = EDGE_LOOP('',(#3326,#3327,#3328,#3334));
#3326 = ORIENTED_EDGE('',*,*,#3312,.T.);
#3327 = ORIENTED_EDGE('',*,*,#3030,.T.);
#3328 = ORIENTED_EDGE('',*,*,#3329,.F.);
#3329 = EDGE_CURVE('',#3185,#3031,#3330,.T.);
#3330 = LINE('',#3331,#3332);
#3331 = CARTESIAN_POINT('',(89.518264346395,-69.96500546915,-8.));
#3332 = VECTOR('',#3333,1.);
#3333 = DIRECTION('',(0.,1.224646799147E-16,1.));
#3334 = ORIENTED_EDGE('',*,*,#3184,.F.);
#3335 = PLANE('',#3336);
#3336 = AXIS2_PLACEMENT_3D('',#3337,#3338,#3339);
#3337 = CARTESIAN_POINT('',(101.85370731208,-37.83780351727,-8.));
#3338 = DIRECTION('',(0.933551592627,-0.358443055316,4.389661403688E-17)
  );
#3339 = DIRECTION('',(-0.358443055316,-0.933551592627,1.143270969749E-16
    ));
#3340 = ADVANCED_FACE('',(#3341),#3352,.T.);
#3341 = FACE_BOUND('',#3342,.T.);
#3342 = EDGE_LOOP('',(#3343,#3344,#3345,#3351));
#3343 = ORIENTED_EDGE('',*,*,#3329,.T.);
#3344 = ORIENTED_EDGE('',*,*,#3038,.T.);
#3345 = ORIENTED_EDGE('',*,*,#3346,.F.);
#3346 = EDGE_CURVE('',#3193,#3039,#3347,.T.);
#3347 = LINE('',#3348,#3349);
#3348 = CARTESIAN_POINT('',(86.93437112406,-71.11525942899,-8.));
#3349 = VECTOR('',#3350,1.);
#3350 = DIRECTION('',(0.,1.224646799147E-16,1.));
#3351 = ORIENTED_EDGE('',*,*,#3192,.F.);
#3352 = CYLINDRICAL_SURFACE('',#3353,2.);
#3353 = AXIS2_PLACEMENT_3D('',#3354,#3355,#3356);
#3354 = CARTESIAN_POINT('',(87.651161161142,-69.24811935852,-8.));
#3355 = DIRECTION('',(0.,-1.224646799147E-16,-1.));
#3356 = DIRECTION('',(1.,0.,0.));
#3357 = ADVANCED_FACE('',(#3358),#3369,.T.);
#3358 = FACE_BOUND('',#3359,.T.);
#3359 = EDGE_LOOP('',(#3360,#3361,#3362,#3368));
#3360 = ORIENTED_EDGE('',*,*,#3346,.T.);
#3361 = ORIENTED_EDGE('',*,*,#3047,.T.);
#3362 = ORIENTED_EDGE('',*,*,#3363,.F.);
#3363 = EDGE_CURVE('',#3202,#3048,#3364,.T.);
#3364 = LINE('',#3365,#3366);
#3365 = CARTESIAN_POINT('',(63.99459745268,-62.30874218872,-8.));
#3366 = VECTOR('',#3367,1.);
#3367 = DIRECTION('',(0.,1.224646799147E-16,1.));
#3368 = ORIENTED_EDGE('',*,*,#3201,.F.);
#3369 = PLANE('',#3370);
#3370 = AXIS2_PLACEMENT_3D('',#3371,#3372,#3373);
#3371 = CARTESIAN_POINT('',(86.93437112406,-71.11525942899,-8.));
#3372 = DIRECTION('',(-0.358395018541,-0.933570035233,1.143293555428E-16
    ));
#3373 = DIRECTION('',(-0.933570035233,0.358395018541,-4.389073122865E-17
    ));
#3374 = ADVANCED_FACE('',(#3375),#3386,.T.);
#3375 = FACE_BOUND('',#3376,.T.);
#3376 = EDGE_LOOP('',(#3377,#3378,#3379,#3385));
#3377 = ORIENTED_EDGE('',*,*,#3363,.T.);
#3378 = ORIENTED_EDGE('',*,*,#3055,.T.);
#3379 = ORIENTED_EDGE('',*,*,#3380,.F.);
#3380 = EDGE_CURVE('',#3210,#3056,#3381,.T.);
#3381 = LINE('',#3382,#3383);
#3382 = CARTESIAN_POINT('',(33.18765949639,-36.08935652153,-8.));
#3383 = VECTOR('',#3384,1.);
#3384 = DIRECTION('',(0.,1.224646799147E-16,1.));
#3385 = ORIENTED_EDGE('',*,*,#3209,.F.);
#3386 = CYLINDRICAL_SURFACE('',#3387,21.);
#3387 = AXIS2_PLACEMENT_3D('',#3388,#3389,#3390);
#3388 = CARTESIAN_POINT('',(52.249992370605,-44.90000152587,-8.));
#3389 = DIRECTION('',(0.,-1.224646799147E-16,-1.));
#3390 = DIRECTION('',(1.,0.,0.));
#3391 = ADVANCED_FACE('',(#3392),#3403,.T.);
#3392 = FACE_BOUND('',#3393,.T.);
#3393 = EDGE_LOOP('',(#3394,#3395,#3396,#3402));
#3394 = ORIENTED_EDGE('',*,*,#3380,.T.);
#3395 = ORIENTED_EDGE('',*,*,#3064,.T.);
#3396 = ORIENTED_EDGE('',*,*,#3397,.F.);
#3397 = EDGE_CURVE('',#3219,#3065,#3398,.T.);
#3398 = LINE('',#3399,#3400);
#3399 = CARTESIAN_POINT('',(33.993244,-34.619347,-8.));
#3400 = VECTOR('',#3401,1.);
#3401 = DIRECTION('',(0.,1.224646799147E-16,1.));
#3402 = ORIENTED_EDGE('',*,*,#3218,.F.);
#3403 = PLANE('',#3404);
#3404 = AXIS2_PLACEMENT_3D('',#3405,#3406,#3407);
#3405 = CARTESIAN_POINT('',(33.18765949639,-36.08935652153,-8.));
#3406 = DIRECTION('',(-0.876950640186,0.480580455988,-5.885413171582E-17
    ));
#3407 = DIRECTION('',(0.480580455988,0.876950640186,-1.073954794514E-16)
  );
#3408 = ADVANCED_FACE('',(#3409),#3420,.T.);
#3409 = FACE_BOUND('',#3410,.T.);
#3410 = EDGE_LOOP('',(#3411,#3412,#3413,#3419));
#3411 = ORIENTED_EDGE('',*,*,#3397,.T.);
#3412 = ORIENTED_EDGE('',*,*,#3072,.T.);
#3413 = ORIENTED_EDGE('',*,*,#3414,.F.);
#3414 = EDGE_CURVE('',#3227,#3073,#3415,.T.);
#3415 = LINE('',#3416,#3417);
#3416 = CARTESIAN_POINT('',(65.34223,-34.619347,-8.));
#3417 = VECTOR('',#3418,1.);
#3418 = DIRECTION('',(0.,1.224646799147E-16,1.));
#3419 = ORIENTED_EDGE('',*,*,#3226,.F.);
#3420 = PLANE('',#3421);
#3421 = AXIS2_PLACEMENT_3D('',#3422,#3423,#3424);
#3422 = CARTESIAN_POINT('',(33.993244,-34.619347,-8.));
#3423 = DIRECTION('',(0.,1.,-1.224646799147E-16));
#3424 = DIRECTION('',(1.,0.,0.));
#3425 = ADVANCED_FACE('',(#3426),#3437,.F.);
#3426 = FACE_BOUND('',#3427,.F.);
#3427 = EDGE_LOOP('',(#3428,#3434,#3435,#3436));
#3428 = ORIENTED_EDGE('',*,*,#3429,.T.);
#3429 = EDGE_CURVE('',#3235,#3081,#3430,.T.);
#3430 = LINE('',#3431,#3432);
#3431 = CARTESIAN_POINT('',(69.833748,-40.86805,-8.));
#3432 = VECTOR('',#3433,1.);
#3433 = DIRECTION('',(0.,1.224646799147E-16,1.));
#3434 = ORIENTED_EDGE('',*,*,#3080,.T.);
#3435 = ORIENTED_EDGE('',*,*,#3414,.F.);
#3436 = ORIENTED_EDGE('',*,*,#3234,.F.);
#3437 = PLANE('',#3438);
#3438 = AXIS2_PLACEMENT_3D('',#3439,#3440,#3441);
#3439 = CARTESIAN_POINT('',(69.833748,-40.86805,-8.));
#3440 = DIRECTION('',(-0.811999191604,-0.583658558436,7.147755853832E-17
    ));
#3441 = DIRECTION('',(-0.583658558436,0.811999191604,-9.944122109075E-17
    ));
#3442 = ADVANCED_FACE('',(#3443),#3454,.F.);
#3443 = FACE_BOUND('',#3444,.F.);
#3444 = EDGE_LOOP('',(#3445,#3451,#3452,#3453));
#3445 = ORIENTED_EDGE('',*,*,#3446,.T.);
#3446 = EDGE_CURVE('',#3243,#3089,#3447,.T.);
#3447 = LINE('',#3448,#3449);
#3448 = CARTESIAN_POINT('',(78.075409,-40.678715,-8.));
#3449 = VECTOR('',#3450,1.);
#3450 = DIRECTION('',(0.,1.224646799147E-16,1.));
#3451 = ORIENTED_EDGE('',*,*,#3088,.T.);
#3452 = ORIENTED_EDGE('',*,*,#3429,.F.);
#3453 = ORIENTED_EDGE('',*,*,#3242,.F.);
#3454 = PLANE('',#3455);
#3455 = AXIS2_PLACEMENT_3D('',#3456,#3457,#3458);
#3456 = CARTESIAN_POINT('',(78.075409,-40.678715,-8.));
#3457 = DIRECTION('',(2.296685807936E-02,-0.999736226927,
    1.224323770298E-16));
#3458 = DIRECTION('',(-0.999736226927,-2.296685807936E-02,
    2.812628923336E-18));
#3459 = ADVANCED_FACE('',(#3460),#3471,.T.);
#3460 = FACE_BOUND('',#3461,.T.);
#3461 = EDGE_LOOP('',(#3462,#3463,#3464,#3470));
#3462 = ORIENTED_EDGE('',*,*,#3446,.T.);
#3463 = ORIENTED_EDGE('',*,*,#3096,.T.);
#3464 = ORIENTED_EDGE('',*,*,#3465,.F.);
#3465 = EDGE_CURVE('',#3251,#3097,#3466,.T.);
#3466 = LINE('',#3467,#3468);
#3467 = CARTESIAN_POINT('',(84.764404,-33.658726,-8.));
#3468 = VECTOR('',#3469,1.);
#3469 = DIRECTION('',(0.,1.224646799147E-16,1.));
#3470 = ORIENTED_EDGE('',*,*,#3250,.F.);
#3471 = PLANE('',#3472);
#3472 = AXIS2_PLACEMENT_3D('',#3473,#3474,#3475);
#3473 = CARTESIAN_POINT('',(78.075409,-40.678715,-8.));
#3474 = DIRECTION('',(-0.723968401438,0.689833134692,-8.448019403468E-17
    ));
#3475 = DIRECTION('',(0.689833134692,0.723968401438,-8.866055855047E-17)
  );
#3476 = ADVANCED_FACE('',(#3477),#3488,.T.);
#3477 = FACE_BOUND('',#3478,.T.);
#3478 = EDGE_LOOP('',(#3479,#3480,#3481,#3487));
#3479 = ORIENTED_EDGE('',*,*,#3465,.T.);
#3480 = ORIENTED_EDGE('',*,*,#3104,.T.);
#3481 = ORIENTED_EDGE('',*,*,#3482,.F.);
#3482 = EDGE_CURVE('',#3259,#3105,#3483,.T.);
#3483 = LINE('',#3484,#3485);
#3484 = CARTESIAN_POINT('',(85.011154742138,-29.2382449251,-8.));
#3485 = VECTOR('',#3486,1.);
#3486 = DIRECTION('',(0.,1.224646799147E-16,1.));
#3487 = ORIENTED_EDGE('',*,*,#3258,.F.);
#3488 = PLANE('',#3489);
#3489 = AXIS2_PLACEMENT_3D('',#3490,#3491,#3492);
#3490 = CARTESIAN_POINT('',(84.764404,-33.658726,-8.));
#3491 = DIRECTION('',(-0.998445701549,5.573312353726E-02,
    -6.825339134639E-18));
#3492 = DIRECTION('',(5.573312353726E-02,0.998445701549,
    -1.222743332524E-16));
#3493 = ADVANCED_FACE('',(#3494),#3500,.F.);
#3494 = FACE_BOUND('',#3495,.F.);
#3495 = EDGE_LOOP('',(#3496,#3497,#3498,#3499));
#3496 = ORIENTED_EDGE('',*,*,#3305,.T.);
#3497 = ORIENTED_EDGE('',*,*,#3112,.T.);
#3498 = ORIENTED_EDGE('',*,*,#3482,.F.);
#3499 = ORIENTED_EDGE('',*,*,#3266,.F.);
#3500 = PLANE('',#3501);
#3501 = AXIS2_PLACEMENT_3D('',#3502,#3503,#3504);
#3502 = CARTESIAN_POINT('',(100.70249417496,-35.25343208167,-8.));
#3503 = DIRECTION('',(-0.357945024067,-0.933742662486,1.14350496284E-16)
  );
#3504 = DIRECTION('',(-0.933742662486,0.357945024067,-4.383562279943E-17
    ));
#3505 = ADVANCED_FACE('',(#3506),#3525,.F.);
#3506 = FACE_BOUND('',#3507,.F.);
#3507 = EDGE_LOOP('',(#3508,#3516,#3517,#3518));
#3508 = ORIENTED_EDGE('',*,*,#3509,.T.);
#3509 = EDGE_CURVE('',#3510,#3124,#3512,.T.);
#3510 = VERTEX_POINT('',#3511);
#3511 = CARTESIAN_POINT('',(80.152943658961,-56.86944768327,-6.5));
#3512 = LINE('',#3513,#3514);
#3513 = CARTESIAN_POINT('',(80.152943658961,-56.86944768327,-8.));
#3514 = VECTOR('',#3515,1.);
#3515 = DIRECTION('',(0.,1.224646799147E-16,1.));
#3516 = ORIENTED_EDGE('',*,*,#3123,.T.);
#3517 = ORIENTED_EDGE('',*,*,#3509,.F.);
#3518 = ORIENTED_EDGE('',*,*,#3519,.F.);
#3519 = EDGE_CURVE('',#3510,#3510,#3520,.T.);
#3520 = CIRCLE('',#3521,1.25);
#3521 = AXIS2_PLACEMENT_3D('',#3522,#3523,#3524);
#3522 = CARTESIAN_POINT('',(78.902943658961,-56.86944768327,-6.5));
#3523 = DIRECTION('',(0.,0.,-1.));
#3524 = DIRECTION('',(1.,9.854399905339E-32,0.));
#3525 = CYLINDRICAL_SURFACE('',#3526,1.25);
#3526 = AXIS2_PLACEMENT_3D('',#3527,#3528,#3529);
#3527 = CARTESIAN_POINT('',(78.902943658961,-56.86944768327,-8.));
#3528 = DIRECTION('',(0.,-1.224646799147E-16,-1.));
#3529 = DIRECTION('',(1.,0.,0.));
#3530 = ADVANCED_FACE('',(#3531),#3550,.F.);
#3531 = FACE_BOUND('',#3532,.F.);
#3532 = EDGE_LOOP('',(#3533,#3541,#3542,#3543));
#3533 = ORIENTED_EDGE('',*,*,#3534,.T.);
#3534 = EDGE_CURVE('',#3535,#3135,#3537,.T.);
#3535 = VERTEX_POINT('',#3536);
#3536 = CARTESIAN_POINT('',(62.247033024959,-57.39207020128,-6.5));
#3537 = LINE('',#3538,#3539);
#3538 = CARTESIAN_POINT('',(62.247033024959,-57.39207020128,-8.));
#3539 = VECTOR('',#3540,1.);
#3540 = DIRECTION('',(0.,1.224646799147E-16,1.));
#3541 = ORIENTED_EDGE('',*,*,#3134,.T.);
#3542 = ORIENTED_EDGE('',*,*,#3534,.F.);
#3543 = ORIENTED_EDGE('',*,*,#3544,.F.);
#3544 = EDGE_CURVE('',#3535,#3535,#3545,.T.);
#3545 = CIRCLE('',#3546,1.25);
#3546 = AXIS2_PLACEMENT_3D('',#3547,#3548,#3549);
#3547 = CARTESIAN_POINT('',(60.997033024959,-57.39207020128,-6.5));
#3548 = DIRECTION('',(0.,0.,-1.));
#3549 = DIRECTION('',(1.,1.048144649256E-31,0.));
#3550 = CYLINDRICAL_SURFACE('',#3551,1.25);
#3551 = AXIS2_PLACEMENT_3D('',#3552,#3553,#3554);
#3552 = CARTESIAN_POINT('',(60.997033024959,-57.39207020128,-8.));
#3553 = DIRECTION('',(0.,-1.224646799147E-16,-1.));
#3554 = DIRECTION('',(1.,0.,0.));
#3555 = ADVANCED_FACE('',(#3556),#3575,.F.);
#3556 = FACE_BOUND('',#3557,.F.);
#3557 = EDGE_LOOP('',(#3558,#3566,#3567,#3568));
#3558 = ORIENTED_EDGE('',*,*,#3559,.T.);
#3559 = EDGE_CURVE('',#3560,#3146,#3562,.T.);
#3560 = VERTEX_POINT('',#3561);
#3561 = CARTESIAN_POINT('',(38.249992370605,-44.90000152587,-6.5));
#3562 = LINE('',#3563,#3564);
#3563 = CARTESIAN_POINT('',(38.249992370605,-44.90000152587,-8.));
#3564 = VECTOR('',#3565,1.);
#3565 = DIRECTION('',(0.,1.224646799147E-16,1.));
#3566 = ORIENTED_EDGE('',*,*,#3145,.T.);
#3567 = ORIENTED_EDGE('',*,*,#3559,.F.);
#3568 = ORIENTED_EDGE('',*,*,#3569,.F.);
#3569 = EDGE_CURVE('',#3560,#3560,#3570,.T.);
#3570 = CIRCLE('',#3571,1.25);
#3571 = AXIS2_PLACEMENT_3D('',#3572,#3573,#3574);
#3572 = CARTESIAN_POINT('',(36.999992370605,-44.90000152587,-6.5));
#3573 = DIRECTION('',(0.,-0.,-1.));
#3574 = DIRECTION('',(1.,-4.506635268737E-32,0.));
#3575 = CYLINDRICAL_SURFACE('',#3576,1.25);
#3576 = AXIS2_PLACEMENT_3D('',#3577,#3578,#3579);
#3577 = CARTESIAN_POINT('',(36.999992370605,-44.90000152587,-8.));
#3578 = DIRECTION('',(0.,-1.224646799147E-16,-1.));
#3579 = DIRECTION('',(1.,0.,0.));
#3580 = ADVANCED_FACE('',(#3581),#3592,.F.);
#3581 = FACE_BOUND('',#3582,.F.);
#3582 = EDGE_LOOP('',(#3583,#3589,#3590,#3591));
#3583 = ORIENTED_EDGE('',*,*,#3584,.F.);
#3584 = EDGE_CURVE('',#3510,#3163,#3585,.T.);
#3585 = LINE('',#3586,#3587);
#3586 = CARTESIAN_POINT('',(80.152943658961,-56.86944768327,-6.5));
#3587 = VECTOR('',#3588,1.);
#3588 = DIRECTION('',(0.44619781311,4.930380657631E-32,-0.894934361602)
  );
#3589 = ORIENTED_EDGE('',*,*,#3519,.T.);
#3590 = ORIENTED_EDGE('',*,*,#3584,.T.);
#3591 = ORIENTED_EDGE('',*,*,#3162,.F.);
#3592 = CONICAL_SURFACE('',#3593,1.25,0.462512251778);
#3593 = AXIS2_PLACEMENT_3D('',#3594,#3595,#3596);
#3594 = CARTESIAN_POINT('',(78.902943658961,-56.86944768327,-6.5));
#3595 = DIRECTION('',(0.,0.,-1.));
#3596 = DIRECTION('',(1.,9.854399905339E-32,0.));
#3597 = ADVANCED_FACE('',(#3598),#3609,.F.);
#3598 = FACE_BOUND('',#3599,.F.);
#3599 = EDGE_LOOP('',(#3600,#3606,#3607,#3608));
#3600 = ORIENTED_EDGE('',*,*,#3601,.F.);
#3601 = EDGE_CURVE('',#3535,#3278,#3602,.T.);
#3602 = LINE('',#3603,#3604);
#3603 = CARTESIAN_POINT('',(62.247033024959,-57.39207020128,-6.5));
#3604 = VECTOR('',#3605,1.);
#3605 = DIRECTION('',(0.44619781311,4.930380657631E-32,-0.894934361602)
  );
#3606 = ORIENTED_EDGE('',*,*,#3544,.T.);
#3607 = ORIENTED_EDGE('',*,*,#3601,.T.);
#3608 = ORIENTED_EDGE('',*,*,#3277,.F.);
#3609 = CONICAL_SURFACE('',#3610,1.25,0.462512251778);
#3610 = AXIS2_PLACEMENT_3D('',#3611,#3612,#3613);
#3611 = CARTESIAN_POINT('',(60.997033024959,-57.39207020128,-6.5));
#3612 = DIRECTION('',(0.,0.,-1.));
#3613 = DIRECTION('',(1.,1.048144649256E-31,0.));
#3614 = ADVANCED_FACE('',(#3615),#3626,.F.);
#3615 = FACE_BOUND('',#3616,.F.);
#3616 = EDGE_LOOP('',(#3617,#3623,#3624,#3625));
#3617 = ORIENTED_EDGE('',*,*,#3618,.F.);
#3618 = EDGE_CURVE('',#3560,#3289,#3619,.T.);
#3619 = LINE('',#3620,#3621);
#3620 = CARTESIAN_POINT('',(38.249992370605,-44.90000152587,-6.5));
#3621 = VECTOR('',#3622,1.);
#3622 = DIRECTION('',(0.44619781311,-2.465190328816E-32,-0.894934361602)
  );
#3623 = ORIENTED_EDGE('',*,*,#3569,.T.);
#3624 = ORIENTED_EDGE('',*,*,#3618,.T.);
#3625 = ORIENTED_EDGE('',*,*,#3288,.F.);
#3626 = CONICAL_SURFACE('',#3627,1.25,0.462512251778);
#3627 = AXIS2_PLACEMENT_3D('',#3628,#3629,#3630);
#3628 = CARTESIAN_POINT('',(36.999992370605,-44.90000152587,-6.5));
#3629 = DIRECTION('',(0.,0.,-1.));
#3630 = DIRECTION('',(1.,-4.506635268737E-32,0.));
#3631 = ( GEOMETRIC_REPRESENTATION_CONTEXT(3) 
GLOBAL_UNCERTAINTY_ASSIGNED_CONTEXT((#3635)) 
GLOBAL_UNIT_ASSIGNED_CONTEXT((#3632,#3633,#3634)) REPRESENTATION_CONTEXT
('Context #1','3D Context with UNIT and UNCERTAINTY') );
#3632 = ( LENGTH_UNIT() NAMED_UNIT(*) SI_UNIT(.MILLI.,.METRE.) );
#3633 = ( NAMED_UNIT(*) PLANE_ANGLE_UNIT() SI_UNIT($,.RADIAN.) );
#3634 = ( NAMED_UNIT(*) SI_UNIT($,.STERADIAN.) SOLID_ANGLE_UNIT() );
#3635 = UNCERTAINTY_MEASURE_WITH_UNIT(LENGTH_MEASURE(1.E-07),#3632,
  'distance_accuracy_value','confusion accuracy');
#3636 = CONTEXT_DEPENDENT_SHAPE_REPRESENTATION(#3637,#3639);
#3637 = ( REPRESENTATION_RELATIONSHIP('','',#2954,#10) 
REPRESENTATION_RELATIONSHIP_WITH_TRANSFORMATION(#3638) 
SHAPE_REPRESENTATION_RELATIONSHIP() );
#3638 = ITEM_DEFINED_TRANSFORMATION('','',#11,#19);
#3639 = PRODUCT_DEFINITION_SHAPE('Placement','Placement of an item',
  #3640);
#3640 = NEXT_ASSEMBLY_USAGE_OCCURRENCE('4','Body','',#5,#2949,$);
#3641 = PRODUCT_RELATED_PRODUCT_CATEGORY('part',$,(#2951));
#3642 = MECHANICAL_DESIGN_GEOMETRIC_PRESENTATION_REPRESENTATION('',(
    #3643),#3631);
#3643 = STYLED_ITEM('color',(#3644),#2955);
#3644 = PRESENTATION_STYLE_ASSIGNMENT((#3645,#3651));
#3645 = SURFACE_STYLE_USAGE(.BOTH.,#3646);
#3646 = SURFACE_SIDE_STYLE('',(#3647));
#3647 = SURFACE_STYLE_FILL_AREA(#3648);
#3648 = FILL_AREA_STYLE('',(#3649));
#3649 = FILL_AREA_STYLE_COLOUR('',#3650);
#3650 = COLOUR_RGB('',0.584313743644,0.670588257465,0.682352957393);
#3651 = CURVE_STYLE('',#3652,POSITIVE_LENGTH_MEASURE(0.1),#3653);
#3652 = DRAUGHTING_PRE_DEFINED_CURVE_FONT('continuous');
#3653 = COLOUR_RGB('',9.803921802644E-02,9.803921802644E-02,
  9.803921802644E-02);
#3654 = MECHANICAL_DESIGN_GEOMETRIC_PRESENTATION_REPRESENTATION('',(
    #3655),#2936);
#3655 = STYLED_ITEM('color',(#3656),#37);
#3656 = PRESENTATION_STYLE_ASSIGNMENT((#3657,#3665));
#3657 = SURFACE_STYLE_USAGE(.BOTH.,#3658);
#3658 = SURFACE_SIDE_STYLE('',(#3659,#3663));
#3659 = SURFACE_STYLE_FILL_AREA(#3660);
#3660 = FILL_AREA_STYLE('',(#3661));
#3661 = FILL_AREA_STYLE_COLOUR('',#3662);
#3662 = COLOUR_RGB('',0.447058818107,0.474509808674,0.501960817233);
#3663 = SURFACE_STYLE_RENDERING_WITH_PROPERTIES(.NORMAL_SHADING.,#3662,(
    #3664));
#3664 = SURFACE_STYLE_TRANSPARENT(0.699999988079);
#3665 = CURVE_STYLE('',#3666,POSITIVE_LENGTH_MEASURE(0.1),#3653);
#3666 = DRAUGHTING_PRE_DEFINED_CURVE_FONT('continuous');
ENDSEC;
END-ISO-10303-21;
